block	source_commit	family	width	batch	route	iteration	position	timed_order	elapsed_ns	source_stream_sha256
Q-1	ca10a5e7ec84e13fbcc4a23bd0de8b0232c53fe1	sparse	4	1	scalar	0	0	0	4750	7735dac33e83dbe01d558a41b956c770f210a4a20a1829f66bfdb0cc7e484daf
Q-1	ca10a5e7ec84e13fbcc4a23bd0de8b0232c53fe1	sparse	4	1	rayon	0	1	1	15167	7735dac33e83dbe01d558a41b956c770f210a4a20a1829f66bfdb0cc7e484daf
Q-1	ca10a5e7ec84e13fbcc4a23bd0de8b0232c53fe1	sparse	4	1	portable-union	0	2	2	27791	7735dac33e83dbe01d558a41b956c770f210a4a20a1829f66bfdb0cc7e484daf
Q-1	ca10a5e7ec84e13fbcc4a23bd0de8b0232c53fe1	sparse	4	1	portable-worlds	0	3	3	23083	7735dac33e83dbe01d558a41b956c770f210a4a20a1829f66bfdb0cc7e484daf
Q-1	ca10a5e7ec84e13fbcc4a23bd0de8b0232c53fe1	sparse	4	1	metal-union	0	4	4	642458	7735dac33e83dbe01d558a41b956c770f210a4a20a1829f66bfdb0cc7e484daf
Q-1	ca10a5e7ec84e13fbcc4a23bd0de8b0232c53fe1	sparse	4	1	metal-worlds	0	5	5	602208	7735dac33e83dbe01d558a41b956c770f210a4a20a1829f66bfdb0cc7e484daf
Q-1	ca10a5e7ec84e13fbcc4a23bd0de8b0232c53fe1	sparse	4	1	rayon	1	0	6	13167	7735dac33e83dbe01d558a41b956c770f210a4a20a1829f66bfdb0cc7e484daf
Q-1	ca10a5e7ec84e13fbcc4a23bd0de8b0232c53fe1	sparse	4	1	portable-union	1	1	7	23625	7735dac33e83dbe01d558a41b956c770f210a4a20a1829f66bfdb0cc7e484daf
Q-1	ca10a5e7ec84e13fbcc4a23bd0de8b0232c53fe1	sparse	4	1	portable-worlds	1	2	8	20791	7735dac33e83dbe01d558a41b956c770f210a4a20a1829f66bfdb0cc7e484daf
Q-1	ca10a5e7ec84e13fbcc4a23bd0de8b0232c53fe1	sparse	4	1	metal-union	1	3	9	664334	7735dac33e83dbe01d558a41b956c770f210a4a20a1829f66bfdb0cc7e484daf
Q-1	ca10a5e7ec84e13fbcc4a23bd0de8b0232c53fe1	sparse	4	1	metal-worlds	1	4	10	602667	7735dac33e83dbe01d558a41b956c770f210a4a20a1829f66bfdb0cc7e484daf
Q-1	ca10a5e7ec84e13fbcc4a23bd0de8b0232c53fe1	sparse	4	1	scalar	1	5	11	5291	7735dac33e83dbe01d558a41b956c770f210a4a20a1829f66bfdb0cc7e484daf
Q-1	ca10a5e7ec84e13fbcc4a23bd0de8b0232c53fe1	sparse	4	1	portable-union	2	0	12	20250	7735dac33e83dbe01d558a41b956c770f210a4a20a1829f66bfdb0cc7e484daf
Q-1	ca10a5e7ec84e13fbcc4a23bd0de8b0232c53fe1	sparse	4	1	portable-worlds	2	1	13	19458	7735dac33e83dbe01d558a41b956c770f210a4a20a1829f66bfdb0cc7e484daf
Q-1	ca10a5e7ec84e13fbcc4a23bd0de8b0232c53fe1	sparse	4	1	metal-union	2	2	14	607625	7735dac33e83dbe01d558a41b956c770f210a4a20a1829f66bfdb0cc7e484daf
Q-1	ca10a5e7ec84e13fbcc4a23bd0de8b0232c53fe1	sparse	4	1	metal-worlds	2	3	15	602916	7735dac33e83dbe01d558a41b956c770f210a4a20a1829f66bfdb0cc7e484daf
Q-1	ca10a5e7ec84e13fbcc4a23bd0de8b0232c53fe1	sparse	4	1	scalar	2	4	16	5208	7735dac33e83dbe01d558a41b956c770f210a4a20a1829f66bfdb0cc7e484daf
Q-1	ca10a5e7ec84e13fbcc4a23bd0de8b0232c53fe1	sparse	4	1	rayon	2	5	17	16667	7735dac33e83dbe01d558a41b956c770f210a4a20a1829f66bfdb0cc7e484daf
Q-1	ca10a5e7ec84e13fbcc4a23bd0de8b0232c53fe1	sparse	4	1	portable-worlds	3	0	18	20583	7735dac33e83dbe01d558a41b956c770f210a4a20a1829f66bfdb0cc7e484daf
Q-1	ca10a5e7ec84e13fbcc4a23bd0de8b0232c53fe1	sparse	4	1	metal-union	3	1	19	607042	7735dac33e83dbe01d558a41b956c770f210a4a20a1829f66bfdb0cc7e484daf
Q-1	ca10a5e7ec84e13fbcc4a23bd0de8b0232c53fe1	sparse	4	1	metal-worlds	3	2	20	1074500	7735dac33e83dbe01d558a41b956c770f210a4a20a1829f66bfdb0cc7e484daf
Q-1	ca10a5e7ec84e13fbcc4a23bd0de8b0232c53fe1	sparse	4	1	scalar	3	3	21	4750	7735dac33e83dbe01d558a41b956c770f210a4a20a1829f66bfdb0cc7e484daf
Q-1	ca10a5e7ec84e13fbcc4a23bd0de8b0232c53fe1	sparse	4	1	rayon	3	4	22	12667	7735dac33e83dbe01d558a41b956c770f210a4a20a1829f66bfdb0cc7e484daf
Q-1	ca10a5e7ec84e13fbcc4a23bd0de8b0232c53fe1	sparse	4	1	portable-union	3	5	23	27750	7735dac33e83dbe01d558a41b956c770f210a4a20a1829f66bfdb0cc7e484daf
Q-1	ca10a5e7ec84e13fbcc4a23bd0de8b0232c53fe1	sparse	4	1	metal-union	4	0	24	627750	7735dac33e83dbe01d558a41b956c770f210a4a20a1829f66bfdb0cc7e484daf
Q-1	ca10a5e7ec84e13fbcc4a23bd0de8b0232c53fe1	sparse	4	1	metal-worlds	4	1	25	627417	7735dac33e83dbe01d558a41b956c770f210a4a20a1829f66bfdb0cc7e484daf
Q-1	ca10a5e7ec84e13fbcc4a23bd0de8b0232c53fe1	sparse	4	1	scalar	4	2	26	5834	7735dac33e83dbe01d558a41b956c770f210a4a20a1829f66bfdb0cc7e484daf
Q-1	ca10a5e7ec84e13fbcc4a23bd0de8b0232c53fe1	sparse	4	1	rayon	4	3	27	12959	7735dac33e83dbe01d558a41b956c770f210a4a20a1829f66bfdb0cc7e484daf
Q-1	ca10a5e7ec84e13fbcc4a23bd0de8b0232c53fe1	sparse	4	1	portable-union	4	4	28	25583	7735dac33e83dbe01d558a41b956c770f210a4a20a1829f66bfdb0cc7e484daf
Q-1	ca10a5e7ec84e13fbcc4a23bd0de8b0232c53fe1	sparse	4	1	portable-worlds	4	5	29	23208	7735dac33e83dbe01d558a41b956c770f210a4a20a1829f66bfdb0cc7e484daf
Q-1	ca10a5e7ec84e13fbcc4a23bd0de8b0232c53fe1	sparse	4	1	metal-worlds	5	0	30	620916	7735dac33e83dbe01d558a41b956c770f210a4a20a1829f66bfdb0cc7e484daf
Q-1	ca10a5e7ec84e13fbcc4a23bd0de8b0232c53fe1	sparse	4	1	scalar	5	1	31	4708	7735dac33e83dbe01d558a41b956c770f210a4a20a1829f66bfdb0cc7e484daf
Q-1	ca10a5e7ec84e13fbcc4a23bd0de8b0232c53fe1	sparse	4	1	rayon	5	2	32	13875	7735dac33e83dbe01d558a41b956c770f210a4a20a1829f66bfdb0cc7e484daf
Q-1	ca10a5e7ec84e13fbcc4a23bd0de8b0232c53fe1	sparse	4	1	portable-union	5	3	33	27459	7735dac33e83dbe01d558a41b956c770f210a4a20a1829f66bfdb0cc7e484daf
Q-1	ca10a5e7ec84e13fbcc4a23bd0de8b0232c53fe1	sparse	4	1	portable-worlds	5	4	34	19625	7735dac33e83dbe01d558a41b956c770f210a4a20a1829f66bfdb0cc7e484daf
Q-1	ca10a5e7ec84e13fbcc4a23bd0de8b0232c53fe1	sparse	4	1	metal-union	5	5	35	620250	7735dac33e83dbe01d558a41b956c770f210a4a20a1829f66bfdb0cc7e484daf
Q-1	ca10a5e7ec84e13fbcc4a23bd0de8b0232c53fe1	sparse	4	1	scalar	6	0	36	5250	7735dac33e83dbe01d558a41b956c770f210a4a20a1829f66bfdb0cc7e484daf
Q-1	ca10a5e7ec84e13fbcc4a23bd0de8b0232c53fe1	sparse	4	1	rayon	6	1	37	14541	7735dac33e83dbe01d558a41b956c770f210a4a20a1829f66bfdb0cc7e484daf
Q-1	ca10a5e7ec84e13fbcc4a23bd0de8b0232c53fe1	sparse	4	1	portable-union	6	2	38	26417	7735dac33e83dbe01d558a41b956c770f210a4a20a1829f66bfdb0cc7e484daf
Q-1	ca10a5e7ec84e13fbcc4a23bd0de8b0232c53fe1	sparse	4	1	portable-worlds	6	3	39	22917	7735dac33e83dbe01d558a41b956c770f210a4a20a1829f66bfdb0cc7e484daf
Q-1	ca10a5e7ec84e13fbcc4a23bd0de8b0232c53fe1	sparse	4	1	metal-union	6	4	40	624708	7735dac33e83dbe01d558a41b956c770f210a4a20a1829f66bfdb0cc7e484daf
Q-1	ca10a5e7ec84e13fbcc4a23bd0de8b0232c53fe1	sparse	4	1	metal-worlds	6	5	41	638584	7735dac33e83dbe01d558a41b956c770f210a4a20a1829f66bfdb0cc7e484daf
Q-1	ca10a5e7ec84e13fbcc4a23bd0de8b0232c53fe1	sparse	4	1	rayon	7	0	42	14834	7735dac33e83dbe01d558a41b956c770f210a4a20a1829f66bfdb0cc7e484daf
Q-1	ca10a5e7ec84e13fbcc4a23bd0de8b0232c53fe1	sparse	4	1	portable-union	7	1	43	35917	7735dac33e83dbe01d558a41b956c770f210a4a20a1829f66bfdb0cc7e484daf
Q-1	ca10a5e7ec84e13fbcc4a23bd0de8b0232c53fe1	sparse	4	1	portable-worlds	7	2	44	21708	7735dac33e83dbe01d558a41b956c770f210a4a20a1829f66bfdb0cc7e484daf
Q-1	ca10a5e7ec84e13fbcc4a23bd0de8b0232c53fe1	sparse	4	1	metal-union	7	3	45	667750	7735dac33e83dbe01d558a41b956c770f210a4a20a1829f66bfdb0cc7e484daf
Q-1	ca10a5e7ec84e13fbcc4a23bd0de8b0232c53fe1	sparse	4	1	metal-worlds	7	4	46	646792	7735dac33e83dbe01d558a41b956c770f210a4a20a1829f66bfdb0cc7e484daf
Q-1	ca10a5e7ec84e13fbcc4a23bd0de8b0232c53fe1	sparse	4	1	scalar	7	5	47	5083	7735dac33e83dbe01d558a41b956c770f210a4a20a1829f66bfdb0cc7e484daf
Q-1	ca10a5e7ec84e13fbcc4a23bd0de8b0232c53fe1	sparse	4	1	portable-union	8	0	48	17417	7735dac33e83dbe01d558a41b956c770f210a4a20a1829f66bfdb0cc7e484daf
Q-1	ca10a5e7ec84e13fbcc4a23bd0de8b0232c53fe1	sparse	4	1	portable-worlds	8	1	49	17083	7735dac33e83dbe01d558a41b956c770f210a4a20a1829f66bfdb0cc7e484daf
Q-1	ca10a5e7ec84e13fbcc4a23bd0de8b0232c53fe1	sparse	4	1	metal-union	8	2	50	640209	7735dac33e83dbe01d558a41b956c770f210a4a20a1829f66bfdb0cc7e484daf
Q-1	ca10a5e7ec84e13fbcc4a23bd0de8b0232c53fe1	sparse	4	1	metal-worlds	8	3	51	620042	7735dac33e83dbe01d558a41b956c770f210a4a20a1829f66bfdb0cc7e484daf
Q-1	ca10a5e7ec84e13fbcc4a23bd0de8b0232c53fe1	sparse	4	1	scalar	8	4	52	5542	7735dac33e83dbe01d558a41b956c770f210a4a20a1829f66bfdb0cc7e484daf
Q-1	ca10a5e7ec84e13fbcc4a23bd0de8b0232c53fe1	sparse	4	1	rayon	8	5	53	12541	7735dac33e83dbe01d558a41b956c770f210a4a20a1829f66bfdb0cc7e484daf
Q-1	ca10a5e7ec84e13fbcc4a23bd0de8b0232c53fe1	sparse	4	1	portable-worlds	9	0	54	26666	7735dac33e83dbe01d558a41b956c770f210a4a20a1829f66bfdb0cc7e484daf
Q-1	ca10a5e7ec84e13fbcc4a23bd0de8b0232c53fe1	sparse	4	1	metal-union	9	1	55	623125	7735dac33e83dbe01d558a41b956c770f210a4a20a1829f66bfdb0cc7e484daf
Q-1	ca10a5e7ec84e13fbcc4a23bd0de8b0232c53fe1	sparse	4	1	metal-worlds	9	2	56	723625	7735dac33e83dbe01d558a41b956c770f210a4a20a1829f66bfdb0cc7e484daf
Q-1	ca10a5e7ec84e13fbcc4a23bd0de8b0232c53fe1	sparse	4	1	scalar	9	3	57	6292	7735dac33e83dbe01d558a41b956c770f210a4a20a1829f66bfdb0cc7e484daf
Q-1	ca10a5e7ec84e13fbcc4a23bd0de8b0232c53fe1	sparse	4	1	rayon	9	4	58	15542	7735dac33e83dbe01d558a41b956c770f210a4a20a1829f66bfdb0cc7e484daf
Q-1	ca10a5e7ec84e13fbcc4a23bd0de8b0232c53fe1	sparse	4	1	portable-union	9	5	59	29834	7735dac33e83dbe01d558a41b956c770f210a4a20a1829f66bfdb0cc7e484daf
Q-1	ca10a5e7ec84e13fbcc4a23bd0de8b0232c53fe1	sparse	4	1	metal-union	10	0	60	651584	7735dac33e83dbe01d558a41b956c770f210a4a20a1829f66bfdb0cc7e484daf
Q-1	ca10a5e7ec84e13fbcc4a23bd0de8b0232c53fe1	sparse	4	1	metal-worlds	10	1	61	628375	7735dac33e83dbe01d558a41b956c770f210a4a20a1829f66bfdb0cc7e484daf
Q-1	ca10a5e7ec84e13fbcc4a23bd0de8b0232c53fe1	sparse	4	1	scalar	10	2	62	5417	7735dac33e83dbe01d558a41b956c770f210a4a20a1829f66bfdb0cc7e484daf
Q-1	ca10a5e7ec84e13fbcc4a23bd0de8b0232c53fe1	sparse	4	1	rayon	10	3	63	12292	7735dac33e83dbe01d558a41b956c770f210a4a20a1829f66bfdb0cc7e484daf
Q-1	ca10a5e7ec84e13fbcc4a23bd0de8b0232c53fe1	sparse	4	1	portable-union	10	4	64	26625	7735dac33e83dbe01d558a41b956c770f210a4a20a1829f66bfdb0cc7e484daf
Q-1	ca10a5e7ec84e13fbcc4a23bd0de8b0232c53fe1	sparse	4	1	portable-worlds	10	5	65	23500	7735dac33e83dbe01d558a41b956c770f210a4a20a1829f66bfdb0cc7e484daf
Q-1	ca10a5e7ec84e13fbcc4a23bd0de8b0232c53fe1	sparse	4	1	metal-worlds	11	0	66	616875	7735dac33e83dbe01d558a41b956c770f210a4a20a1829f66bfdb0cc7e484daf
Q-1	ca10a5e7ec84e13fbcc4a23bd0de8b0232c53fe1	sparse	4	1	scalar	11	1	67	5333	7735dac33e83dbe01d558a41b956c770f210a4a20a1829f66bfdb0cc7e484daf
Q-1	ca10a5e7ec84e13fbcc4a23bd0de8b0232c53fe1	sparse	4	1	rayon	11	2	68	11833	7735dac33e83dbe01d558a41b956c770f210a4a20a1829f66bfdb0cc7e484daf
Q-1	ca10a5e7ec84e13fbcc4a23bd0de8b0232c53fe1	sparse	4	1	portable-union	11	3	69	25834	7735dac33e83dbe01d558a41b956c770f210a4a20a1829f66bfdb0cc7e484daf
Q-1	ca10a5e7ec84e13fbcc4a23bd0de8b0232c53fe1	sparse	4	1	portable-worlds	11	4	70	23709	7735dac33e83dbe01d558a41b956c770f210a4a20a1829f66bfdb0cc7e484daf
Q-1	ca10a5e7ec84e13fbcc4a23bd0de8b0232c53fe1	sparse	4	1	metal-union	11	5	71	611959	7735dac33e83dbe01d558a41b956c770f210a4a20a1829f66bfdb0cc7e484daf
Q-1	ca10a5e7ec84e13fbcc4a23bd0de8b0232c53fe1	sparse	4	32	scalar	0	0	72	114375	7735dac33e83dbe01d558a41b956c770f210a4a20a1829f66bfdb0cc7e484daf
Q-1	ca10a5e7ec84e13fbcc4a23bd0de8b0232c53fe1	sparse	4	32	rayon	0	1	73	116667	7735dac33e83dbe01d558a41b956c770f210a4a20a1829f66bfdb0cc7e484daf
Q-1	ca10a5e7ec84e13fbcc4a23bd0de8b0232c53fe1	sparse	4	32	portable-union	0	2	74	120833	7735dac33e83dbe01d558a41b956c770f210a4a20a1829f66bfdb0cc7e484daf
Q-1	ca10a5e7ec84e13fbcc4a23bd0de8b0232c53fe1	sparse	4	32	portable-worlds	0	3	75	34417	7735dac33e83dbe01d558a41b956c770f210a4a20a1829f66bfdb0cc7e484daf
Q-1	ca10a5e7ec84e13fbcc4a23bd0de8b0232c53fe1	sparse	4	32	metal-union	0	4	76	728166	7735dac33e83dbe01d558a41b956c770f210a4a20a1829f66bfdb0cc7e484daf
Q-1	ca10a5e7ec84e13fbcc4a23bd0de8b0232c53fe1	sparse	4	32	metal-worlds	0	5	77	641708	7735dac33e83dbe01d558a41b956c770f210a4a20a1829f66bfdb0cc7e484daf
Q-1	ca10a5e7ec84e13fbcc4a23bd0de8b0232c53fe1	sparse	4	32	rayon	1	0	78	83667	7735dac33e83dbe01d558a41b956c770f210a4a20a1829f66bfdb0cc7e484daf
Q-1	ca10a5e7ec84e13fbcc4a23bd0de8b0232c53fe1	sparse	4	32	portable-union	1	1	79	119958	7735dac33e83dbe01d558a41b956c770f210a4a20a1829f66bfdb0cc7e484daf
Q-1	ca10a5e7ec84e13fbcc4a23bd0de8b0232c53fe1	sparse	4	32	portable-worlds	1	2	80	32750	7735dac33e83dbe01d558a41b956c770f210a4a20a1829f66bfdb0cc7e484daf
Q-1	ca10a5e7ec84e13fbcc4a23bd0de8b0232c53fe1	sparse	4	32	metal-union	1	3	81	712625	7735dac33e83dbe01d558a41b956c770f210a4a20a1829f66bfdb0cc7e484daf
Q-1	ca10a5e7ec84e13fbcc4a23bd0de8b0232c53fe1	sparse	4	32	metal-worlds	1	4	82	658000	7735dac33e83dbe01d558a41b956c770f210a4a20a1829f66bfdb0cc7e484daf
Q-1	ca10a5e7ec84e13fbcc4a23bd0de8b0232c53fe1	sparse	4	32	scalar	1	5	83	117875	7735dac33e83dbe01d558a41b956c770f210a4a20a1829f66bfdb0cc7e484daf
Q-1	ca10a5e7ec84e13fbcc4a23bd0de8b0232c53fe1	sparse	4	32	portable-union	2	0	84	115875	7735dac33e83dbe01d558a41b956c770f210a4a20a1829f66bfdb0cc7e484daf
Q-1	ca10a5e7ec84e13fbcc4a23bd0de8b0232c53fe1	sparse	4	32	portable-worlds	2	1	85	32208	7735dac33e83dbe01d558a41b956c770f210a4a20a1829f66bfdb0cc7e484daf
Q-1	ca10a5e7ec84e13fbcc4a23bd0de8b0232c53fe1	sparse	4	32	metal-union	2	2	86	727458	7735dac33e83dbe01d558a41b956c770f210a4a20a1829f66bfdb0cc7e484daf
Q-1	ca10a5e7ec84e13fbcc4a23bd0de8b0232c53fe1	sparse	4	32	metal-worlds	2	3	87	634917	7735dac33e83dbe01d558a41b956c770f210a4a20a1829f66bfdb0cc7e484daf
Q-1	ca10a5e7ec84e13fbcc4a23bd0de8b0232c53fe1	sparse	4	32	scalar	2	4	88	122042	7735dac33e83dbe01d558a41b956c770f210a4a20a1829f66bfdb0cc7e484daf
Q-1	ca10a5e7ec84e13fbcc4a23bd0de8b0232c53fe1	sparse	4	32	rayon	2	5	89	75250	7735dac33e83dbe01d558a41b956c770f210a4a20a1829f66bfdb0cc7e484daf
Q-1	ca10a5e7ec84e13fbcc4a23bd0de8b0232c53fe1	sparse	4	32	portable-worlds	3	0	90	46000	7735dac33e83dbe01d558a41b956c770f210a4a20a1829f66bfdb0cc7e484daf
Q-1	ca10a5e7ec84e13fbcc4a23bd0de8b0232c53fe1	sparse	4	32	metal-union	3	1	91	731792	7735dac33e83dbe01d558a41b956c770f210a4a20a1829f66bfdb0cc7e484daf
Q-1	ca10a5e7ec84e13fbcc4a23bd0de8b0232c53fe1	sparse	4	32	metal-worlds	3	2	92	629292	7735dac33e83dbe01d558a41b956c770f210a4a20a1829f66bfdb0cc7e484daf
Q-1	ca10a5e7ec84e13fbcc4a23bd0de8b0232c53fe1	sparse	4	32	scalar	3	3	93	111625	7735dac33e83dbe01d558a41b956c770f210a4a20a1829f66bfdb0cc7e484daf
Q-1	ca10a5e7ec84e13fbcc4a23bd0de8b0232c53fe1	sparse	4	32	rayon	3	4	94	68833	7735dac33e83dbe01d558a41b956c770f210a4a20a1829f66bfdb0cc7e484daf
Q-1	ca10a5e7ec84e13fbcc4a23bd0de8b0232c53fe1	sparse	4	32	portable-union	3	5	95	115958	7735dac33e83dbe01d558a41b956c770f210a4a20a1829f66bfdb0cc7e484daf
Q-1	ca10a5e7ec84e13fbcc4a23bd0de8b0232c53fe1	sparse	4	32	metal-union	4	0	96	730875	7735dac33e83dbe01d558a41b956c770f210a4a20a1829f66bfdb0cc7e484daf
Q-1	ca10a5e7ec84e13fbcc4a23bd0de8b0232c53fe1	sparse	4	32	metal-worlds	4	1	97	637333	7735dac33e83dbe01d558a41b956c770f210a4a20a1829f66bfdb0cc7e484daf
Q-1	ca10a5e7ec84e13fbcc4a23bd0de8b0232c53fe1	sparse	4	32	scalar	4	2	98	111708	7735dac33e83dbe01d558a41b956c770f210a4a20a1829f66bfdb0cc7e484daf
Q-1	ca10a5e7ec84e13fbcc4a23bd0de8b0232c53fe1	sparse	4	32	rayon	4	3	99	76208	7735dac33e83dbe01d558a41b956c770f210a4a20a1829f66bfdb0cc7e484daf
Q-1	ca10a5e7ec84e13fbcc4a23bd0de8b0232c53fe1	sparse	4	32	portable-union	4	4	100	113208	7735dac33e83dbe01d558a41b956c770f210a4a20a1829f66bfdb0cc7e484daf
Q-1	ca10a5e7ec84e13fbcc4a23bd0de8b0232c53fe1	sparse	4	32	portable-worlds	4	5	101	32917	7735dac33e83dbe01d558a41b956c770f210a4a20a1829f66bfdb0cc7e484daf
Q-1	ca10a5e7ec84e13fbcc4a23bd0de8b0232c53fe1	sparse	4	32	metal-worlds	5	0	102	629333	7735dac33e83dbe01d558a41b956c770f210a4a20a1829f66bfdb0cc7e484daf
Q-1	ca10a5e7ec84e13fbcc4a23bd0de8b0232c53fe1	sparse	4	32	scalar	5	1	103	111250	7735dac33e83dbe01d558a41b956c770f210a4a20a1829f66bfdb0cc7e484daf
Q-1	ca10a5e7ec84e13fbcc4a23bd0de8b0232c53fe1	sparse	4	32	rayon	5	2	104	77125	7735dac33e83dbe01d558a41b956c770f210a4a20a1829f66bfdb0cc7e484daf
Q-1	ca10a5e7ec84e13fbcc4a23bd0de8b0232c53fe1	sparse	4	32	portable-union	5	3	105	120458	7735dac33e83dbe01d558a41b956c770f210a4a20a1829f66bfdb0cc7e484daf
Q-1	ca10a5e7ec84e13fbcc4a23bd0de8b0232c53fe1	sparse	4	32	portable-worlds	5	4	106	40875	7735dac33e83dbe01d558a41b956c770f210a4a20a1829f66bfdb0cc7e484daf
Q-1	ca10a5e7ec84e13fbcc4a23bd0de8b0232c53fe1	sparse	4	32	metal-union	5	5	107	725500	7735dac33e83dbe01d558a41b956c770f210a4a20a1829f66bfdb0cc7e484daf
Q-1	ca10a5e7ec84e13fbcc4a23bd0de8b0232c53fe1	sparse	4	32	scalar	6	0	108	116375	7735dac33e83dbe01d558a41b956c770f210a4a20a1829f66bfdb0cc7e484daf
Q-1	ca10a5e7ec84e13fbcc4a23bd0de8b0232c53fe1	sparse	4	32	rayon	6	1	109	72417	7735dac33e83dbe01d558a41b956c770f210a4a20a1829f66bfdb0cc7e484daf
Q-1	ca10a5e7ec84e13fbcc4a23bd0de8b0232c53fe1	sparse	4	32	portable-union	6	2	110	111500	7735dac33e83dbe01d558a41b956c770f210a4a20a1829f66bfdb0cc7e484daf
Q-1	ca10a5e7ec84e13fbcc4a23bd0de8b0232c53fe1	sparse	4	32	portable-worlds	6	3	111	32125	7735dac33e83dbe01d558a41b956c770f210a4a20a1829f66bfdb0cc7e484daf
Q-1	ca10a5e7ec84e13fbcc4a23bd0de8b0232c53fe1	sparse	4	32	metal-union	6	4	112	759667	7735dac33e83dbe01d558a41b956c770f210a4a20a1829f66bfdb0cc7e484daf
Q-1	ca10a5e7ec84e13fbcc4a23bd0de8b0232c53fe1	sparse	4	32	metal-worlds	6	5	113	628167	7735dac33e83dbe01d558a41b956c770f210a4a20a1829f66bfdb0cc7e484daf
Q-1	ca10a5e7ec84e13fbcc4a23bd0de8b0232c53fe1	sparse	4	32	rayon	7	0	114	71459	7735dac33e83dbe01d558a41b956c770f210a4a20a1829f66bfdb0cc7e484daf
Q-1	ca10a5e7ec84e13fbcc4a23bd0de8b0232c53fe1	sparse	4	32	portable-union	7	1	115	120250	7735dac33e83dbe01d558a41b956c770f210a4a20a1829f66bfdb0cc7e484daf
Q-1	ca10a5e7ec84e13fbcc4a23bd0de8b0232c53fe1	sparse	4	32	portable-worlds	7	2	116	31959	7735dac33e83dbe01d558a41b956c770f210a4a20a1829f66bfdb0cc7e484daf
Q-1	ca10a5e7ec84e13fbcc4a23bd0de8b0232c53fe1	sparse	4	32	metal-union	7	3	117	728792	7735dac33e83dbe01d558a41b956c770f210a4a20a1829f66bfdb0cc7e484daf
Q-1	ca10a5e7ec84e13fbcc4a23bd0de8b0232c53fe1	sparse	4	32	metal-worlds	7	4	118	643208	7735dac33e83dbe01d558a41b956c770f210a4a20a1829f66bfdb0cc7e484daf
Q-1	ca10a5e7ec84e13fbcc4a23bd0de8b0232c53fe1	sparse	4	32	scalar	7	5	119	111250	7735dac33e83dbe01d558a41b956c770f210a4a20a1829f66bfdb0cc7e484daf
Q-1	ca10a5e7ec84e13fbcc4a23bd0de8b0232c53fe1	sparse	4	32	portable-union	8	0	120	106625	7735dac33e83dbe01d558a41b956c770f210a4a20a1829f66bfdb0cc7e484daf
Q-1	ca10a5e7ec84e13fbcc4a23bd0de8b0232c53fe1	sparse	4	32	portable-worlds	8	1	121	31458	7735dac33e83dbe01d558a41b956c770f210a4a20a1829f66bfdb0cc7e484daf
Q-1	ca10a5e7ec84e13fbcc4a23bd0de8b0232c53fe1	sparse	4	32	metal-union	8	2	122	721916	7735dac33e83dbe01d558a41b956c770f210a4a20a1829f66bfdb0cc7e484daf
Q-1	ca10a5e7ec84e13fbcc4a23bd0de8b0232c53fe1	sparse	4	32	metal-worlds	8	3	123	651584	7735dac33e83dbe01d558a41b956c770f210a4a20a1829f66bfdb0cc7e484daf
Q-1	ca10a5e7ec84e13fbcc4a23bd0de8b0232c53fe1	sparse	4	32	scalar	8	4	124	121667	7735dac33e83dbe01d558a41b956c770f210a4a20a1829f66bfdb0cc7e484daf
Q-1	ca10a5e7ec84e13fbcc4a23bd0de8b0232c53fe1	sparse	4	32	rayon	8	5	125	91000	7735dac33e83dbe01d558a41b956c770f210a4a20a1829f66bfdb0cc7e484daf
Q-1	ca10a5e7ec84e13fbcc4a23bd0de8b0232c53fe1	sparse	4	32	portable-worlds	9	0	126	35709	7735dac33e83dbe01d558a41b956c770f210a4a20a1829f66bfdb0cc7e484daf
Q-1	ca10a5e7ec84e13fbcc4a23bd0de8b0232c53fe1	sparse	4	32	metal-union	9	1	127	715166	7735dac33e83dbe01d558a41b956c770f210a4a20a1829f66bfdb0cc7e484daf
Q-1	ca10a5e7ec84e13fbcc4a23bd0de8b0232c53fe1	sparse	4	32	metal-worlds	9	2	128	622834	7735dac33e83dbe01d558a41b956c770f210a4a20a1829f66bfdb0cc7e484daf
Q-1	ca10a5e7ec84e13fbcc4a23bd0de8b0232c53fe1	sparse	4	32	scalar	9	3	129	111584	7735dac33e83dbe01d558a41b956c770f210a4a20a1829f66bfdb0cc7e484daf
Q-1	ca10a5e7ec84e13fbcc4a23bd0de8b0232c53fe1	sparse	4	32	rayon	9	4	130	74083	7735dac33e83dbe01d558a41b956c770f210a4a20a1829f66bfdb0cc7e484daf
Q-1	ca10a5e7ec84e13fbcc4a23bd0de8b0232c53fe1	sparse	4	32	portable-union	9	5	131	120250	7735dac33e83dbe01d558a41b956c770f210a4a20a1829f66bfdb0cc7e484daf
Q-1	ca10a5e7ec84e13fbcc4a23bd0de8b0232c53fe1	sparse	4	32	metal-union	10	0	132	742667	7735dac33e83dbe01d558a41b956c770f210a4a20a1829f66bfdb0cc7e484daf
Q-1	ca10a5e7ec84e13fbcc4a23bd0de8b0232c53fe1	sparse	4	32	metal-worlds	10	1	133	636291	7735dac33e83dbe01d558a41b956c770f210a4a20a1829f66bfdb0cc7e484daf
Q-1	ca10a5e7ec84e13fbcc4a23bd0de8b0232c53fe1	sparse	4	32	scalar	10	2	134	116959	7735dac33e83dbe01d558a41b956c770f210a4a20a1829f66bfdb0cc7e484daf
Q-1	ca10a5e7ec84e13fbcc4a23bd0de8b0232c53fe1	sparse	4	32	rayon	10	3	135	65208	7735dac33e83dbe01d558a41b956c770f210a4a20a1829f66bfdb0cc7e484daf
Q-1	ca10a5e7ec84e13fbcc4a23bd0de8b0232c53fe1	sparse	4	32	portable-union	10	4	136	116125	7735dac33e83dbe01d558a41b956c770f210a4a20a1829f66bfdb0cc7e484daf
Q-1	ca10a5e7ec84e13fbcc4a23bd0de8b0232c53fe1	sparse	4	32	portable-worlds	10	5	137	38083	7735dac33e83dbe01d558a41b956c770f210a4a20a1829f66bfdb0cc7e484daf
Q-1	ca10a5e7ec84e13fbcc4a23bd0de8b0232c53fe1	sparse	4	32	metal-worlds	11	0	138	637208	7735dac33e83dbe01d558a41b956c770f210a4a20a1829f66bfdb0cc7e484daf
Q-1	ca10a5e7ec84e13fbcc4a23bd0de8b0232c53fe1	sparse	4	32	scalar	11	1	139	105041	7735dac33e83dbe01d558a41b956c770f210a4a20a1829f66bfdb0cc7e484daf
Q-1	ca10a5e7ec84e13fbcc4a23bd0de8b0232c53fe1	sparse	4	32	rayon	11	2	140	63875	7735dac33e83dbe01d558a41b956c770f210a4a20a1829f66bfdb0cc7e484daf
Q-1	ca10a5e7ec84e13fbcc4a23bd0de8b0232c53fe1	sparse	4	32	portable-union	11	3	141	124292	7735dac33e83dbe01d558a41b956c770f210a4a20a1829f66bfdb0cc7e484daf
Q-1	ca10a5e7ec84e13fbcc4a23bd0de8b0232c53fe1	sparse	4	32	portable-worlds	11	4	142	32709	7735dac33e83dbe01d558a41b956c770f210a4a20a1829f66bfdb0cc7e484daf
Q-1	ca10a5e7ec84e13fbcc4a23bd0de8b0232c53fe1	sparse	4	32	metal-union	11	5	143	717959	7735dac33e83dbe01d558a41b956c770f210a4a20a1829f66bfdb0cc7e484daf
Q-1	ca10a5e7ec84e13fbcc4a23bd0de8b0232c53fe1	sparse	8	1	scalar	0	0	144	4208	7735dac33e83dbe01d558a41b956c770f210a4a20a1829f66bfdb0cc7e484daf
Q-1	ca10a5e7ec84e13fbcc4a23bd0de8b0232c53fe1	sparse	8	1	rayon	0	1	145	12500	7735dac33e83dbe01d558a41b956c770f210a4a20a1829f66bfdb0cc7e484daf
Q-1	ca10a5e7ec84e13fbcc4a23bd0de8b0232c53fe1	sparse	8	1	portable-union	0	2	146	45250	7735dac33e83dbe01d558a41b956c770f210a4a20a1829f66bfdb0cc7e484daf
Q-1	ca10a5e7ec84e13fbcc4a23bd0de8b0232c53fe1	sparse	8	1	portable-worlds	0	3	147	30583	7735dac33e83dbe01d558a41b956c770f210a4a20a1829f66bfdb0cc7e484daf
Q-1	ca10a5e7ec84e13fbcc4a23bd0de8b0232c53fe1	sparse	8	1	metal-union	0	4	148	641667	7735dac33e83dbe01d558a41b956c770f210a4a20a1829f66bfdb0cc7e484daf
Q-1	ca10a5e7ec84e13fbcc4a23bd0de8b0232c53fe1	sparse	8	1	metal-worlds	0	5	149	649708	7735dac33e83dbe01d558a41b956c770f210a4a20a1829f66bfdb0cc7e484daf
Q-1	ca10a5e7ec84e13fbcc4a23bd0de8b0232c53fe1	sparse	8	1	rayon	1	0	150	13417	7735dac33e83dbe01d558a41b956c770f210a4a20a1829f66bfdb0cc7e484daf
Q-1	ca10a5e7ec84e13fbcc4a23bd0de8b0232c53fe1	sparse	8	1	portable-union	1	1	151	45500	7735dac33e83dbe01d558a41b956c770f210a4a20a1829f66bfdb0cc7e484daf
Q-1	ca10a5e7ec84e13fbcc4a23bd0de8b0232c53fe1	sparse	8	1	portable-worlds	1	2	152	37042	7735dac33e83dbe01d558a41b956c770f210a4a20a1829f66bfdb0cc7e484daf
Q-1	ca10a5e7ec84e13fbcc4a23bd0de8b0232c53fe1	sparse	8	1	metal-union	1	3	153	651584	7735dac33e83dbe01d558a41b956c770f210a4a20a1829f66bfdb0cc7e484daf
Q-1	ca10a5e7ec84e13fbcc4a23bd0de8b0232c53fe1	sparse	8	1	metal-worlds	1	4	154	647791	7735dac33e83dbe01d558a41b956c770f210a4a20a1829f66bfdb0cc7e484daf
Q-1	ca10a5e7ec84e13fbcc4a23bd0de8b0232c53fe1	sparse	8	1	scalar	1	5	155	6000	7735dac33e83dbe01d558a41b956c770f210a4a20a1829f66bfdb0cc7e484daf
Q-1	ca10a5e7ec84e13fbcc4a23bd0de8b0232c53fe1	sparse	8	1	portable-union	2	0	156	30042	7735dac33e83dbe01d558a41b956c770f210a4a20a1829f66bfdb0cc7e484daf
Q-1	ca10a5e7ec84e13fbcc4a23bd0de8b0232c53fe1	sparse	8	1	portable-worlds	2	1	157	29875	7735dac33e83dbe01d558a41b956c770f210a4a20a1829f66bfdb0cc7e484daf
Q-1	ca10a5e7ec84e13fbcc4a23bd0de8b0232c53fe1	sparse	8	1	metal-union	2	2	158	638500	7735dac33e83dbe01d558a41b956c770f210a4a20a1829f66bfdb0cc7e484daf
Q-1	ca10a5e7ec84e13fbcc4a23bd0de8b0232c53fe1	sparse	8	1	metal-worlds	2	3	159	645125	7735dac33e83dbe01d558a41b956c770f210a4a20a1829f66bfdb0cc7e484daf
Q-1	ca10a5e7ec84e13fbcc4a23bd0de8b0232c53fe1	sparse	8	1	scalar	2	4	160	7417	7735dac33e83dbe01d558a41b956c770f210a4a20a1829f66bfdb0cc7e484daf
Q-1	ca10a5e7ec84e13fbcc4a23bd0de8b0232c53fe1	sparse	8	1	rayon	2	5	161	13916	7735dac33e83dbe01d558a41b956c770f210a4a20a1829f66bfdb0cc7e484daf
Q-1	ca10a5e7ec84e13fbcc4a23bd0de8b0232c53fe1	sparse	8	1	portable-worlds	3	0	162	43958	7735dac33e83dbe01d558a41b956c770f210a4a20a1829f66bfdb0cc7e484daf
Q-1	ca10a5e7ec84e13fbcc4a23bd0de8b0232c53fe1	sparse	8	1	metal-union	3	1	163	655375	7735dac33e83dbe01d558a41b956c770f210a4a20a1829f66bfdb0cc7e484daf
Q-1	ca10a5e7ec84e13fbcc4a23bd0de8b0232c53fe1	sparse	8	1	metal-worlds	3	2	164	638458	7735dac33e83dbe01d558a41b956c770f210a4a20a1829f66bfdb0cc7e484daf
Q-1	ca10a5e7ec84e13fbcc4a23bd0de8b0232c53fe1	sparse	8	1	scalar	3	3	165	5542	7735dac33e83dbe01d558a41b956c770f210a4a20a1829f66bfdb0cc7e484daf
Q-1	ca10a5e7ec84e13fbcc4a23bd0de8b0232c53fe1	sparse	8	1	rayon	3	4	166	12667	7735dac33e83dbe01d558a41b956c770f210a4a20a1829f66bfdb0cc7e484daf
Q-1	ca10a5e7ec84e13fbcc4a23bd0de8b0232c53fe1	sparse	8	1	portable-union	3	5	167	44792	7735dac33e83dbe01d558a41b956c770f210a4a20a1829f66bfdb0cc7e484daf
Q-1	ca10a5e7ec84e13fbcc4a23bd0de8b0232c53fe1	sparse	8	1	metal-union	4	0	168	635291	7735dac33e83dbe01d558a41b956c770f210a4a20a1829f66bfdb0cc7e484daf
Q-1	ca10a5e7ec84e13fbcc4a23bd0de8b0232c53fe1	sparse	8	1	metal-worlds	4	1	169	637166	7735dac33e83dbe01d558a41b956c770f210a4a20a1829f66bfdb0cc7e484daf
Q-1	ca10a5e7ec84e13fbcc4a23bd0de8b0232c53fe1	sparse	8	1	scalar	4	2	170	4833	7735dac33e83dbe01d558a41b956c770f210a4a20a1829f66bfdb0cc7e484daf
Q-1	ca10a5e7ec84e13fbcc4a23bd0de8b0232c53fe1	sparse	8	1	rayon	4	3	171	12083	7735dac33e83dbe01d558a41b956c770f210a4a20a1829f66bfdb0cc7e484daf
Q-1	ca10a5e7ec84e13fbcc4a23bd0de8b0232c53fe1	sparse	8	1	portable-union	4	4	172	44416	7735dac33e83dbe01d558a41b956c770f210a4a20a1829f66bfdb0cc7e484daf
Q-1	ca10a5e7ec84e13fbcc4a23bd0de8b0232c53fe1	sparse	8	1	portable-worlds	4	5	173	30833	7735dac33e83dbe01d558a41b956c770f210a4a20a1829f66bfdb0cc7e484daf
Q-1	ca10a5e7ec84e13fbcc4a23bd0de8b0232c53fe1	sparse	8	1	metal-worlds	5	0	174	655083	7735dac33e83dbe01d558a41b956c770f210a4a20a1829f66bfdb0cc7e484daf
Q-1	ca10a5e7ec84e13fbcc4a23bd0de8b0232c53fe1	sparse	8	1	scalar	5	1	175	4541	7735dac33e83dbe01d558a41b956c770f210a4a20a1829f66bfdb0cc7e484daf
Q-1	ca10a5e7ec84e13fbcc4a23bd0de8b0232c53fe1	sparse	8	1	rayon	5	2	176	12708	7735dac33e83dbe01d558a41b956c770f210a4a20a1829f66bfdb0cc7e484daf
Q-1	ca10a5e7ec84e13fbcc4a23bd0de8b0232c53fe1	sparse	8	1	portable-union	5	3	177	44458	7735dac33e83dbe01d558a41b956c770f210a4a20a1829f66bfdb0cc7e484daf
Q-1	ca10a5e7ec84e13fbcc4a23bd0de8b0232c53fe1	sparse	8	1	portable-worlds	5	4	178	32958	7735dac33e83dbe01d558a41b956c770f210a4a20a1829f66bfdb0cc7e484daf
Q-1	ca10a5e7ec84e13fbcc4a23bd0de8b0232c53fe1	sparse	8	1	metal-union	5	5	179	639333	7735dac33e83dbe01d558a41b956c770f210a4a20a1829f66bfdb0cc7e484daf
Q-1	ca10a5e7ec84e13fbcc4a23bd0de8b0232c53fe1	sparse	8	1	scalar	6	0	180	4792	7735dac33e83dbe01d558a41b956c770f210a4a20a1829f66bfdb0cc7e484daf
Q-1	ca10a5e7ec84e13fbcc4a23bd0de8b0232c53fe1	sparse	8	1	rayon	6	1	181	12250	7735dac33e83dbe01d558a41b956c770f210a4a20a1829f66bfdb0cc7e484daf
Q-1	ca10a5e7ec84e13fbcc4a23bd0de8b0232c53fe1	sparse	8	1	portable-union	6	2	182	44167	7735dac33e83dbe01d558a41b956c770f210a4a20a1829f66bfdb0cc7e484daf
Q-1	ca10a5e7ec84e13fbcc4a23bd0de8b0232c53fe1	sparse	8	1	portable-worlds	6	3	183	30833	7735dac33e83dbe01d558a41b956c770f210a4a20a1829f66bfdb0cc7e484daf
Q-1	ca10a5e7ec84e13fbcc4a23bd0de8b0232c53fe1	sparse	8	1	metal-union	6	4	184	643500	7735dac33e83dbe01d558a41b956c770f210a4a20a1829f66bfdb0cc7e484daf
Q-1	ca10a5e7ec84e13fbcc4a23bd0de8b0232c53fe1	sparse	8	1	metal-worlds	6	5	185	631583	7735dac33e83dbe01d558a41b956c770f210a4a20a1829f66bfdb0cc7e484daf
Q-1	ca10a5e7ec84e13fbcc4a23bd0de8b0232c53fe1	sparse	8	1	rayon	7	0	186	13375	7735dac33e83dbe01d558a41b956c770f210a4a20a1829f66bfdb0cc7e484daf
Q-1	ca10a5e7ec84e13fbcc4a23bd0de8b0232c53fe1	sparse	8	1	portable-union	7	1	187	42625	7735dac33e83dbe01d558a41b956c770f210a4a20a1829f66bfdb0cc7e484daf
Q-1	ca10a5e7ec84e13fbcc4a23bd0de8b0232c53fe1	sparse	8	1	portable-worlds	7	2	188	30875	7735dac33e83dbe01d558a41b956c770f210a4a20a1829f66bfdb0cc7e484daf
Q-1	ca10a5e7ec84e13fbcc4a23bd0de8b0232c53fe1	sparse	8	1	metal-union	7	3	189	645625	7735dac33e83dbe01d558a41b956c770f210a4a20a1829f66bfdb0cc7e484daf
Q-1	ca10a5e7ec84e13fbcc4a23bd0de8b0232c53fe1	sparse	8	1	metal-worlds	7	4	190	642042	7735dac33e83dbe01d558a41b956c770f210a4a20a1829f66bfdb0cc7e484daf
Q-1	ca10a5e7ec84e13fbcc4a23bd0de8b0232c53fe1	sparse	8	1	scalar	7	5	191	4958	7735dac33e83dbe01d558a41b956c770f210a4a20a1829f66bfdb0cc7e484daf
Q-1	ca10a5e7ec84e13fbcc4a23bd0de8b0232c53fe1	sparse	8	1	portable-union	8	0	192	30292	7735dac33e83dbe01d558a41b956c770f210a4a20a1829f66bfdb0cc7e484daf
Q-1	ca10a5e7ec84e13fbcc4a23bd0de8b0232c53fe1	sparse	8	1	portable-worlds	8	1	193	29833	7735dac33e83dbe01d558a41b956c770f210a4a20a1829f66bfdb0cc7e484daf
Q-1	ca10a5e7ec84e13fbcc4a23bd0de8b0232c53fe1	sparse	8	1	metal-union	8	2	194	646709	7735dac33e83dbe01d558a41b956c770f210a4a20a1829f66bfdb0cc7e484daf
Q-1	ca10a5e7ec84e13fbcc4a23bd0de8b0232c53fe1	sparse	8	1	metal-worlds	8	3	195	638458	7735dac33e83dbe01d558a41b956c770f210a4a20a1829f66bfdb0cc7e484daf
Q-1	ca10a5e7ec84e13fbcc4a23bd0de8b0232c53fe1	sparse	8	1	scalar	8	4	196	5666	7735dac33e83dbe01d558a41b956c770f210a4a20a1829f66bfdb0cc7e484daf
Q-1	ca10a5e7ec84e13fbcc4a23bd0de8b0232c53fe1	sparse	8	1	rayon	8	5	197	12333	7735dac33e83dbe01d558a41b956c770f210a4a20a1829f66bfdb0cc7e484daf
Q-1	ca10a5e7ec84e13fbcc4a23bd0de8b0232c53fe1	sparse	8	1	portable-worlds	9	0	198	47209	7735dac33e83dbe01d558a41b956c770f210a4a20a1829f66bfdb0cc7e484daf
Q-1	ca10a5e7ec84e13fbcc4a23bd0de8b0232c53fe1	sparse	8	1	metal-union	9	1	199	660791	7735dac33e83dbe01d558a41b956c770f210a4a20a1829f66bfdb0cc7e484daf
Q-1	ca10a5e7ec84e13fbcc4a23bd0de8b0232c53fe1	sparse	8	1	metal-worlds	9	2	200	668584	7735dac33e83dbe01d558a41b956c770f210a4a20a1829f66bfdb0cc7e484daf
Q-1	ca10a5e7ec84e13fbcc4a23bd0de8b0232c53fe1	sparse	8	1	scalar	9	3	201	6750	7735dac33e83dbe01d558a41b956c770f210a4a20a1829f66bfdb0cc7e484daf
Q-1	ca10a5e7ec84e13fbcc4a23bd0de8b0232c53fe1	sparse	8	1	rayon	9	4	202	14125	7735dac33e83dbe01d558a41b956c770f210a4a20a1829f66bfdb0cc7e484daf
Q-1	ca10a5e7ec84e13fbcc4a23bd0de8b0232c53fe1	sparse	8	1	portable-union	9	5	203	43291	7735dac33e83dbe01d558a41b956c770f210a4a20a1829f66bfdb0cc7e484daf
Q-1	ca10a5e7ec84e13fbcc4a23bd0de8b0232c53fe1	sparse	8	1	metal-union	10	0	204	635583	7735dac33e83dbe01d558a41b956c770f210a4a20a1829f66bfdb0cc7e484daf
Q-1	ca10a5e7ec84e13fbcc4a23bd0de8b0232c53fe1	sparse	8	1	metal-worlds	10	1	205	630833	7735dac33e83dbe01d558a41b956c770f210a4a20a1829f66bfdb0cc7e484daf
Q-1	ca10a5e7ec84e13fbcc4a23bd0de8b0232c53fe1	sparse	8	1	scalar	10	2	206	5583	7735dac33e83dbe01d558a41b956c770f210a4a20a1829f66bfdb0cc7e484daf
Q-1	ca10a5e7ec84e13fbcc4a23bd0de8b0232c53fe1	sparse	8	1	rayon	10	3	207	12500	7735dac33e83dbe01d558a41b956c770f210a4a20a1829f66bfdb0cc7e484daf
Q-1	ca10a5e7ec84e13fbcc4a23bd0de8b0232c53fe1	sparse	8	1	portable-union	10	4	208	44291	7735dac33e83dbe01d558a41b956c770f210a4a20a1829f66bfdb0cc7e484daf
Q-1	ca10a5e7ec84e13fbcc4a23bd0de8b0232c53fe1	sparse	8	1	portable-worlds	10	5	209	30500	7735dac33e83dbe01d558a41b956c770f210a4a20a1829f66bfdb0cc7e484daf
Q-1	ca10a5e7ec84e13fbcc4a23bd0de8b0232c53fe1	sparse	8	1	metal-worlds	11	0	210	641084	7735dac33e83dbe01d558a41b956c770f210a4a20a1829f66bfdb0cc7e484daf
Q-1	ca10a5e7ec84e13fbcc4a23bd0de8b0232c53fe1	sparse	8	1	scalar	11	1	211	6708	7735dac33e83dbe01d558a41b956c770f210a4a20a1829f66bfdb0cc7e484daf
Q-1	ca10a5e7ec84e13fbcc4a23bd0de8b0232c53fe1	sparse	8	1	rayon	11	2	212	12709	7735dac33e83dbe01d558a41b956c770f210a4a20a1829f66bfdb0cc7e484daf
Q-1	ca10a5e7ec84e13fbcc4a23bd0de8b0232c53fe1	sparse	8	1	portable-union	11	3	213	46583	7735dac33e83dbe01d558a41b956c770f210a4a20a1829f66bfdb0cc7e484daf
Q-1	ca10a5e7ec84e13fbcc4a23bd0de8b0232c53fe1	sparse	8	1	portable-worlds	11	4	214	34959	7735dac33e83dbe01d558a41b956c770f210a4a20a1829f66bfdb0cc7e484daf
Q-1	ca10a5e7ec84e13fbcc4a23bd0de8b0232c53fe1	sparse	8	1	metal-union	11	5	215	640500	7735dac33e83dbe01d558a41b956c770f210a4a20a1829f66bfdb0cc7e484daf
Q-1	ca10a5e7ec84e13fbcc4a23bd0de8b0232c53fe1	sparse	8	32	scalar	0	0	216	120917	7735dac33e83dbe01d558a41b956c770f210a4a20a1829f66bfdb0cc7e484daf
Q-1	ca10a5e7ec84e13fbcc4a23bd0de8b0232c53fe1	sparse	8	32	rayon	0	1	217	70875	7735dac33e83dbe01d558a41b956c770f210a4a20a1829f66bfdb0cc7e484daf
Q-1	ca10a5e7ec84e13fbcc4a23bd0de8b0232c53fe1	sparse	8	32	portable-union	0	2	218	787042	7735dac33e83dbe01d558a41b956c770f210a4a20a1829f66bfdb0cc7e484daf
Q-1	ca10a5e7ec84e13fbcc4a23bd0de8b0232c53fe1	sparse	8	32	portable-worlds	0	3	219	60917	7735dac33e83dbe01d558a41b956c770f210a4a20a1829f66bfdb0cc7e484daf
Q-1	ca10a5e7ec84e13fbcc4a23bd0de8b0232c53fe1	sparse	8	32	metal-union	0	4	220	2173833	7735dac33e83dbe01d558a41b956c770f210a4a20a1829f66bfdb0cc7e484daf
Q-1	ca10a5e7ec84e13fbcc4a23bd0de8b0232c53fe1	sparse	8	32	metal-worlds	0	5	221	727083	7735dac33e83dbe01d558a41b956c770f210a4a20a1829f66bfdb0cc7e484daf
Q-1	ca10a5e7ec84e13fbcc4a23bd0de8b0232c53fe1	sparse	8	32	rayon	1	0	222	73208	7735dac33e83dbe01d558a41b956c770f210a4a20a1829f66bfdb0cc7e484daf
Q-1	ca10a5e7ec84e13fbcc4a23bd0de8b0232c53fe1	sparse	8	32	portable-union	1	1	223	768417	7735dac33e83dbe01d558a41b956c770f210a4a20a1829f66bfdb0cc7e484daf
Q-1	ca10a5e7ec84e13fbcc4a23bd0de8b0232c53fe1	sparse	8	32	portable-worlds	1	2	224	61000	7735dac33e83dbe01d558a41b956c770f210a4a20a1829f66bfdb0cc7e484daf
Q-1	ca10a5e7ec84e13fbcc4a23bd0de8b0232c53fe1	sparse	8	32	metal-union	1	3	225	2132292	7735dac33e83dbe01d558a41b956c770f210a4a20a1829f66bfdb0cc7e484daf
Q-1	ca10a5e7ec84e13fbcc4a23bd0de8b0232c53fe1	sparse	8	32	metal-worlds	1	4	226	675125	7735dac33e83dbe01d558a41b956c770f210a4a20a1829f66bfdb0cc7e484daf
Q-1	ca10a5e7ec84e13fbcc4a23bd0de8b0232c53fe1	sparse	8	32	scalar	1	5	227	122208	7735dac33e83dbe01d558a41b956c770f210a4a20a1829f66bfdb0cc7e484daf
Q-1	ca10a5e7ec84e13fbcc4a23bd0de8b0232c53fe1	sparse	8	32	portable-union	2	0	228	768416	7735dac33e83dbe01d558a41b956c770f210a4a20a1829f66bfdb0cc7e484daf
Q-1	ca10a5e7ec84e13fbcc4a23bd0de8b0232c53fe1	sparse	8	32	portable-worlds	2	1	229	67917	7735dac33e83dbe01d558a41b956c770f210a4a20a1829f66bfdb0cc7e484daf
Q-1	ca10a5e7ec84e13fbcc4a23bd0de8b0232c53fe1	sparse	8	32	metal-union	2	2	230	2078833	7735dac33e83dbe01d558a41b956c770f210a4a20a1829f66bfdb0cc7e484daf
Q-1	ca10a5e7ec84e13fbcc4a23bd0de8b0232c53fe1	sparse	8	32	metal-worlds	2	3	231	726167	7735dac33e83dbe01d558a41b956c770f210a4a20a1829f66bfdb0cc7e484daf
Q-1	ca10a5e7ec84e13fbcc4a23bd0de8b0232c53fe1	sparse	8	32	scalar	2	4	232	123333	7735dac33e83dbe01d558a41b956c770f210a4a20a1829f66bfdb0cc7e484daf
Q-1	ca10a5e7ec84e13fbcc4a23bd0de8b0232c53fe1	sparse	8	32	rayon	2	5	233	78500	7735dac33e83dbe01d558a41b956c770f210a4a20a1829f66bfdb0cc7e484daf
Q-1	ca10a5e7ec84e13fbcc4a23bd0de8b0232c53fe1	sparse	8	32	portable-worlds	3	0	234	64042	7735dac33e83dbe01d558a41b956c770f210a4a20a1829f66bfdb0cc7e484daf
Q-1	ca10a5e7ec84e13fbcc4a23bd0de8b0232c53fe1	sparse	8	32	metal-union	3	1	235	2100750	7735dac33e83dbe01d558a41b956c770f210a4a20a1829f66bfdb0cc7e484daf
Q-1	ca10a5e7ec84e13fbcc4a23bd0de8b0232c53fe1	sparse	8	32	metal-worlds	3	2	236	659459	7735dac33e83dbe01d558a41b956c770f210a4a20a1829f66bfdb0cc7e484daf
Q-1	ca10a5e7ec84e13fbcc4a23bd0de8b0232c53fe1	sparse	8	32	scalar	3	3	237	122708	7735dac33e83dbe01d558a41b956c770f210a4a20a1829f66bfdb0cc7e484daf
Q-1	ca10a5e7ec84e13fbcc4a23bd0de8b0232c53fe1	sparse	8	32	rayon	3	4	238	71583	7735dac33e83dbe01d558a41b956c770f210a4a20a1829f66bfdb0cc7e484daf
Q-1	ca10a5e7ec84e13fbcc4a23bd0de8b0232c53fe1	sparse	8	32	portable-union	3	5	239	777250	7735dac33e83dbe01d558a41b956c770f210a4a20a1829f66bfdb0cc7e484daf
Q-1	ca10a5e7ec84e13fbcc4a23bd0de8b0232c53fe1	sparse	8	32	metal-union	4	0	240	2102375	7735dac33e83dbe01d558a41b956c770f210a4a20a1829f66bfdb0cc7e484daf
Q-1	ca10a5e7ec84e13fbcc4a23bd0de8b0232c53fe1	sparse	8	32	metal-worlds	4	1	241	669958	7735dac33e83dbe01d558a41b956c770f210a4a20a1829f66bfdb0cc7e484daf
Q-1	ca10a5e7ec84e13fbcc4a23bd0de8b0232c53fe1	sparse	8	32	scalar	4	2	242	123042	7735dac33e83dbe01d558a41b956c770f210a4a20a1829f66bfdb0cc7e484daf
Q-1	ca10a5e7ec84e13fbcc4a23bd0de8b0232c53fe1	sparse	8	32	rayon	4	3	243	68416	7735dac33e83dbe01d558a41b956c770f210a4a20a1829f66bfdb0cc7e484daf
Q-1	ca10a5e7ec84e13fbcc4a23bd0de8b0232c53fe1	sparse	8	32	portable-union	4	4	244	761959	7735dac33e83dbe01d558a41b956c770f210a4a20a1829f66bfdb0cc7e484daf
Q-1	ca10a5e7ec84e13fbcc4a23bd0de8b0232c53fe1	sparse	8	32	portable-worlds	4	5	245	59375	7735dac33e83dbe01d558a41b956c770f210a4a20a1829f66bfdb0cc7e484daf
Q-1	ca10a5e7ec84e13fbcc4a23bd0de8b0232c53fe1	sparse	8	32	metal-worlds	5	0	246	672000	7735dac33e83dbe01d558a41b956c770f210a4a20a1829f66bfdb0cc7e484daf
Q-1	ca10a5e7ec84e13fbcc4a23bd0de8b0232c53fe1	sparse	8	32	scalar	5	1	247	122166	7735dac33e83dbe01d558a41b956c770f210a4a20a1829f66bfdb0cc7e484daf
Q-1	ca10a5e7ec84e13fbcc4a23bd0de8b0232c53fe1	sparse	8	32	rayon	5	2	248	67458	7735dac33e83dbe01d558a41b956c770f210a4a20a1829f66bfdb0cc7e484daf
Q-1	ca10a5e7ec84e13fbcc4a23bd0de8b0232c53fe1	sparse	8	32	portable-union	5	3	249	770125	7735dac33e83dbe01d558a41b956c770f210a4a20a1829f66bfdb0cc7e484daf
Q-1	ca10a5e7ec84e13fbcc4a23bd0de8b0232c53fe1	sparse	8	32	portable-worlds	5	4	250	61125	7735dac33e83dbe01d558a41b956c770f210a4a20a1829f66bfdb0cc7e484daf
Q-1	ca10a5e7ec84e13fbcc4a23bd0de8b0232c53fe1	sparse	8	32	metal-union	5	5	251	2065541	7735dac33e83dbe01d558a41b956c770f210a4a20a1829f66bfdb0cc7e484daf
Q-1	ca10a5e7ec84e13fbcc4a23bd0de8b0232c53fe1	sparse	8	32	scalar	6	0	252	120667	7735dac33e83dbe01d558a41b956c770f210a4a20a1829f66bfdb0cc7e484daf
Q-1	ca10a5e7ec84e13fbcc4a23bd0de8b0232c53fe1	sparse	8	32	rayon	6	1	253	73125	7735dac33e83dbe01d558a41b956c770f210a4a20a1829f66bfdb0cc7e484daf
Q-1	ca10a5e7ec84e13fbcc4a23bd0de8b0232c53fe1	sparse	8	32	portable-union	6	2	254	780792	7735dac33e83dbe01d558a41b956c770f210a4a20a1829f66bfdb0cc7e484daf
Q-1	ca10a5e7ec84e13fbcc4a23bd0de8b0232c53fe1	sparse	8	32	portable-worlds	6	3	255	61125	7735dac33e83dbe01d558a41b956c770f210a4a20a1829f66bfdb0cc7e484daf
Q-1	ca10a5e7ec84e13fbcc4a23bd0de8b0232c53fe1	sparse	8	32	metal-union	6	4	256	2091500	7735dac33e83dbe01d558a41b956c770f210a4a20a1829f66bfdb0cc7e484daf
Q-1	ca10a5e7ec84e13fbcc4a23bd0de8b0232c53fe1	sparse	8	32	metal-worlds	6	5	257	664916	7735dac33e83dbe01d558a41b956c770f210a4a20a1829f66bfdb0cc7e484daf
Q-1	ca10a5e7ec84e13fbcc4a23bd0de8b0232c53fe1	sparse	8	32	rayon	7	0	258	77292	7735dac33e83dbe01d558a41b956c770f210a4a20a1829f66bfdb0cc7e484daf
Q-1	ca10a5e7ec84e13fbcc4a23bd0de8b0232c53fe1	sparse	8	32	portable-union	7	1	259	768084	7735dac33e83dbe01d558a41b956c770f210a4a20a1829f66bfdb0cc7e484daf
Q-1	ca10a5e7ec84e13fbcc4a23bd0de8b0232c53fe1	sparse	8	32	portable-worlds	7	2	260	59834	7735dac33e83dbe01d558a41b956c770f210a4a20a1829f66bfdb0cc7e484daf
Q-1	ca10a5e7ec84e13fbcc4a23bd0de8b0232c53fe1	sparse	8	32	metal-union	7	3	261	2090000	7735dac33e83dbe01d558a41b956c770f210a4a20a1829f66bfdb0cc7e484daf
Q-1	ca10a5e7ec84e13fbcc4a23bd0de8b0232c53fe1	sparse	8	32	metal-worlds	7	4	262	671042	7735dac33e83dbe01d558a41b956c770f210a4a20a1829f66bfdb0cc7e484daf
Q-1	ca10a5e7ec84e13fbcc4a23bd0de8b0232c53fe1	sparse	8	32	scalar	7	5	263	121916	7735dac33e83dbe01d558a41b956c770f210a4a20a1829f66bfdb0cc7e484daf
Q-1	ca10a5e7ec84e13fbcc4a23bd0de8b0232c53fe1	sparse	8	32	portable-union	8	0	264	770291	7735dac33e83dbe01d558a41b956c770f210a4a20a1829f66bfdb0cc7e484daf
Q-1	ca10a5e7ec84e13fbcc4a23bd0de8b0232c53fe1	sparse	8	32	portable-worlds	8	1	265	60000	7735dac33e83dbe01d558a41b956c770f210a4a20a1829f66bfdb0cc7e484daf
Q-1	ca10a5e7ec84e13fbcc4a23bd0de8b0232c53fe1	sparse	8	32	metal-union	8	2	266	2114541	7735dac33e83dbe01d558a41b956c770f210a4a20a1829f66bfdb0cc7e484daf
Q-1	ca10a5e7ec84e13fbcc4a23bd0de8b0232c53fe1	sparse	8	32	metal-worlds	8	3	267	665750	7735dac33e83dbe01d558a41b956c770f210a4a20a1829f66bfdb0cc7e484daf
Q-1	ca10a5e7ec84e13fbcc4a23bd0de8b0232c53fe1	sparse	8	32	scalar	8	4	268	120792	7735dac33e83dbe01d558a41b956c770f210a4a20a1829f66bfdb0cc7e484daf
Q-1	ca10a5e7ec84e13fbcc4a23bd0de8b0232c53fe1	sparse	8	32	rayon	8	5	269	68166	7735dac33e83dbe01d558a41b956c770f210a4a20a1829f66bfdb0cc7e484daf
Q-1	ca10a5e7ec84e13fbcc4a23bd0de8b0232c53fe1	sparse	8	32	portable-worlds	9	0	270	66500	7735dac33e83dbe01d558a41b956c770f210a4a20a1829f66bfdb0cc7e484daf
Q-1	ca10a5e7ec84e13fbcc4a23bd0de8b0232c53fe1	sparse	8	32	metal-union	9	1	271	2174542	7735dac33e83dbe01d558a41b956c770f210a4a20a1829f66bfdb0cc7e484daf
Q-1	ca10a5e7ec84e13fbcc4a23bd0de8b0232c53fe1	sparse	8	32	metal-worlds	9	2	272	671750	7735dac33e83dbe01d558a41b956c770f210a4a20a1829f66bfdb0cc7e484daf
Q-1	ca10a5e7ec84e13fbcc4a23bd0de8b0232c53fe1	sparse	8	32	scalar	9	3	273	121750	7735dac33e83dbe01d558a41b956c770f210a4a20a1829f66bfdb0cc7e484daf
Q-1	ca10a5e7ec84e13fbcc4a23bd0de8b0232c53fe1	sparse	8	32	rayon	9	4	274	68833	7735dac33e83dbe01d558a41b956c770f210a4a20a1829f66bfdb0cc7e484daf
Q-1	ca10a5e7ec84e13fbcc4a23bd0de8b0232c53fe1	sparse	8	32	portable-union	9	5	275	780166	7735dac33e83dbe01d558a41b956c770f210a4a20a1829f66bfdb0cc7e484daf
Q-1	ca10a5e7ec84e13fbcc4a23bd0de8b0232c53fe1	sparse	8	32	metal-union	10	0	276	2073833	7735dac33e83dbe01d558a41b956c770f210a4a20a1829f66bfdb0cc7e484daf
Q-1	ca10a5e7ec84e13fbcc4a23bd0de8b0232c53fe1	sparse	8	32	metal-worlds	10	1	277	672083	7735dac33e83dbe01d558a41b956c770f210a4a20a1829f66bfdb0cc7e484daf
Q-1	ca10a5e7ec84e13fbcc4a23bd0de8b0232c53fe1	sparse	8	32	scalar	10	2	278	121791	7735dac33e83dbe01d558a41b956c770f210a4a20a1829f66bfdb0cc7e484daf
Q-1	ca10a5e7ec84e13fbcc4a23bd0de8b0232c53fe1	sparse	8	32	rayon	10	3	279	82791	7735dac33e83dbe01d558a41b956c770f210a4a20a1829f66bfdb0cc7e484daf
Q-1	ca10a5e7ec84e13fbcc4a23bd0de8b0232c53fe1	sparse	8	32	portable-union	10	4	280	775167	7735dac33e83dbe01d558a41b956c770f210a4a20a1829f66bfdb0cc7e484daf
Q-1	ca10a5e7ec84e13fbcc4a23bd0de8b0232c53fe1	sparse	8	32	portable-worlds	10	5	281	58666	7735dac33e83dbe01d558a41b956c770f210a4a20a1829f66bfdb0cc7e484daf
Q-1	ca10a5e7ec84e13fbcc4a23bd0de8b0232c53fe1	sparse	8	32	metal-worlds	11	0	282	656291	7735dac33e83dbe01d558a41b956c770f210a4a20a1829f66bfdb0cc7e484daf
Q-1	ca10a5e7ec84e13fbcc4a23bd0de8b0232c53fe1	sparse	8	32	scalar	11	1	283	121333	7735dac33e83dbe01d558a41b956c770f210a4a20a1829f66bfdb0cc7e484daf
Q-1	ca10a5e7ec84e13fbcc4a23bd0de8b0232c53fe1	sparse	8	32	rayon	11	2	284	78959	7735dac33e83dbe01d558a41b956c770f210a4a20a1829f66bfdb0cc7e484daf
Q-1	ca10a5e7ec84e13fbcc4a23bd0de8b0232c53fe1	sparse	8	32	portable-union	11	3	285	771292	7735dac33e83dbe01d558a41b956c770f210a4a20a1829f66bfdb0cc7e484daf
Q-1	ca10a5e7ec84e13fbcc4a23bd0de8b0232c53fe1	sparse	8	32	portable-worlds	11	4	286	59916	7735dac33e83dbe01d558a41b956c770f210a4a20a1829f66bfdb0cc7e484daf
Q-1	ca10a5e7ec84e13fbcc4a23bd0de8b0232c53fe1	sparse	8	32	metal-union	11	5	287	2095792	7735dac33e83dbe01d558a41b956c770f210a4a20a1829f66bfdb0cc7e484daf
Q-1	ca10a5e7ec84e13fbcc4a23bd0de8b0232c53fe1	dense	4	1	scalar	0	0	288	47292	7735dac33e83dbe01d558a41b956c770f210a4a20a1829f66bfdb0cc7e484daf
Q-1	ca10a5e7ec84e13fbcc4a23bd0de8b0232c53fe1	dense	4	1	rayon	0	1	289	58792	7735dac33e83dbe01d558a41b956c770f210a4a20a1829f66bfdb0cc7e484daf
Q-1	ca10a5e7ec84e13fbcc4a23bd0de8b0232c53fe1	dense	4	1	portable-union	0	2	290	94750	7735dac33e83dbe01d558a41b956c770f210a4a20a1829f66bfdb0cc7e484daf
Q-1	ca10a5e7ec84e13fbcc4a23bd0de8b0232c53fe1	dense	4	1	portable-worlds	0	3	291	91500	7735dac33e83dbe01d558a41b956c770f210a4a20a1829f66bfdb0cc7e484daf
Q-1	ca10a5e7ec84e13fbcc4a23bd0de8b0232c53fe1	dense	4	1	metal-union	0	4	292	714417	7735dac33e83dbe01d558a41b956c770f210a4a20a1829f66bfdb0cc7e484daf
Q-1	ca10a5e7ec84e13fbcc4a23bd0de8b0232c53fe1	dense	4	1	metal-worlds	0	5	293	699083	7735dac33e83dbe01d558a41b956c770f210a4a20a1829f66bfdb0cc7e484daf
Q-1	ca10a5e7ec84e13fbcc4a23bd0de8b0232c53fe1	dense	4	1	rayon	1	0	294	66667	7735dac33e83dbe01d558a41b956c770f210a4a20a1829f66bfdb0cc7e484daf
Q-1	ca10a5e7ec84e13fbcc4a23bd0de8b0232c53fe1	dense	4	1	portable-union	1	1	295	99167	7735dac33e83dbe01d558a41b956c770f210a4a20a1829f66bfdb0cc7e484daf
Q-1	ca10a5e7ec84e13fbcc4a23bd0de8b0232c53fe1	dense	4	1	portable-worlds	1	2	296	93375	7735dac33e83dbe01d558a41b956c770f210a4a20a1829f66bfdb0cc7e484daf
Q-1	ca10a5e7ec84e13fbcc4a23bd0de8b0232c53fe1	dense	4	1	metal-union	1	3	297	711334	7735dac33e83dbe01d558a41b956c770f210a4a20a1829f66bfdb0cc7e484daf
Q-1	ca10a5e7ec84e13fbcc4a23bd0de8b0232c53fe1	dense	4	1	metal-worlds	1	4	298	723125	7735dac33e83dbe01d558a41b956c770f210a4a20a1829f66bfdb0cc7e484daf
Q-1	ca10a5e7ec84e13fbcc4a23bd0de8b0232c53fe1	dense	4	1	scalar	1	5	299	48209	7735dac33e83dbe01d558a41b956c770f210a4a20a1829f66bfdb0cc7e484daf
Q-1	ca10a5e7ec84e13fbcc4a23bd0de8b0232c53fe1	dense	4	1	portable-union	2	0	300	90333	7735dac33e83dbe01d558a41b956c770f210a4a20a1829f66bfdb0cc7e484daf
Q-1	ca10a5e7ec84e13fbcc4a23bd0de8b0232c53fe1	dense	4	1	portable-worlds	2	1	301	91667	7735dac33e83dbe01d558a41b956c770f210a4a20a1829f66bfdb0cc7e484daf
Q-1	ca10a5e7ec84e13fbcc4a23bd0de8b0232c53fe1	dense	4	1	metal-union	2	2	302	695625	7735dac33e83dbe01d558a41b956c770f210a4a20a1829f66bfdb0cc7e484daf
Q-1	ca10a5e7ec84e13fbcc4a23bd0de8b0232c53fe1	dense	4	1	metal-worlds	2	3	303	713541	7735dac33e83dbe01d558a41b956c770f210a4a20a1829f66bfdb0cc7e484daf
Q-1	ca10a5e7ec84e13fbcc4a23bd0de8b0232c53fe1	dense	4	1	scalar	2	4	304	47625	7735dac33e83dbe01d558a41b956c770f210a4a20a1829f66bfdb0cc7e484daf
Q-1	ca10a5e7ec84e13fbcc4a23bd0de8b0232c53fe1	dense	4	1	rayon	2	5	305	56709	7735dac33e83dbe01d558a41b956c770f210a4a20a1829f66bfdb0cc7e484daf
Q-1	ca10a5e7ec84e13fbcc4a23bd0de8b0232c53fe1	dense	4	1	portable-worlds	3	0	306	96000	7735dac33e83dbe01d558a41b956c770f210a4a20a1829f66bfdb0cc7e484daf
Q-1	ca10a5e7ec84e13fbcc4a23bd0de8b0232c53fe1	dense	4	1	metal-union	3	1	307	714459	7735dac33e83dbe01d558a41b956c770f210a4a20a1829f66bfdb0cc7e484daf
Q-1	ca10a5e7ec84e13fbcc4a23bd0de8b0232c53fe1	dense	4	1	metal-worlds	3	2	308	700167	7735dac33e83dbe01d558a41b956c770f210a4a20a1829f66bfdb0cc7e484daf
Q-1	ca10a5e7ec84e13fbcc4a23bd0de8b0232c53fe1	dense	4	1	scalar	3	3	309	49583	7735dac33e83dbe01d558a41b956c770f210a4a20a1829f66bfdb0cc7e484daf
Q-1	ca10a5e7ec84e13fbcc4a23bd0de8b0232c53fe1	dense	4	1	rayon	3	4	310	57375	7735dac33e83dbe01d558a41b956c770f210a4a20a1829f66bfdb0cc7e484daf
Q-1	ca10a5e7ec84e13fbcc4a23bd0de8b0232c53fe1	dense	4	1	portable-union	3	5	311	96083	7735dac33e83dbe01d558a41b956c770f210a4a20a1829f66bfdb0cc7e484daf
Q-1	ca10a5e7ec84e13fbcc4a23bd0de8b0232c53fe1	dense	4	1	metal-union	4	0	312	707708	7735dac33e83dbe01d558a41b956c770f210a4a20a1829f66bfdb0cc7e484daf
Q-1	ca10a5e7ec84e13fbcc4a23bd0de8b0232c53fe1	dense	4	1	metal-worlds	4	1	313	723917	7735dac33e83dbe01d558a41b956c770f210a4a20a1829f66bfdb0cc7e484daf
Q-1	ca10a5e7ec84e13fbcc4a23bd0de8b0232c53fe1	dense	4	1	scalar	4	2	314	48042	7735dac33e83dbe01d558a41b956c770f210a4a20a1829f66bfdb0cc7e484daf
Q-1	ca10a5e7ec84e13fbcc4a23bd0de8b0232c53fe1	dense	4	1	rayon	4	3	315	56416	7735dac33e83dbe01d558a41b956c770f210a4a20a1829f66bfdb0cc7e484daf
Q-1	ca10a5e7ec84e13fbcc4a23bd0de8b0232c53fe1	dense	4	1	portable-union	4	4	316	95542	7735dac33e83dbe01d558a41b956c770f210a4a20a1829f66bfdb0cc7e484daf
Q-1	ca10a5e7ec84e13fbcc4a23bd0de8b0232c53fe1	dense	4	1	portable-worlds	4	5	317	91833	7735dac33e83dbe01d558a41b956c770f210a4a20a1829f66bfdb0cc7e484daf
Q-1	ca10a5e7ec84e13fbcc4a23bd0de8b0232c53fe1	dense	4	1	metal-worlds	5	0	318	751791	7735dac33e83dbe01d558a41b956c770f210a4a20a1829f66bfdb0cc7e484daf
Q-1	ca10a5e7ec84e13fbcc4a23bd0de8b0232c53fe1	dense	4	1	scalar	5	1	319	47417	7735dac33e83dbe01d558a41b956c770f210a4a20a1829f66bfdb0cc7e484daf
Q-1	ca10a5e7ec84e13fbcc4a23bd0de8b0232c53fe1	dense	4	1	rayon	5	2	320	56291	7735dac33e83dbe01d558a41b956c770f210a4a20a1829f66bfdb0cc7e484daf
Q-1	ca10a5e7ec84e13fbcc4a23bd0de8b0232c53fe1	dense	4	1	portable-union	5	3	321	96000	7735dac33e83dbe01d558a41b956c770f210a4a20a1829f66bfdb0cc7e484daf
Q-1	ca10a5e7ec84e13fbcc4a23bd0de8b0232c53fe1	dense	4	1	portable-worlds	5	4	322	91250	7735dac33e83dbe01d558a41b956c770f210a4a20a1829f66bfdb0cc7e484daf
Q-1	ca10a5e7ec84e13fbcc4a23bd0de8b0232c53fe1	dense	4	1	metal-union	5	5	323	703917	7735dac33e83dbe01d558a41b956c770f210a4a20a1829f66bfdb0cc7e484daf
Q-1	ca10a5e7ec84e13fbcc4a23bd0de8b0232c53fe1	dense	4	1	scalar	6	0	324	51375	7735dac33e83dbe01d558a41b956c770f210a4a20a1829f66bfdb0cc7e484daf
Q-1	ca10a5e7ec84e13fbcc4a23bd0de8b0232c53fe1	dense	4	1	rayon	6	1	325	59208	7735dac33e83dbe01d558a41b956c770f210a4a20a1829f66bfdb0cc7e484daf
Q-1	ca10a5e7ec84e13fbcc4a23bd0de8b0232c53fe1	dense	4	1	portable-union	6	2	326	100625	7735dac33e83dbe01d558a41b956c770f210a4a20a1829f66bfdb0cc7e484daf
Q-1	ca10a5e7ec84e13fbcc4a23bd0de8b0232c53fe1	dense	4	1	portable-worlds	6	3	327	94167	7735dac33e83dbe01d558a41b956c770f210a4a20a1829f66bfdb0cc7e484daf
Q-1	ca10a5e7ec84e13fbcc4a23bd0de8b0232c53fe1	dense	4	1	metal-union	6	4	328	705208	7735dac33e83dbe01d558a41b956c770f210a4a20a1829f66bfdb0cc7e484daf
Q-1	ca10a5e7ec84e13fbcc4a23bd0de8b0232c53fe1	dense	4	1	metal-worlds	6	5	329	701125	7735dac33e83dbe01d558a41b956c770f210a4a20a1829f66bfdb0cc7e484daf
Q-1	ca10a5e7ec84e13fbcc4a23bd0de8b0232c53fe1	dense	4	1	rayon	7	0	330	72375	7735dac33e83dbe01d558a41b956c770f210a4a20a1829f66bfdb0cc7e484daf
Q-1	ca10a5e7ec84e13fbcc4a23bd0de8b0232c53fe1	dense	4	1	portable-union	7	1	331	95459	7735dac33e83dbe01d558a41b956c770f210a4a20a1829f66bfdb0cc7e484daf
Q-1	ca10a5e7ec84e13fbcc4a23bd0de8b0232c53fe1	dense	4	1	portable-worlds	7	2	332	91750	7735dac33e83dbe01d558a41b956c770f210a4a20a1829f66bfdb0cc7e484daf
Q-1	ca10a5e7ec84e13fbcc4a23bd0de8b0232c53fe1	dense	4	1	metal-union	7	3	333	704916	7735dac33e83dbe01d558a41b956c770f210a4a20a1829f66bfdb0cc7e484daf
Q-1	ca10a5e7ec84e13fbcc4a23bd0de8b0232c53fe1	dense	4	1	metal-worlds	7	4	334	709375	7735dac33e83dbe01d558a41b956c770f210a4a20a1829f66bfdb0cc7e484daf
Q-1	ca10a5e7ec84e13fbcc4a23bd0de8b0232c53fe1	dense	4	1	scalar	7	5	335	47708	7735dac33e83dbe01d558a41b956c770f210a4a20a1829f66bfdb0cc7e484daf
Q-1	ca10a5e7ec84e13fbcc4a23bd0de8b0232c53fe1	dense	4	1	portable-union	8	0	336	92334	7735dac33e83dbe01d558a41b956c770f210a4a20a1829f66bfdb0cc7e484daf
Q-1	ca10a5e7ec84e13fbcc4a23bd0de8b0232c53fe1	dense	4	1	portable-worlds	8	1	337	91667	7735dac33e83dbe01d558a41b956c770f210a4a20a1829f66bfdb0cc7e484daf
Q-1	ca10a5e7ec84e13fbcc4a23bd0de8b0232c53fe1	dense	4	1	metal-union	8	2	338	702250	7735dac33e83dbe01d558a41b956c770f210a4a20a1829f66bfdb0cc7e484daf
Q-1	ca10a5e7ec84e13fbcc4a23bd0de8b0232c53fe1	dense	4	1	metal-worlds	8	3	339	705417	7735dac33e83dbe01d558a41b956c770f210a4a20a1829f66bfdb0cc7e484daf
Q-1	ca10a5e7ec84e13fbcc4a23bd0de8b0232c53fe1	dense	4	1	scalar	8	4	340	48750	7735dac33e83dbe01d558a41b956c770f210a4a20a1829f66bfdb0cc7e484daf
Q-1	ca10a5e7ec84e13fbcc4a23bd0de8b0232c53fe1	dense	4	1	rayon	8	5	341	57709	7735dac33e83dbe01d558a41b956c770f210a4a20a1829f66bfdb0cc7e484daf
Q-1	ca10a5e7ec84e13fbcc4a23bd0de8b0232c53fe1	dense	4	1	portable-worlds	9	0	342	98125	7735dac33e83dbe01d558a41b956c770f210a4a20a1829f66bfdb0cc7e484daf
Q-1	ca10a5e7ec84e13fbcc4a23bd0de8b0232c53fe1	dense	4	1	metal-union	9	1	343	716250	7735dac33e83dbe01d558a41b956c770f210a4a20a1829f66bfdb0cc7e484daf
Q-1	ca10a5e7ec84e13fbcc4a23bd0de8b0232c53fe1	dense	4	1	metal-worlds	9	2	344	713375	7735dac33e83dbe01d558a41b956c770f210a4a20a1829f66bfdb0cc7e484daf
Q-1	ca10a5e7ec84e13fbcc4a23bd0de8b0232c53fe1	dense	4	1	scalar	9	3	345	47375	7735dac33e83dbe01d558a41b956c770f210a4a20a1829f66bfdb0cc7e484daf
Q-1	ca10a5e7ec84e13fbcc4a23bd0de8b0232c53fe1	dense	4	1	rayon	9	4	346	59458	7735dac33e83dbe01d558a41b956c770f210a4a20a1829f66bfdb0cc7e484daf
Q-1	ca10a5e7ec84e13fbcc4a23bd0de8b0232c53fe1	dense	4	1	portable-union	9	5	347	95333	7735dac33e83dbe01d558a41b956c770f210a4a20a1829f66bfdb0cc7e484daf
Q-1	ca10a5e7ec84e13fbcc4a23bd0de8b0232c53fe1	dense	4	1	metal-union	10	0	348	694875	7735dac33e83dbe01d558a41b956c770f210a4a20a1829f66bfdb0cc7e484daf
Q-1	ca10a5e7ec84e13fbcc4a23bd0de8b0232c53fe1	dense	4	1	metal-worlds	10	1	349	713667	7735dac33e83dbe01d558a41b956c770f210a4a20a1829f66bfdb0cc7e484daf
Q-1	ca10a5e7ec84e13fbcc4a23bd0de8b0232c53fe1	dense	4	1	scalar	10	2	350	48083	7735dac33e83dbe01d558a41b956c770f210a4a20a1829f66bfdb0cc7e484daf
Q-1	ca10a5e7ec84e13fbcc4a23bd0de8b0232c53fe1	dense	4	1	rayon	10	3	351	56750	7735dac33e83dbe01d558a41b956c770f210a4a20a1829f66bfdb0cc7e484daf
Q-1	ca10a5e7ec84e13fbcc4a23bd0de8b0232c53fe1	dense	4	1	portable-union	10	4	352	95166	7735dac33e83dbe01d558a41b956c770f210a4a20a1829f66bfdb0cc7e484daf
Q-1	ca10a5e7ec84e13fbcc4a23bd0de8b0232c53fe1	dense	4	1	portable-worlds	10	5	353	92250	7735dac33e83dbe01d558a41b956c770f210a4a20a1829f66bfdb0cc7e484daf
Q-1	ca10a5e7ec84e13fbcc4a23bd0de8b0232c53fe1	dense	4	1	metal-worlds	11	0	354	693750	7735dac33e83dbe01d558a41b956c770f210a4a20a1829f66bfdb0cc7e484daf
Q-1	ca10a5e7ec84e13fbcc4a23bd0de8b0232c53fe1	dense	4	1	scalar	11	1	355	47500	7735dac33e83dbe01d558a41b956c770f210a4a20a1829f66bfdb0cc7e484daf
Q-1	ca10a5e7ec84e13fbcc4a23bd0de8b0232c53fe1	dense	4	1	rayon	11	2	356	57750	7735dac33e83dbe01d558a41b956c770f210a4a20a1829f66bfdb0cc7e484daf
Q-1	ca10a5e7ec84e13fbcc4a23bd0de8b0232c53fe1	dense	4	1	portable-union	11	3	357	95166	7735dac33e83dbe01d558a41b956c770f210a4a20a1829f66bfdb0cc7e484daf
Q-1	ca10a5e7ec84e13fbcc4a23bd0de8b0232c53fe1	dense	4	1	portable-worlds	11	4	358	90792	7735dac33e83dbe01d558a41b956c770f210a4a20a1829f66bfdb0cc7e484daf
Q-1	ca10a5e7ec84e13fbcc4a23bd0de8b0232c53fe1	dense	4	1	metal-union	11	5	359	687625	7735dac33e83dbe01d558a41b956c770f210a4a20a1829f66bfdb0cc7e484daf
Q-1	ca10a5e7ec84e13fbcc4a23bd0de8b0232c53fe1	dense	4	32	scalar	0	0	360	1536875	7735dac33e83dbe01d558a41b956c770f210a4a20a1829f66bfdb0cc7e484daf
Q-1	ca10a5e7ec84e13fbcc4a23bd0de8b0232c53fe1	dense	4	32	rayon	0	1	361	501458	7735dac33e83dbe01d558a41b956c770f210a4a20a1829f66bfdb0cc7e484daf
Q-1	ca10a5e7ec84e13fbcc4a23bd0de8b0232c53fe1	dense	4	32	portable-union	0	2	362	227125	7735dac33e83dbe01d558a41b956c770f210a4a20a1829f66bfdb0cc7e484daf
Q-1	ca10a5e7ec84e13fbcc4a23bd0de8b0232c53fe1	dense	4	32	portable-worlds	0	3	363	228583	7735dac33e83dbe01d558a41b956c770f210a4a20a1829f66bfdb0cc7e484daf
Q-1	ca10a5e7ec84e13fbcc4a23bd0de8b0232c53fe1	dense	4	32	metal-union	0	4	364	1071792	7735dac33e83dbe01d558a41b956c770f210a4a20a1829f66bfdb0cc7e484daf
Q-1	ca10a5e7ec84e13fbcc4a23bd0de8b0232c53fe1	dense	4	32	metal-worlds	0	5	365	828375	7735dac33e83dbe01d558a41b956c770f210a4a20a1829f66bfdb0cc7e484daf
Q-1	ca10a5e7ec84e13fbcc4a23bd0de8b0232c53fe1	dense	4	32	rayon	1	0	366	496959	7735dac33e83dbe01d558a41b956c770f210a4a20a1829f66bfdb0cc7e484daf
Q-1	ca10a5e7ec84e13fbcc4a23bd0de8b0232c53fe1	dense	4	32	portable-union	1	1	367	228084	7735dac33e83dbe01d558a41b956c770f210a4a20a1829f66bfdb0cc7e484daf
Q-1	ca10a5e7ec84e13fbcc4a23bd0de8b0232c53fe1	dense	4	32	portable-worlds	1	2	368	231334	7735dac33e83dbe01d558a41b956c770f210a4a20a1829f66bfdb0cc7e484daf
Q-1	ca10a5e7ec84e13fbcc4a23bd0de8b0232c53fe1	dense	4	32	metal-union	1	3	369	943834	7735dac33e83dbe01d558a41b956c770f210a4a20a1829f66bfdb0cc7e484daf
Q-1	ca10a5e7ec84e13fbcc4a23bd0de8b0232c53fe1	dense	4	32	metal-worlds	1	4	370	826458	7735dac33e83dbe01d558a41b956c770f210a4a20a1829f66bfdb0cc7e484daf
Q-1	ca10a5e7ec84e13fbcc4a23bd0de8b0232c53fe1	dense	4	32	scalar	1	5	371	1451375	7735dac33e83dbe01d558a41b956c770f210a4a20a1829f66bfdb0cc7e484daf
Q-1	ca10a5e7ec84e13fbcc4a23bd0de8b0232c53fe1	dense	4	32	portable-union	2	0	372	239917	7735dac33e83dbe01d558a41b956c770f210a4a20a1829f66bfdb0cc7e484daf
Q-1	ca10a5e7ec84e13fbcc4a23bd0de8b0232c53fe1	dense	4	32	portable-worlds	2	1	373	229750	7735dac33e83dbe01d558a41b956c770f210a4a20a1829f66bfdb0cc7e484daf
Q-1	ca10a5e7ec84e13fbcc4a23bd0de8b0232c53fe1	dense	4	32	metal-union	2	2	374	1066083	7735dac33e83dbe01d558a41b956c770f210a4a20a1829f66bfdb0cc7e484daf
Q-1	ca10a5e7ec84e13fbcc4a23bd0de8b0232c53fe1	dense	4	32	metal-worlds	2	3	375	836292	7735dac33e83dbe01d558a41b956c770f210a4a20a1829f66bfdb0cc7e484daf
Q-1	ca10a5e7ec84e13fbcc4a23bd0de8b0232c53fe1	dense	4	32	scalar	2	4	376	1484125	7735dac33e83dbe01d558a41b956c770f210a4a20a1829f66bfdb0cc7e484daf
Q-1	ca10a5e7ec84e13fbcc4a23bd0de8b0232c53fe1	dense	4	32	rayon	2	5	377	489041	7735dac33e83dbe01d558a41b956c770f210a4a20a1829f66bfdb0cc7e484daf
Q-1	ca10a5e7ec84e13fbcc4a23bd0de8b0232c53fe1	dense	4	32	portable-worlds	3	0	378	232292	7735dac33e83dbe01d558a41b956c770f210a4a20a1829f66bfdb0cc7e484daf
Q-1	ca10a5e7ec84e13fbcc4a23bd0de8b0232c53fe1	dense	4	32	metal-union	3	1	379	1132666	7735dac33e83dbe01d558a41b956c770f210a4a20a1829f66bfdb0cc7e484daf
Q-1	ca10a5e7ec84e13fbcc4a23bd0de8b0232c53fe1	dense	4	32	metal-worlds	3	2	380	821375	7735dac33e83dbe01d558a41b956c770f210a4a20a1829f66bfdb0cc7e484daf
Q-1	ca10a5e7ec84e13fbcc4a23bd0de8b0232c53fe1	dense	4	32	scalar	3	3	381	1443666	7735dac33e83dbe01d558a41b956c770f210a4a20a1829f66bfdb0cc7e484daf
Q-1	ca10a5e7ec84e13fbcc4a23bd0de8b0232c53fe1	dense	4	32	rayon	3	4	382	496167	7735dac33e83dbe01d558a41b956c770f210a4a20a1829f66bfdb0cc7e484daf
Q-1	ca10a5e7ec84e13fbcc4a23bd0de8b0232c53fe1	dense	4	32	portable-union	3	5	383	225292	7735dac33e83dbe01d558a41b956c770f210a4a20a1829f66bfdb0cc7e484daf
Q-1	ca10a5e7ec84e13fbcc4a23bd0de8b0232c53fe1	dense	4	32	metal-union	4	0	384	1070584	7735dac33e83dbe01d558a41b956c770f210a4a20a1829f66bfdb0cc7e484daf
Q-1	ca10a5e7ec84e13fbcc4a23bd0de8b0232c53fe1	dense	4	32	metal-worlds	4	1	385	843167	7735dac33e83dbe01d558a41b956c770f210a4a20a1829f66bfdb0cc7e484daf
Q-1	ca10a5e7ec84e13fbcc4a23bd0de8b0232c53fe1	dense	4	32	scalar	4	2	386	1474792	7735dac33e83dbe01d558a41b956c770f210a4a20a1829f66bfdb0cc7e484daf
Q-1	ca10a5e7ec84e13fbcc4a23bd0de8b0232c53fe1	dense	4	32	rayon	4	3	387	498166	7735dac33e83dbe01d558a41b956c770f210a4a20a1829f66bfdb0cc7e484daf
Q-1	ca10a5e7ec84e13fbcc4a23bd0de8b0232c53fe1	dense	4	32	portable-union	4	4	388	225959	7735dac33e83dbe01d558a41b956c770f210a4a20a1829f66bfdb0cc7e484daf
Q-1	ca10a5e7ec84e13fbcc4a23bd0de8b0232c53fe1	dense	4	32	portable-worlds	4	5	389	230083	7735dac33e83dbe01d558a41b956c770f210a4a20a1829f66bfdb0cc7e484daf
Q-1	ca10a5e7ec84e13fbcc4a23bd0de8b0232c53fe1	dense	4	32	metal-worlds	5	0	390	1122000	7735dac33e83dbe01d558a41b956c770f210a4a20a1829f66bfdb0cc7e484daf
Q-1	ca10a5e7ec84e13fbcc4a23bd0de8b0232c53fe1	dense	4	32	scalar	5	1	391	1502458	7735dac33e83dbe01d558a41b956c770f210a4a20a1829f66bfdb0cc7e484daf
Q-1	ca10a5e7ec84e13fbcc4a23bd0de8b0232c53fe1	dense	4	32	rayon	5	2	392	484792	7735dac33e83dbe01d558a41b956c770f210a4a20a1829f66bfdb0cc7e484daf
Q-1	ca10a5e7ec84e13fbcc4a23bd0de8b0232c53fe1	dense	4	32	portable-union	5	3	393	236125	7735dac33e83dbe01d558a41b956c770f210a4a20a1829f66bfdb0cc7e484daf
Q-1	ca10a5e7ec84e13fbcc4a23bd0de8b0232c53fe1	dense	4	32	portable-worlds	5	4	394	229625	7735dac33e83dbe01d558a41b956c770f210a4a20a1829f66bfdb0cc7e484daf
Q-1	ca10a5e7ec84e13fbcc4a23bd0de8b0232c53fe1	dense	4	32	metal-union	5	5	395	1086708	7735dac33e83dbe01d558a41b956c770f210a4a20a1829f66bfdb0cc7e484daf
Q-1	ca10a5e7ec84e13fbcc4a23bd0de8b0232c53fe1	dense	4	32	scalar	6	0	396	1479375	7735dac33e83dbe01d558a41b956c770f210a4a20a1829f66bfdb0cc7e484daf
Q-1	ca10a5e7ec84e13fbcc4a23bd0de8b0232c53fe1	dense	4	32	rayon	6	1	397	490042	7735dac33e83dbe01d558a41b956c770f210a4a20a1829f66bfdb0cc7e484daf
Q-1	ca10a5e7ec84e13fbcc4a23bd0de8b0232c53fe1	dense	4	32	portable-union	6	2	398	226958	7735dac33e83dbe01d558a41b956c770f210a4a20a1829f66bfdb0cc7e484daf
Q-1	ca10a5e7ec84e13fbcc4a23bd0de8b0232c53fe1	dense	4	32	portable-worlds	6	3	399	228750	7735dac33e83dbe01d558a41b956c770f210a4a20a1829f66bfdb0cc7e484daf
Q-1	ca10a5e7ec84e13fbcc4a23bd0de8b0232c53fe1	dense	4	32	metal-union	6	4	400	1115750	7735dac33e83dbe01d558a41b956c770f210a4a20a1829f66bfdb0cc7e484daf
Q-1	ca10a5e7ec84e13fbcc4a23bd0de8b0232c53fe1	dense	4	32	metal-worlds	6	5	401	831459	7735dac33e83dbe01d558a41b956c770f210a4a20a1829f66bfdb0cc7e484daf
Q-1	ca10a5e7ec84e13fbcc4a23bd0de8b0232c53fe1	dense	4	32	rayon	7	0	402	485125	7735dac33e83dbe01d558a41b956c770f210a4a20a1829f66bfdb0cc7e484daf
Q-1	ca10a5e7ec84e13fbcc4a23bd0de8b0232c53fe1	dense	4	32	portable-union	7	1	403	225208	7735dac33e83dbe01d558a41b956c770f210a4a20a1829f66bfdb0cc7e484daf
Q-1	ca10a5e7ec84e13fbcc4a23bd0de8b0232c53fe1	dense	4	32	portable-worlds	7	2	404	229291	7735dac33e83dbe01d558a41b956c770f210a4a20a1829f66bfdb0cc7e484daf
Q-1	ca10a5e7ec84e13fbcc4a23bd0de8b0232c53fe1	dense	4	32	metal-union	7	3	405	810083	7735dac33e83dbe01d558a41b956c770f210a4a20a1829f66bfdb0cc7e484daf
Q-1	ca10a5e7ec84e13fbcc4a23bd0de8b0232c53fe1	dense	4	32	metal-worlds	7	4	406	827250	7735dac33e83dbe01d558a41b956c770f210a4a20a1829f66bfdb0cc7e484daf
Q-1	ca10a5e7ec84e13fbcc4a23bd0de8b0232c53fe1	dense	4	32	scalar	7	5	407	1459959	7735dac33e83dbe01d558a41b956c770f210a4a20a1829f66bfdb0cc7e484daf
Q-1	ca10a5e7ec84e13fbcc4a23bd0de8b0232c53fe1	dense	4	32	portable-union	8	0	408	230083	7735dac33e83dbe01d558a41b956c770f210a4a20a1829f66bfdb0cc7e484daf
Q-1	ca10a5e7ec84e13fbcc4a23bd0de8b0232c53fe1	dense	4	32	portable-worlds	8	1	409	240541	7735dac33e83dbe01d558a41b956c770f210a4a20a1829f66bfdb0cc7e484daf
Q-1	ca10a5e7ec84e13fbcc4a23bd0de8b0232c53fe1	dense	4	32	metal-union	8	2	410	1076333	7735dac33e83dbe01d558a41b956c770f210a4a20a1829f66bfdb0cc7e484daf
Q-1	ca10a5e7ec84e13fbcc4a23bd0de8b0232c53fe1	dense	4	32	metal-worlds	8	3	411	825125	7735dac33e83dbe01d558a41b956c770f210a4a20a1829f66bfdb0cc7e484daf
Q-1	ca10a5e7ec84e13fbcc4a23bd0de8b0232c53fe1	dense	4	32	scalar	8	4	412	1472209	7735dac33e83dbe01d558a41b956c770f210a4a20a1829f66bfdb0cc7e484daf
Q-1	ca10a5e7ec84e13fbcc4a23bd0de8b0232c53fe1	dense	4	32	rayon	8	5	413	480959	7735dac33e83dbe01d558a41b956c770f210a4a20a1829f66bfdb0cc7e484daf
Q-1	ca10a5e7ec84e13fbcc4a23bd0de8b0232c53fe1	dense	4	32	portable-worlds	9	0	414	230834	7735dac33e83dbe01d558a41b956c770f210a4a20a1829f66bfdb0cc7e484daf
Q-1	ca10a5e7ec84e13fbcc4a23bd0de8b0232c53fe1	dense	4	32	metal-union	9	1	415	1095667	7735dac33e83dbe01d558a41b956c770f210a4a20a1829f66bfdb0cc7e484daf
Q-1	ca10a5e7ec84e13fbcc4a23bd0de8b0232c53fe1	dense	4	32	metal-worlds	9	2	416	824083	7735dac33e83dbe01d558a41b956c770f210a4a20a1829f66bfdb0cc7e484daf
Q-1	ca10a5e7ec84e13fbcc4a23bd0de8b0232c53fe1	dense	4	32	scalar	9	3	417	1469167	7735dac33e83dbe01d558a41b956c770f210a4a20a1829f66bfdb0cc7e484daf
Q-1	ca10a5e7ec84e13fbcc4a23bd0de8b0232c53fe1	dense	4	32	rayon	9	4	418	481834	7735dac33e83dbe01d558a41b956c770f210a4a20a1829f66bfdb0cc7e484daf
Q-1	ca10a5e7ec84e13fbcc4a23bd0de8b0232c53fe1	dense	4	32	portable-union	9	5	419	225708	7735dac33e83dbe01d558a41b956c770f210a4a20a1829f66bfdb0cc7e484daf
Q-1	ca10a5e7ec84e13fbcc4a23bd0de8b0232c53fe1	dense	4	32	metal-union	10	0	420	1055292	7735dac33e83dbe01d558a41b956c770f210a4a20a1829f66bfdb0cc7e484daf
Q-1	ca10a5e7ec84e13fbcc4a23bd0de8b0232c53fe1	dense	4	32	metal-worlds	10	1	421	824500	7735dac33e83dbe01d558a41b956c770f210a4a20a1829f66bfdb0cc7e484daf
Q-1	ca10a5e7ec84e13fbcc4a23bd0de8b0232c53fe1	dense	4	32	scalar	10	2	422	1476375	7735dac33e83dbe01d558a41b956c770f210a4a20a1829f66bfdb0cc7e484daf
Q-1	ca10a5e7ec84e13fbcc4a23bd0de8b0232c53fe1	dense	4	32	rayon	10	3	423	480625	7735dac33e83dbe01d558a41b956c770f210a4a20a1829f66bfdb0cc7e484daf
Q-1	ca10a5e7ec84e13fbcc4a23bd0de8b0232c53fe1	dense	4	32	portable-union	10	4	424	226834	7735dac33e83dbe01d558a41b956c770f210a4a20a1829f66bfdb0cc7e484daf
Q-1	ca10a5e7ec84e13fbcc4a23bd0de8b0232c53fe1	dense	4	32	portable-worlds	10	5	425	230000	7735dac33e83dbe01d558a41b956c770f210a4a20a1829f66bfdb0cc7e484daf
Q-1	ca10a5e7ec84e13fbcc4a23bd0de8b0232c53fe1	dense	4	32	metal-worlds	11	0	426	1077541	7735dac33e83dbe01d558a41b956c770f210a4a20a1829f66bfdb0cc7e484daf
Q-1	ca10a5e7ec84e13fbcc4a23bd0de8b0232c53fe1	dense	4	32	scalar	11	1	427	1514542	7735dac33e83dbe01d558a41b956c770f210a4a20a1829f66bfdb0cc7e484daf
Q-1	ca10a5e7ec84e13fbcc4a23bd0de8b0232c53fe1	dense	4	32	rayon	11	2	428	487875	7735dac33e83dbe01d558a41b956c770f210a4a20a1829f66bfdb0cc7e484daf
Q-1	ca10a5e7ec84e13fbcc4a23bd0de8b0232c53fe1	dense	4	32	portable-union	11	3	429	241875	7735dac33e83dbe01d558a41b956c770f210a4a20a1829f66bfdb0cc7e484daf
Q-1	ca10a5e7ec84e13fbcc4a23bd0de8b0232c53fe1	dense	4	32	portable-worlds	11	4	430	229375	7735dac33e83dbe01d558a41b956c770f210a4a20a1829f66bfdb0cc7e484daf
Q-1	ca10a5e7ec84e13fbcc4a23bd0de8b0232c53fe1	dense	4	32	metal-union	11	5	431	1064000	7735dac33e83dbe01d558a41b956c770f210a4a20a1829f66bfdb0cc7e484daf
Q-1	ca10a5e7ec84e13fbcc4a23bd0de8b0232c53fe1	dense	8	1	scalar	0	0	432	398583	7735dac33e83dbe01d558a41b956c770f210a4a20a1829f66bfdb0cc7e484daf
Q-1	ca10a5e7ec84e13fbcc4a23bd0de8b0232c53fe1	dense	8	1	rayon	0	1	433	409792	7735dac33e83dbe01d558a41b956c770f210a4a20a1829f66bfdb0cc7e484daf
Q-1	ca10a5e7ec84e13fbcc4a23bd0de8b0232c53fe1	dense	8	1	portable-union	0	2	434	756625	7735dac33e83dbe01d558a41b956c770f210a4a20a1829f66bfdb0cc7e484daf
Q-1	ca10a5e7ec84e13fbcc4a23bd0de8b0232c53fe1	dense	8	1	portable-worlds	0	3	435	789834	7735dac33e83dbe01d558a41b956c770f210a4a20a1829f66bfdb0cc7e484daf
Q-1	ca10a5e7ec84e13fbcc4a23bd0de8b0232c53fe1	dense	8	1	metal-union	0	4	436	2420125	7735dac33e83dbe01d558a41b956c770f210a4a20a1829f66bfdb0cc7e484daf
Q-1	ca10a5e7ec84e13fbcc4a23bd0de8b0232c53fe1	dense	8	1	metal-worlds	0	5	437	2127083	7735dac33e83dbe01d558a41b956c770f210a4a20a1829f66bfdb0cc7e484daf
Q-1	ca10a5e7ec84e13fbcc4a23bd0de8b0232c53fe1	dense	8	1	rayon	1	0	438	417417	7735dac33e83dbe01d558a41b956c770f210a4a20a1829f66bfdb0cc7e484daf
Q-1	ca10a5e7ec84e13fbcc4a23bd0de8b0232c53fe1	dense	8	1	portable-union	1	1	439	720334	7735dac33e83dbe01d558a41b956c770f210a4a20a1829f66bfdb0cc7e484daf
Q-1	ca10a5e7ec84e13fbcc4a23bd0de8b0232c53fe1	dense	8	1	portable-worlds	1	2	440	770709	7735dac33e83dbe01d558a41b956c770f210a4a20a1829f66bfdb0cc7e484daf
Q-1	ca10a5e7ec84e13fbcc4a23bd0de8b0232c53fe1	dense	8	1	metal-union	1	3	441	2362834	7735dac33e83dbe01d558a41b956c770f210a4a20a1829f66bfdb0cc7e484daf
Q-1	ca10a5e7ec84e13fbcc4a23bd0de8b0232c53fe1	dense	8	1	metal-worlds	1	4	442	2150416	7735dac33e83dbe01d558a41b956c770f210a4a20a1829f66bfdb0cc7e484daf
Q-1	ca10a5e7ec84e13fbcc4a23bd0de8b0232c53fe1	dense	8	1	scalar	1	5	443	403708	7735dac33e83dbe01d558a41b956c770f210a4a20a1829f66bfdb0cc7e484daf
Q-1	ca10a5e7ec84e13fbcc4a23bd0de8b0232c53fe1	dense	8	1	portable-union	2	0	444	749792	7735dac33e83dbe01d558a41b956c770f210a4a20a1829f66bfdb0cc7e484daf
Q-1	ca10a5e7ec84e13fbcc4a23bd0de8b0232c53fe1	dense	8	1	portable-worlds	2	1	445	765042	7735dac33e83dbe01d558a41b956c770f210a4a20a1829f66bfdb0cc7e484daf
Q-1	ca10a5e7ec84e13fbcc4a23bd0de8b0232c53fe1	dense	8	1	metal-union	2	2	446	2376417	7735dac33e83dbe01d558a41b956c770f210a4a20a1829f66bfdb0cc7e484daf
Q-1	ca10a5e7ec84e13fbcc4a23bd0de8b0232c53fe1	dense	8	1	metal-worlds	2	3	447	2153917	7735dac33e83dbe01d558a41b956c770f210a4a20a1829f66bfdb0cc7e484daf
Q-1	ca10a5e7ec84e13fbcc4a23bd0de8b0232c53fe1	dense	8	1	scalar	2	4	448	406583	7735dac33e83dbe01d558a41b956c770f210a4a20a1829f66bfdb0cc7e484daf
Q-1	ca10a5e7ec84e13fbcc4a23bd0de8b0232c53fe1	dense	8	1	rayon	2	5	449	409916	7735dac33e83dbe01d558a41b956c770f210a4a20a1829f66bfdb0cc7e484daf
Q-1	ca10a5e7ec84e13fbcc4a23bd0de8b0232c53fe1	dense	8	1	portable-worlds	3	0	450	759208	7735dac33e83dbe01d558a41b956c770f210a4a20a1829f66bfdb0cc7e484daf
Q-1	ca10a5e7ec84e13fbcc4a23bd0de8b0232c53fe1	dense	8	1	metal-union	3	1	451	2348458	7735dac33e83dbe01d558a41b956c770f210a4a20a1829f66bfdb0cc7e484daf
Q-1	ca10a5e7ec84e13fbcc4a23bd0de8b0232c53fe1	dense	8	1	metal-worlds	3	2	452	2121417	7735dac33e83dbe01d558a41b956c770f210a4a20a1829f66bfdb0cc7e484daf
Q-1	ca10a5e7ec84e13fbcc4a23bd0de8b0232c53fe1	dense	8	1	scalar	3	3	453	398583	7735dac33e83dbe01d558a41b956c770f210a4a20a1829f66bfdb0cc7e484daf
Q-1	ca10a5e7ec84e13fbcc4a23bd0de8b0232c53fe1	dense	8	1	rayon	3	4	454	431083	7735dac33e83dbe01d558a41b956c770f210a4a20a1829f66bfdb0cc7e484daf
Q-1	ca10a5e7ec84e13fbcc4a23bd0de8b0232c53fe1	dense	8	1	portable-union	3	5	455	719875	7735dac33e83dbe01d558a41b956c770f210a4a20a1829f66bfdb0cc7e484daf
Q-1	ca10a5e7ec84e13fbcc4a23bd0de8b0232c53fe1	dense	8	1	metal-union	4	0	456	2370750	7735dac33e83dbe01d558a41b956c770f210a4a20a1829f66bfdb0cc7e484daf
Q-1	ca10a5e7ec84e13fbcc4a23bd0de8b0232c53fe1	dense	8	1	metal-worlds	4	1	457	2117042	7735dac33e83dbe01d558a41b956c770f210a4a20a1829f66bfdb0cc7e484daf
Q-1	ca10a5e7ec84e13fbcc4a23bd0de8b0232c53fe1	dense	8	1	scalar	4	2	458	397583	7735dac33e83dbe01d558a41b956c770f210a4a20a1829f66bfdb0cc7e484daf
Q-1	ca10a5e7ec84e13fbcc4a23bd0de8b0232c53fe1	dense	8	1	rayon	4	3	459	408958	7735dac33e83dbe01d558a41b956c770f210a4a20a1829f66bfdb0cc7e484daf
Q-1	ca10a5e7ec84e13fbcc4a23bd0de8b0232c53fe1	dense	8	1	portable-union	4	4	460	734750	7735dac33e83dbe01d558a41b956c770f210a4a20a1829f66bfdb0cc7e484daf
Q-1	ca10a5e7ec84e13fbcc4a23bd0de8b0232c53fe1	dense	8	1	portable-worlds	4	5	461	759458	7735dac33e83dbe01d558a41b956c770f210a4a20a1829f66bfdb0cc7e484daf
Q-1	ca10a5e7ec84e13fbcc4a23bd0de8b0232c53fe1	dense	8	1	metal-worlds	5	0	462	2396417	7735dac33e83dbe01d558a41b956c770f210a4a20a1829f66bfdb0cc7e484daf
Q-1	ca10a5e7ec84e13fbcc4a23bd0de8b0232c53fe1	dense	8	1	scalar	5	1	463	400583	7735dac33e83dbe01d558a41b956c770f210a4a20a1829f66bfdb0cc7e484daf
Q-1	ca10a5e7ec84e13fbcc4a23bd0de8b0232c53fe1	dense	8	1	rayon	5	2	464	409708	7735dac33e83dbe01d558a41b956c770f210a4a20a1829f66bfdb0cc7e484daf
Q-1	ca10a5e7ec84e13fbcc4a23bd0de8b0232c53fe1	dense	8	1	portable-union	5	3	465	745291	7735dac33e83dbe01d558a41b956c770f210a4a20a1829f66bfdb0cc7e484daf
Q-1	ca10a5e7ec84e13fbcc4a23bd0de8b0232c53fe1	dense	8	1	portable-worlds	5	4	466	746292	7735dac33e83dbe01d558a41b956c770f210a4a20a1829f66bfdb0cc7e484daf
Q-1	ca10a5e7ec84e13fbcc4a23bd0de8b0232c53fe1	dense	8	1	metal-union	5	5	467	2420625	7735dac33e83dbe01d558a41b956c770f210a4a20a1829f66bfdb0cc7e484daf
Q-1	ca10a5e7ec84e13fbcc4a23bd0de8b0232c53fe1	dense	8	1	scalar	6	0	468	398750	7735dac33e83dbe01d558a41b956c770f210a4a20a1829f66bfdb0cc7e484daf
Q-1	ca10a5e7ec84e13fbcc4a23bd0de8b0232c53fe1	dense	8	1	rayon	6	1	469	429334	7735dac33e83dbe01d558a41b956c770f210a4a20a1829f66bfdb0cc7e484daf
Q-1	ca10a5e7ec84e13fbcc4a23bd0de8b0232c53fe1	dense	8	1	portable-union	6	2	470	784792	7735dac33e83dbe01d558a41b956c770f210a4a20a1829f66bfdb0cc7e484daf
Q-1	ca10a5e7ec84e13fbcc4a23bd0de8b0232c53fe1	dense	8	1	portable-worlds	6	3	471	798208	7735dac33e83dbe01d558a41b956c770f210a4a20a1829f66bfdb0cc7e484daf
Q-1	ca10a5e7ec84e13fbcc4a23bd0de8b0232c53fe1	dense	8	1	metal-union	6	4	472	2418625	7735dac33e83dbe01d558a41b956c770f210a4a20a1829f66bfdb0cc7e484daf
Q-1	ca10a5e7ec84e13fbcc4a23bd0de8b0232c53fe1	dense	8	1	metal-worlds	6	5	473	2132750	7735dac33e83dbe01d558a41b956c770f210a4a20a1829f66bfdb0cc7e484daf
Q-1	ca10a5e7ec84e13fbcc4a23bd0de8b0232c53fe1	dense	8	1	rayon	7	0	474	409250	7735dac33e83dbe01d558a41b956c770f210a4a20a1829f66bfdb0cc7e484daf
Q-1	ca10a5e7ec84e13fbcc4a23bd0de8b0232c53fe1	dense	8	1	portable-union	7	1	475	790458	7735dac33e83dbe01d558a41b956c770f210a4a20a1829f66bfdb0cc7e484daf
Q-1	ca10a5e7ec84e13fbcc4a23bd0de8b0232c53fe1	dense	8	1	portable-worlds	7	2	476	786375	7735dac33e83dbe01d558a41b956c770f210a4a20a1829f66bfdb0cc7e484daf
Q-1	ca10a5e7ec84e13fbcc4a23bd0de8b0232c53fe1	dense	8	1	metal-union	7	3	477	2359333	7735dac33e83dbe01d558a41b956c770f210a4a20a1829f66bfdb0cc7e484daf
Q-1	ca10a5e7ec84e13fbcc4a23bd0de8b0232c53fe1	dense	8	1	metal-worlds	7	4	478	2218167	7735dac33e83dbe01d558a41b956c770f210a4a20a1829f66bfdb0cc7e484daf
Q-1	ca10a5e7ec84e13fbcc4a23bd0de8b0232c53fe1	dense	8	1	scalar	7	5	479	403792	7735dac33e83dbe01d558a41b956c770f210a4a20a1829f66bfdb0cc7e484daf
Q-1	ca10a5e7ec84e13fbcc4a23bd0de8b0232c53fe1	dense	8	1	portable-union	8	0	480	722917	7735dac33e83dbe01d558a41b956c770f210a4a20a1829f66bfdb0cc7e484daf
Q-1	ca10a5e7ec84e13fbcc4a23bd0de8b0232c53fe1	dense	8	1	portable-worlds	8	1	481	746750	7735dac33e83dbe01d558a41b956c770f210a4a20a1829f66bfdb0cc7e484daf
Q-1	ca10a5e7ec84e13fbcc4a23bd0de8b0232c53fe1	dense	8	1	metal-union	8	2	482	2388666	7735dac33e83dbe01d558a41b956c770f210a4a20a1829f66bfdb0cc7e484daf
Q-1	ca10a5e7ec84e13fbcc4a23bd0de8b0232c53fe1	dense	8	1	metal-worlds	8	3	483	2134292	7735dac33e83dbe01d558a41b956c770f210a4a20a1829f66bfdb0cc7e484daf
Q-1	ca10a5e7ec84e13fbcc4a23bd0de8b0232c53fe1	dense	8	1	scalar	8	4	484	403333	7735dac33e83dbe01d558a41b956c770f210a4a20a1829f66bfdb0cc7e484daf
Q-1	ca10a5e7ec84e13fbcc4a23bd0de8b0232c53fe1	dense	8	1	rayon	8	5	485	415500	7735dac33e83dbe01d558a41b956c770f210a4a20a1829f66bfdb0cc7e484daf
Q-1	ca10a5e7ec84e13fbcc4a23bd0de8b0232c53fe1	dense	8	1	portable-worlds	9	0	486	763625	7735dac33e83dbe01d558a41b956c770f210a4a20a1829f66bfdb0cc7e484daf
Q-1	ca10a5e7ec84e13fbcc4a23bd0de8b0232c53fe1	dense	8	1	metal-union	9	1	487	2337417	7735dac33e83dbe01d558a41b956c770f210a4a20a1829f66bfdb0cc7e484daf
Q-1	ca10a5e7ec84e13fbcc4a23bd0de8b0232c53fe1	dense	8	1	metal-worlds	9	2	488	2132334	7735dac33e83dbe01d558a41b956c770f210a4a20a1829f66bfdb0cc7e484daf
Q-1	ca10a5e7ec84e13fbcc4a23bd0de8b0232c53fe1	dense	8	1	scalar	9	3	489	418542	7735dac33e83dbe01d558a41b956c770f210a4a20a1829f66bfdb0cc7e484daf
Q-1	ca10a5e7ec84e13fbcc4a23bd0de8b0232c53fe1	dense	8	1	rayon	9	4	490	409042	7735dac33e83dbe01d558a41b956c770f210a4a20a1829f66bfdb0cc7e484daf
Q-1	ca10a5e7ec84e13fbcc4a23bd0de8b0232c53fe1	dense	8	1	portable-union	9	5	491	719000	7735dac33e83dbe01d558a41b956c770f210a4a20a1829f66bfdb0cc7e484daf
Q-1	ca10a5e7ec84e13fbcc4a23bd0de8b0232c53fe1	dense	8	1	metal-union	10	0	492	2478042	7735dac33e83dbe01d558a41b956c770f210a4a20a1829f66bfdb0cc7e484daf
Q-1	ca10a5e7ec84e13fbcc4a23bd0de8b0232c53fe1	dense	8	1	metal-worlds	10	1	493	2122167	7735dac33e83dbe01d558a41b956c770f210a4a20a1829f66bfdb0cc7e484daf
Q-1	ca10a5e7ec84e13fbcc4a23bd0de8b0232c53fe1	dense	8	1	scalar	10	2	494	397958	7735dac33e83dbe01d558a41b956c770f210a4a20a1829f66bfdb0cc7e484daf
Q-1	ca10a5e7ec84e13fbcc4a23bd0de8b0232c53fe1	dense	8	1	rayon	10	3	495	409167	7735dac33e83dbe01d558a41b956c770f210a4a20a1829f66bfdb0cc7e484daf
Q-1	ca10a5e7ec84e13fbcc4a23bd0de8b0232c53fe1	dense	8	1	portable-union	10	4	496	765042	7735dac33e83dbe01d558a41b956c770f210a4a20a1829f66bfdb0cc7e484daf
Q-1	ca10a5e7ec84e13fbcc4a23bd0de8b0232c53fe1	dense	8	1	portable-worlds	10	5	497	779750	7735dac33e83dbe01d558a41b956c770f210a4a20a1829f66bfdb0cc7e484daf
Q-1	ca10a5e7ec84e13fbcc4a23bd0de8b0232c53fe1	dense	8	1	metal-worlds	11	0	498	2368041	7735dac33e83dbe01d558a41b956c770f210a4a20a1829f66bfdb0cc7e484daf
Q-1	ca10a5e7ec84e13fbcc4a23bd0de8b0232c53fe1	dense	8	1	scalar	11	1	499	398125	7735dac33e83dbe01d558a41b956c770f210a4a20a1829f66bfdb0cc7e484daf
Q-1	ca10a5e7ec84e13fbcc4a23bd0de8b0232c53fe1	dense	8	1	rayon	11	2	500	423458	7735dac33e83dbe01d558a41b956c770f210a4a20a1829f66bfdb0cc7e484daf
Q-1	ca10a5e7ec84e13fbcc4a23bd0de8b0232c53fe1	dense	8	1	portable-union	11	3	501	756375	7735dac33e83dbe01d558a41b956c770f210a4a20a1829f66bfdb0cc7e484daf
Q-1	ca10a5e7ec84e13fbcc4a23bd0de8b0232c53fe1	dense	8	1	portable-worlds	11	4	502	795458	7735dac33e83dbe01d558a41b956c770f210a4a20a1829f66bfdb0cc7e484daf
Q-1	ca10a5e7ec84e13fbcc4a23bd0de8b0232c53fe1	dense	8	1	metal-union	11	5	503	2350833	7735dac33e83dbe01d558a41b956c770f210a4a20a1829f66bfdb0cc7e484daf
Q-1	ca10a5e7ec84e13fbcc4a23bd0de8b0232c53fe1	dense	8	32	scalar	0	0	504	13716833	7735dac33e83dbe01d558a41b956c770f210a4a20a1829f66bfdb0cc7e484daf
Q-1	ca10a5e7ec84e13fbcc4a23bd0de8b0232c53fe1	dense	8	32	rayon	0	1	505	3800958	7735dac33e83dbe01d558a41b956c770f210a4a20a1829f66bfdb0cc7e484daf
Q-1	ca10a5e7ec84e13fbcc4a23bd0de8b0232c53fe1	dense	8	32	portable-union	0	2	506	1920583	7735dac33e83dbe01d558a41b956c770f210a4a20a1829f66bfdb0cc7e484daf
Q-1	ca10a5e7ec84e13fbcc4a23bd0de8b0232c53fe1	dense	8	32	portable-worlds	0	3	507	2042166	7735dac33e83dbe01d558a41b956c770f210a4a20a1829f66bfdb0cc7e484daf
Q-1	ca10a5e7ec84e13fbcc4a23bd0de8b0232c53fe1	dense	8	32	metal-union	0	4	508	3589666	7735dac33e83dbe01d558a41b956c770f210a4a20a1829f66bfdb0cc7e484daf
Q-1	ca10a5e7ec84e13fbcc4a23bd0de8b0232c53fe1	dense	8	32	metal-worlds	0	5	509	4411834	7735dac33e83dbe01d558a41b956c770f210a4a20a1829f66bfdb0cc7e484daf
Q-1	ca10a5e7ec84e13fbcc4a23bd0de8b0232c53fe1	dense	8	32	rayon	1	0	510	3802917	7735dac33e83dbe01d558a41b956c770f210a4a20a1829f66bfdb0cc7e484daf
Q-1	ca10a5e7ec84e13fbcc4a23bd0de8b0232c53fe1	dense	8	32	portable-union	1	1	511	1975958	7735dac33e83dbe01d558a41b956c770f210a4a20a1829f66bfdb0cc7e484daf
Q-1	ca10a5e7ec84e13fbcc4a23bd0de8b0232c53fe1	dense	8	32	portable-worlds	1	2	512	2075167	7735dac33e83dbe01d558a41b956c770f210a4a20a1829f66bfdb0cc7e484daf
Q-1	ca10a5e7ec84e13fbcc4a23bd0de8b0232c53fe1	dense	8	32	metal-union	1	3	513	3525875	7735dac33e83dbe01d558a41b956c770f210a4a20a1829f66bfdb0cc7e484daf
Q-1	ca10a5e7ec84e13fbcc4a23bd0de8b0232c53fe1	dense	8	32	metal-worlds	1	4	514	4421667	7735dac33e83dbe01d558a41b956c770f210a4a20a1829f66bfdb0cc7e484daf
Q-1	ca10a5e7ec84e13fbcc4a23bd0de8b0232c53fe1	dense	8	32	scalar	1	5	515	13849667	7735dac33e83dbe01d558a41b956c770f210a4a20a1829f66bfdb0cc7e484daf
Q-1	ca10a5e7ec84e13fbcc4a23bd0de8b0232c53fe1	dense	8	32	portable-union	2	0	516	2024458	7735dac33e83dbe01d558a41b956c770f210a4a20a1829f66bfdb0cc7e484daf
Q-1	ca10a5e7ec84e13fbcc4a23bd0de8b0232c53fe1	dense	8	32	portable-worlds	2	1	517	2085208	7735dac33e83dbe01d558a41b956c770f210a4a20a1829f66bfdb0cc7e484daf
Q-1	ca10a5e7ec84e13fbcc4a23bd0de8b0232c53fe1	dense	8	32	metal-union	2	2	518	3544667	7735dac33e83dbe01d558a41b956c770f210a4a20a1829f66bfdb0cc7e484daf
Q-1	ca10a5e7ec84e13fbcc4a23bd0de8b0232c53fe1	dense	8	32	metal-worlds	2	3	519	4141917	7735dac33e83dbe01d558a41b956c770f210a4a20a1829f66bfdb0cc7e484daf
Q-1	ca10a5e7ec84e13fbcc4a23bd0de8b0232c53fe1	dense	8	32	scalar	2	4	520	13504875	7735dac33e83dbe01d558a41b956c770f210a4a20a1829f66bfdb0cc7e484daf
Q-1	ca10a5e7ec84e13fbcc4a23bd0de8b0232c53fe1	dense	8	32	rayon	2	5	521	3807166	7735dac33e83dbe01d558a41b956c770f210a4a20a1829f66bfdb0cc7e484daf
Q-1	ca10a5e7ec84e13fbcc4a23bd0de8b0232c53fe1	dense	8	32	portable-worlds	3	0	522	1925958	7735dac33e83dbe01d558a41b956c770f210a4a20a1829f66bfdb0cc7e484daf
Q-1	ca10a5e7ec84e13fbcc4a23bd0de8b0232c53fe1	dense	8	32	metal-union	3	1	523	3731792	7735dac33e83dbe01d558a41b956c770f210a4a20a1829f66bfdb0cc7e484daf
Q-1	ca10a5e7ec84e13fbcc4a23bd0de8b0232c53fe1	dense	8	32	metal-worlds	3	2	524	3205250	7735dac33e83dbe01d558a41b956c770f210a4a20a1829f66bfdb0cc7e484daf
Q-1	ca10a5e7ec84e13fbcc4a23bd0de8b0232c53fe1	dense	8	32	scalar	3	3	525	13331750	7735dac33e83dbe01d558a41b956c770f210a4a20a1829f66bfdb0cc7e484daf
Q-1	ca10a5e7ec84e13fbcc4a23bd0de8b0232c53fe1	dense	8	32	rayon	3	4	526	3795417	7735dac33e83dbe01d558a41b956c770f210a4a20a1829f66bfdb0cc7e484daf
Q-1	ca10a5e7ec84e13fbcc4a23bd0de8b0232c53fe1	dense	8	32	portable-union	3	5	527	1962333	7735dac33e83dbe01d558a41b956c770f210a4a20a1829f66bfdb0cc7e484daf
Q-1	ca10a5e7ec84e13fbcc4a23bd0de8b0232c53fe1	dense	8	32	metal-union	4	0	528	3580167	7735dac33e83dbe01d558a41b956c770f210a4a20a1829f66bfdb0cc7e484daf
Q-1	ca10a5e7ec84e13fbcc4a23bd0de8b0232c53fe1	dense	8	32	metal-worlds	4	1	529	3237167	7735dac33e83dbe01d558a41b956c770f210a4a20a1829f66bfdb0cc7e484daf
Q-1	ca10a5e7ec84e13fbcc4a23bd0de8b0232c53fe1	dense	8	32	scalar	4	2	530	13878417	7735dac33e83dbe01d558a41b956c770f210a4a20a1829f66bfdb0cc7e484daf
Q-1	ca10a5e7ec84e13fbcc4a23bd0de8b0232c53fe1	dense	8	32	rayon	4	3	531	3765416	7735dac33e83dbe01d558a41b956c770f210a4a20a1829f66bfdb0cc7e484daf
Q-1	ca10a5e7ec84e13fbcc4a23bd0de8b0232c53fe1	dense	8	32	portable-union	4	4	532	2029292	7735dac33e83dbe01d558a41b956c770f210a4a20a1829f66bfdb0cc7e484daf
Q-1	ca10a5e7ec84e13fbcc4a23bd0de8b0232c53fe1	dense	8	32	portable-worlds	4	5	533	2065084	7735dac33e83dbe01d558a41b956c770f210a4a20a1829f66bfdb0cc7e484daf
Q-1	ca10a5e7ec84e13fbcc4a23bd0de8b0232c53fe1	dense	8	32	metal-worlds	5	0	534	3530583	7735dac33e83dbe01d558a41b956c770f210a4a20a1829f66bfdb0cc7e484daf
Q-1	ca10a5e7ec84e13fbcc4a23bd0de8b0232c53fe1	dense	8	32	scalar	5	1	535	13328041	7735dac33e83dbe01d558a41b956c770f210a4a20a1829f66bfdb0cc7e484daf
Q-1	ca10a5e7ec84e13fbcc4a23bd0de8b0232c53fe1	dense	8	32	rayon	5	2	536	3757709	7735dac33e83dbe01d558a41b956c770f210a4a20a1829f66bfdb0cc7e484daf
Q-1	ca10a5e7ec84e13fbcc4a23bd0de8b0232c53fe1	dense	8	32	portable-union	5	3	537	1888750	7735dac33e83dbe01d558a41b956c770f210a4a20a1829f66bfdb0cc7e484daf
Q-1	ca10a5e7ec84e13fbcc4a23bd0de8b0232c53fe1	dense	8	32	portable-worlds	5	4	538	2028334	7735dac33e83dbe01d558a41b956c770f210a4a20a1829f66bfdb0cc7e484daf
Q-1	ca10a5e7ec84e13fbcc4a23bd0de8b0232c53fe1	dense	8	32	metal-union	5	5	539	4312875	7735dac33e83dbe01d558a41b956c770f210a4a20a1829f66bfdb0cc7e484daf
Q-1	ca10a5e7ec84e13fbcc4a23bd0de8b0232c53fe1	dense	8	32	scalar	6	0	540	13400667	7735dac33e83dbe01d558a41b956c770f210a4a20a1829f66bfdb0cc7e484daf
Q-1	ca10a5e7ec84e13fbcc4a23bd0de8b0232c53fe1	dense	8	32	rayon	6	1	541	3756041	7735dac33e83dbe01d558a41b956c770f210a4a20a1829f66bfdb0cc7e484daf
Q-1	ca10a5e7ec84e13fbcc4a23bd0de8b0232c53fe1	dense	8	32	portable-union	6	2	542	1941791	7735dac33e83dbe01d558a41b956c770f210a4a20a1829f66bfdb0cc7e484daf
Q-1	ca10a5e7ec84e13fbcc4a23bd0de8b0232c53fe1	dense	8	32	portable-worlds	6	3	543	2040042	7735dac33e83dbe01d558a41b956c770f210a4a20a1829f66bfdb0cc7e484daf
Q-1	ca10a5e7ec84e13fbcc4a23bd0de8b0232c53fe1	dense	8	32	metal-union	6	4	544	4957083	7735dac33e83dbe01d558a41b956c770f210a4a20a1829f66bfdb0cc7e484daf
Q-1	ca10a5e7ec84e13fbcc4a23bd0de8b0232c53fe1	dense	8	32	metal-worlds	6	5	545	3720750	7735dac33e83dbe01d558a41b956c770f210a4a20a1829f66bfdb0cc7e484daf
Q-1	ca10a5e7ec84e13fbcc4a23bd0de8b0232c53fe1	dense	8	32	rayon	7	0	546	3783333	7735dac33e83dbe01d558a41b956c770f210a4a20a1829f66bfdb0cc7e484daf
Q-1	ca10a5e7ec84e13fbcc4a23bd0de8b0232c53fe1	dense	8	32	portable-union	7	1	547	1935500	7735dac33e83dbe01d558a41b956c770f210a4a20a1829f66bfdb0cc7e484daf
Q-1	ca10a5e7ec84e13fbcc4a23bd0de8b0232c53fe1	dense	8	32	portable-worlds	7	2	548	2023666	7735dac33e83dbe01d558a41b956c770f210a4a20a1829f66bfdb0cc7e484daf
Q-1	ca10a5e7ec84e13fbcc4a23bd0de8b0232c53fe1	dense	8	32	metal-union	7	3	549	4703875	7735dac33e83dbe01d558a41b956c770f210a4a20a1829f66bfdb0cc7e484daf
Q-1	ca10a5e7ec84e13fbcc4a23bd0de8b0232c53fe1	dense	8	32	metal-worlds	7	4	550	3187792	7735dac33e83dbe01d558a41b956c770f210a4a20a1829f66bfdb0cc7e484daf
Q-1	ca10a5e7ec84e13fbcc4a23bd0de8b0232c53fe1	dense	8	32	scalar	7	5	551	13634708	7735dac33e83dbe01d558a41b956c770f210a4a20a1829f66bfdb0cc7e484daf
Q-1	ca10a5e7ec84e13fbcc4a23bd0de8b0232c53fe1	dense	8	32	portable-union	8	0	552	2023375	7735dac33e83dbe01d558a41b956c770f210a4a20a1829f66bfdb0cc7e484daf
Q-1	ca10a5e7ec84e13fbcc4a23bd0de8b0232c53fe1	dense	8	32	portable-worlds	8	1	553	2055542	7735dac33e83dbe01d558a41b956c770f210a4a20a1829f66bfdb0cc7e484daf
Q-1	ca10a5e7ec84e13fbcc4a23bd0de8b0232c53fe1	dense	8	32	metal-union	8	2	554	4078084	7735dac33e83dbe01d558a41b956c770f210a4a20a1829f66bfdb0cc7e484daf
Q-1	ca10a5e7ec84e13fbcc4a23bd0de8b0232c53fe1	dense	8	32	metal-worlds	8	3	555	3331417	7735dac33e83dbe01d558a41b956c770f210a4a20a1829f66bfdb0cc7e484daf
Q-1	ca10a5e7ec84e13fbcc4a23bd0de8b0232c53fe1	dense	8	32	scalar	8	4	556	13411833	7735dac33e83dbe01d558a41b956c770f210a4a20a1829f66bfdb0cc7e484daf
Q-1	ca10a5e7ec84e13fbcc4a23bd0de8b0232c53fe1	dense	8	32	rayon	8	5	557	3793250	7735dac33e83dbe01d558a41b956c770f210a4a20a1829f66bfdb0cc7e484daf
Q-1	ca10a5e7ec84e13fbcc4a23bd0de8b0232c53fe1	dense	8	32	portable-worlds	9	0	558	1983708	7735dac33e83dbe01d558a41b956c770f210a4a20a1829f66bfdb0cc7e484daf
Q-1	ca10a5e7ec84e13fbcc4a23bd0de8b0232c53fe1	dense	8	32	metal-union	9	1	559	3567917	7735dac33e83dbe01d558a41b956c770f210a4a20a1829f66bfdb0cc7e484daf
Q-1	ca10a5e7ec84e13fbcc4a23bd0de8b0232c53fe1	dense	8	32	metal-worlds	9	2	560	4146875	7735dac33e83dbe01d558a41b956c770f210a4a20a1829f66bfdb0cc7e484daf
Q-1	ca10a5e7ec84e13fbcc4a23bd0de8b0232c53fe1	dense	8	32	scalar	9	3	561	13847875	7735dac33e83dbe01d558a41b956c770f210a4a20a1829f66bfdb0cc7e484daf
Q-1	ca10a5e7ec84e13fbcc4a23bd0de8b0232c53fe1	dense	8	32	rayon	9	4	562	3775417	7735dac33e83dbe01d558a41b956c770f210a4a20a1829f66bfdb0cc7e484daf
Q-1	ca10a5e7ec84e13fbcc4a23bd0de8b0232c53fe1	dense	8	32	portable-union	9	5	563	2024250	7735dac33e83dbe01d558a41b956c770f210a4a20a1829f66bfdb0cc7e484daf
Q-1	ca10a5e7ec84e13fbcc4a23bd0de8b0232c53fe1	dense	8	32	metal-union	10	0	564	4648500	7735dac33e83dbe01d558a41b956c770f210a4a20a1829f66bfdb0cc7e484daf
Q-1	ca10a5e7ec84e13fbcc4a23bd0de8b0232c53fe1	dense	8	32	metal-worlds	10	1	565	3180541	7735dac33e83dbe01d558a41b956c770f210a4a20a1829f66bfdb0cc7e484daf
Q-1	ca10a5e7ec84e13fbcc4a23bd0de8b0232c53fe1	dense	8	32	scalar	10	2	566	13608583	7735dac33e83dbe01d558a41b956c770f210a4a20a1829f66bfdb0cc7e484daf
Q-1	ca10a5e7ec84e13fbcc4a23bd0de8b0232c53fe1	dense	8	32	rayon	10	3	567	3751958	7735dac33e83dbe01d558a41b956c770f210a4a20a1829f66bfdb0cc7e484daf
Q-1	ca10a5e7ec84e13fbcc4a23bd0de8b0232c53fe1	dense	8	32	portable-union	10	4	568	2024792	7735dac33e83dbe01d558a41b956c770f210a4a20a1829f66bfdb0cc7e484daf
Q-1	ca10a5e7ec84e13fbcc4a23bd0de8b0232c53fe1	dense	8	32	portable-worlds	10	5	569	2049292	7735dac33e83dbe01d558a41b956c770f210a4a20a1829f66bfdb0cc7e484daf
Q-1	ca10a5e7ec84e13fbcc4a23bd0de8b0232c53fe1	dense	8	32	metal-worlds	11	0	570	4067542	7735dac33e83dbe01d558a41b956c770f210a4a20a1829f66bfdb0cc7e484daf
Q-1	ca10a5e7ec84e13fbcc4a23bd0de8b0232c53fe1	dense	8	32	scalar	11	1	571	13766750	7735dac33e83dbe01d558a41b956c770f210a4a20a1829f66bfdb0cc7e484daf
Q-1	ca10a5e7ec84e13fbcc4a23bd0de8b0232c53fe1	dense	8	32	rayon	11	2	572	3782208	7735dac33e83dbe01d558a41b956c770f210a4a20a1829f66bfdb0cc7e484daf
Q-1	ca10a5e7ec84e13fbcc4a23bd0de8b0232c53fe1	dense	8	32	portable-union	11	3	573	1852958	7735dac33e83dbe01d558a41b956c770f210a4a20a1829f66bfdb0cc7e484daf
Q-1	ca10a5e7ec84e13fbcc4a23bd0de8b0232c53fe1	dense	8	32	portable-worlds	11	4	574	1951542	7735dac33e83dbe01d558a41b956c770f210a4a20a1829f66bfdb0cc7e484daf
Q-1	ca10a5e7ec84e13fbcc4a23bd0de8b0232c53fe1	dense	8	32	metal-union	11	5	575	4948541	7735dac33e83dbe01d558a41b956c770f210a4a20a1829f66bfdb0cc7e484daf
A-1	f56a5a2496f519d7b71b7c4c8fdc166c355874ff	sparse	4	1	scalar	0	0	0	6667	6e8a92449627414d94044c505d247c6949af2bb11a7f357f8391cd3dcfa6af5e
A-1	f56a5a2496f519d7b71b7c4c8fdc166c355874ff	sparse	4	1	rayon	0	1	1	15625	6e8a92449627414d94044c505d247c6949af2bb11a7f357f8391cd3dcfa6af5e
A-1	f56a5a2496f519d7b71b7c4c8fdc166c355874ff	sparse	4	1	portable-union	0	2	2	29750	6e8a92449627414d94044c505d247c6949af2bb11a7f357f8391cd3dcfa6af5e
A-1	f56a5a2496f519d7b71b7c4c8fdc166c355874ff	sparse	4	1	portable-worlds	0	3	3	20833	6e8a92449627414d94044c505d247c6949af2bb11a7f357f8391cd3dcfa6af5e
A-1	f56a5a2496f519d7b71b7c4c8fdc166c355874ff	sparse	4	1	metal-union	0	4	4	660708	6e8a92449627414d94044c505d247c6949af2bb11a7f357f8391cd3dcfa6af5e
A-1	f56a5a2496f519d7b71b7c4c8fdc166c355874ff	sparse	4	1	metal-worlds	0	5	5	672750	6e8a92449627414d94044c505d247c6949af2bb11a7f357f8391cd3dcfa6af5e
A-1	f56a5a2496f519d7b71b7c4c8fdc166c355874ff	sparse	4	1	rayon	1	0	6	13417	6e8a92449627414d94044c505d247c6949af2bb11a7f357f8391cd3dcfa6af5e
A-1	f56a5a2496f519d7b71b7c4c8fdc166c355874ff	sparse	4	1	portable-union	1	1	7	31875	6e8a92449627414d94044c505d247c6949af2bb11a7f357f8391cd3dcfa6af5e
A-1	f56a5a2496f519d7b71b7c4c8fdc166c355874ff	sparse	4	1	portable-worlds	1	2	8	19167	6e8a92449627414d94044c505d247c6949af2bb11a7f357f8391cd3dcfa6af5e
A-1	f56a5a2496f519d7b71b7c4c8fdc166c355874ff	sparse	4	1	metal-union	1	3	9	632208	6e8a92449627414d94044c505d247c6949af2bb11a7f357f8391cd3dcfa6af5e
A-1	f56a5a2496f519d7b71b7c4c8fdc166c355874ff	sparse	4	1	metal-worlds	1	4	10	1055750	6e8a92449627414d94044c505d247c6949af2bb11a7f357f8391cd3dcfa6af5e
A-1	f56a5a2496f519d7b71b7c4c8fdc166c355874ff	sparse	4	1	scalar	1	5	11	6958	6e8a92449627414d94044c505d247c6949af2bb11a7f357f8391cd3dcfa6af5e
A-1	f56a5a2496f519d7b71b7c4c8fdc166c355874ff	sparse	4	1	portable-union	2	0	12	22917	6e8a92449627414d94044c505d247c6949af2bb11a7f357f8391cd3dcfa6af5e
A-1	f56a5a2496f519d7b71b7c4c8fdc166c355874ff	sparse	4	1	portable-worlds	2	1	13	25291	6e8a92449627414d94044c505d247c6949af2bb11a7f357f8391cd3dcfa6af5e
A-1	f56a5a2496f519d7b71b7c4c8fdc166c355874ff	sparse	4	1	metal-union	2	2	14	1127333	6e8a92449627414d94044c505d247c6949af2bb11a7f357f8391cd3dcfa6af5e
A-1	f56a5a2496f519d7b71b7c4c8fdc166c355874ff	sparse	4	1	metal-worlds	2	3	15	1063916	6e8a92449627414d94044c505d247c6949af2bb11a7f357f8391cd3dcfa6af5e
A-1	f56a5a2496f519d7b71b7c4c8fdc166c355874ff	sparse	4	1	scalar	2	4	16	7666	6e8a92449627414d94044c505d247c6949af2bb11a7f357f8391cd3dcfa6af5e
A-1	f56a5a2496f519d7b71b7c4c8fdc166c355874ff	sparse	4	1	rayon	2	5	17	14208	6e8a92449627414d94044c505d247c6949af2bb11a7f357f8391cd3dcfa6af5e
A-1	f56a5a2496f519d7b71b7c4c8fdc166c355874ff	sparse	4	1	portable-worlds	3	0	18	26334	6e8a92449627414d94044c505d247c6949af2bb11a7f357f8391cd3dcfa6af5e
A-1	f56a5a2496f519d7b71b7c4c8fdc166c355874ff	sparse	4	1	metal-union	3	1	19	677625	6e8a92449627414d94044c505d247c6949af2bb11a7f357f8391cd3dcfa6af5e
A-1	f56a5a2496f519d7b71b7c4c8fdc166c355874ff	sparse	4	1	metal-worlds	3	2	20	657250	6e8a92449627414d94044c505d247c6949af2bb11a7f357f8391cd3dcfa6af5e
A-1	f56a5a2496f519d7b71b7c4c8fdc166c355874ff	sparse	4	1	scalar	3	3	21	6833	6e8a92449627414d94044c505d247c6949af2bb11a7f357f8391cd3dcfa6af5e
A-1	f56a5a2496f519d7b71b7c4c8fdc166c355874ff	sparse	4	1	rayon	3	4	22	12375	6e8a92449627414d94044c505d247c6949af2bb11a7f357f8391cd3dcfa6af5e
A-1	f56a5a2496f519d7b71b7c4c8fdc166c355874ff	sparse	4	1	portable-union	3	5	23	27083	6e8a92449627414d94044c505d247c6949af2bb11a7f357f8391cd3dcfa6af5e
A-1	f56a5a2496f519d7b71b7c4c8fdc166c355874ff	sparse	4	1	metal-union	4	0	24	622333	6e8a92449627414d94044c505d247c6949af2bb11a7f357f8391cd3dcfa6af5e
A-1	f56a5a2496f519d7b71b7c4c8fdc166c355874ff	sparse	4	1	metal-worlds	4	1	25	622750	6e8a92449627414d94044c505d247c6949af2bb11a7f357f8391cd3dcfa6af5e
A-1	f56a5a2496f519d7b71b7c4c8fdc166c355874ff	sparse	4	1	scalar	4	2	26	6792	6e8a92449627414d94044c505d247c6949af2bb11a7f357f8391cd3dcfa6af5e
A-1	f56a5a2496f519d7b71b7c4c8fdc166c355874ff	sparse	4	1	rayon	4	3	27	12167	6e8a92449627414d94044c505d247c6949af2bb11a7f357f8391cd3dcfa6af5e
A-1	f56a5a2496f519d7b71b7c4c8fdc166c355874ff	sparse	4	1	portable-union	4	4	28	27667	6e8a92449627414d94044c505d247c6949af2bb11a7f357f8391cd3dcfa6af5e
A-1	f56a5a2496f519d7b71b7c4c8fdc166c355874ff	sparse	4	1	portable-worlds	4	5	29	22833	6e8a92449627414d94044c505d247c6949af2bb11a7f357f8391cd3dcfa6af5e
A-1	f56a5a2496f519d7b71b7c4c8fdc166c355874ff	sparse	4	1	metal-worlds	5	0	30	641833	6e8a92449627414d94044c505d247c6949af2bb11a7f357f8391cd3dcfa6af5e
A-1	f56a5a2496f519d7b71b7c4c8fdc166c355874ff	sparse	4	1	scalar	5	1	31	11625	6e8a92449627414d94044c505d247c6949af2bb11a7f357f8391cd3dcfa6af5e
A-1	f56a5a2496f519d7b71b7c4c8fdc166c355874ff	sparse	4	1	rayon	5	2	32	16459	6e8a92449627414d94044c505d247c6949af2bb11a7f357f8391cd3dcfa6af5e
A-1	f56a5a2496f519d7b71b7c4c8fdc166c355874ff	sparse	4	1	portable-union	5	3	33	26916	6e8a92449627414d94044c505d247c6949af2bb11a7f357f8391cd3dcfa6af5e
A-1	f56a5a2496f519d7b71b7c4c8fdc166c355874ff	sparse	4	1	portable-worlds	5	4	34	21958	6e8a92449627414d94044c505d247c6949af2bb11a7f357f8391cd3dcfa6af5e
A-1	f56a5a2496f519d7b71b7c4c8fdc166c355874ff	sparse	4	1	metal-union	5	5	35	638625	6e8a92449627414d94044c505d247c6949af2bb11a7f357f8391cd3dcfa6af5e
A-1	f56a5a2496f519d7b71b7c4c8fdc166c355874ff	sparse	4	1	scalar	6	0	36	6583	6e8a92449627414d94044c505d247c6949af2bb11a7f357f8391cd3dcfa6af5e
A-1	f56a5a2496f519d7b71b7c4c8fdc166c355874ff	sparse	4	1	rayon	6	1	37	12041	6e8a92449627414d94044c505d247c6949af2bb11a7f357f8391cd3dcfa6af5e
A-1	f56a5a2496f519d7b71b7c4c8fdc166c355874ff	sparse	4	1	portable-union	6	2	38	26083	6e8a92449627414d94044c505d247c6949af2bb11a7f357f8391cd3dcfa6af5e
A-1	f56a5a2496f519d7b71b7c4c8fdc166c355874ff	sparse	4	1	portable-worlds	6	3	39	23042	6e8a92449627414d94044c505d247c6949af2bb11a7f357f8391cd3dcfa6af5e
A-1	f56a5a2496f519d7b71b7c4c8fdc166c355874ff	sparse	4	1	metal-union	6	4	40	649500	6e8a92449627414d94044c505d247c6949af2bb11a7f357f8391cd3dcfa6af5e
A-1	f56a5a2496f519d7b71b7c4c8fdc166c355874ff	sparse	4	1	metal-worlds	6	5	41	614416	6e8a92449627414d94044c505d247c6949af2bb11a7f357f8391cd3dcfa6af5e
A-1	f56a5a2496f519d7b71b7c4c8fdc166c355874ff	sparse	4	1	rayon	7	0	42	14583	6e8a92449627414d94044c505d247c6949af2bb11a7f357f8391cd3dcfa6af5e
A-1	f56a5a2496f519d7b71b7c4c8fdc166c355874ff	sparse	4	1	portable-union	7	1	43	26000	6e8a92449627414d94044c505d247c6949af2bb11a7f357f8391cd3dcfa6af5e
A-1	f56a5a2496f519d7b71b7c4c8fdc166c355874ff	sparse	4	1	portable-worlds	7	2	44	19625	6e8a92449627414d94044c505d247c6949af2bb11a7f357f8391cd3dcfa6af5e
A-1	f56a5a2496f519d7b71b7c4c8fdc166c355874ff	sparse	4	1	metal-union	7	3	45	638792	6e8a92449627414d94044c505d247c6949af2bb11a7f357f8391cd3dcfa6af5e
A-1	f56a5a2496f519d7b71b7c4c8fdc166c355874ff	sparse	4	1	metal-worlds	7	4	46	662125	6e8a92449627414d94044c505d247c6949af2bb11a7f357f8391cd3dcfa6af5e
A-1	f56a5a2496f519d7b71b7c4c8fdc166c355874ff	sparse	4	1	scalar	7	5	47	8959	6e8a92449627414d94044c505d247c6949af2bb11a7f357f8391cd3dcfa6af5e
A-1	f56a5a2496f519d7b71b7c4c8fdc166c355874ff	sparse	4	1	portable-union	8	0	48	25792	6e8a92449627414d94044c505d247c6949af2bb11a7f357f8391cd3dcfa6af5e
A-1	f56a5a2496f519d7b71b7c4c8fdc166c355874ff	sparse	4	1	portable-worlds	8	1	49	19250	6e8a92449627414d94044c505d247c6949af2bb11a7f357f8391cd3dcfa6af5e
A-1	f56a5a2496f519d7b71b7c4c8fdc166c355874ff	sparse	4	1	metal-union	8	2	50	633583	6e8a92449627414d94044c505d247c6949af2bb11a7f357f8391cd3dcfa6af5e
A-1	f56a5a2496f519d7b71b7c4c8fdc166c355874ff	sparse	4	1	metal-worlds	8	3	51	620458	6e8a92449627414d94044c505d247c6949af2bb11a7f357f8391cd3dcfa6af5e
A-1	f56a5a2496f519d7b71b7c4c8fdc166c355874ff	sparse	4	1	scalar	8	4	52	6541	6e8a92449627414d94044c505d247c6949af2bb11a7f357f8391cd3dcfa6af5e
A-1	f56a5a2496f519d7b71b7c4c8fdc166c355874ff	sparse	4	1	rayon	8	5	53	14125	6e8a92449627414d94044c505d247c6949af2bb11a7f357f8391cd3dcfa6af5e
A-1	f56a5a2496f519d7b71b7c4c8fdc166c355874ff	sparse	4	1	portable-worlds	9	0	54	26500	6e8a92449627414d94044c505d247c6949af2bb11a7f357f8391cd3dcfa6af5e
A-1	f56a5a2496f519d7b71b7c4c8fdc166c355874ff	sparse	4	1	metal-union	9	1	55	626667	6e8a92449627414d94044c505d247c6949af2bb11a7f357f8391cd3dcfa6af5e
A-1	f56a5a2496f519d7b71b7c4c8fdc166c355874ff	sparse	4	1	metal-worlds	9	2	56	631000	6e8a92449627414d94044c505d247c6949af2bb11a7f357f8391cd3dcfa6af5e
A-1	f56a5a2496f519d7b71b7c4c8fdc166c355874ff	sparse	4	1	scalar	9	3	57	5750	6e8a92449627414d94044c505d247c6949af2bb11a7f357f8391cd3dcfa6af5e
A-1	f56a5a2496f519d7b71b7c4c8fdc166c355874ff	sparse	4	1	rayon	9	4	58	12042	6e8a92449627414d94044c505d247c6949af2bb11a7f357f8391cd3dcfa6af5e
A-1	f56a5a2496f519d7b71b7c4c8fdc166c355874ff	sparse	4	1	portable-union	9	5	59	26375	6e8a92449627414d94044c505d247c6949af2bb11a7f357f8391cd3dcfa6af5e
A-1	f56a5a2496f519d7b71b7c4c8fdc166c355874ff	sparse	4	1	metal-union	10	0	60	652500	6e8a92449627414d94044c505d247c6949af2bb11a7f357f8391cd3dcfa6af5e
A-1	f56a5a2496f519d7b71b7c4c8fdc166c355874ff	sparse	4	1	metal-worlds	10	1	61	637250	6e8a92449627414d94044c505d247c6949af2bb11a7f357f8391cd3dcfa6af5e
A-1	f56a5a2496f519d7b71b7c4c8fdc166c355874ff	sparse	4	1	scalar	10	2	62	6333	6e8a92449627414d94044c505d247c6949af2bb11a7f357f8391cd3dcfa6af5e
A-1	f56a5a2496f519d7b71b7c4c8fdc166c355874ff	sparse	4	1	rayon	10	3	63	12000	6e8a92449627414d94044c505d247c6949af2bb11a7f357f8391cd3dcfa6af5e
A-1	f56a5a2496f519d7b71b7c4c8fdc166c355874ff	sparse	4	1	portable-union	10	4	64	26625	6e8a92449627414d94044c505d247c6949af2bb11a7f357f8391cd3dcfa6af5e
A-1	f56a5a2496f519d7b71b7c4c8fdc166c355874ff	sparse	4	1	portable-worlds	10	5	65	21958	6e8a92449627414d94044c505d247c6949af2bb11a7f357f8391cd3dcfa6af5e
A-1	f56a5a2496f519d7b71b7c4c8fdc166c355874ff	sparse	4	1	metal-worlds	11	0	66	627250	6e8a92449627414d94044c505d247c6949af2bb11a7f357f8391cd3dcfa6af5e
A-1	f56a5a2496f519d7b71b7c4c8fdc166c355874ff	sparse	4	1	scalar	11	1	67	7917	6e8a92449627414d94044c505d247c6949af2bb11a7f357f8391cd3dcfa6af5e
A-1	f56a5a2496f519d7b71b7c4c8fdc166c355874ff	sparse	4	1	rayon	11	2	68	13500	6e8a92449627414d94044c505d247c6949af2bb11a7f357f8391cd3dcfa6af5e
A-1	f56a5a2496f519d7b71b7c4c8fdc166c355874ff	sparse	4	1	portable-union	11	3	69	26250	6e8a92449627414d94044c505d247c6949af2bb11a7f357f8391cd3dcfa6af5e
A-1	f56a5a2496f519d7b71b7c4c8fdc166c355874ff	sparse	4	1	portable-worlds	11	4	70	22875	6e8a92449627414d94044c505d247c6949af2bb11a7f357f8391cd3dcfa6af5e
A-1	f56a5a2496f519d7b71b7c4c8fdc166c355874ff	sparse	4	1	metal-union	11	5	71	638709	6e8a92449627414d94044c505d247c6949af2bb11a7f357f8391cd3dcfa6af5e
A-1	f56a5a2496f519d7b71b7c4c8fdc166c355874ff	sparse	4	32	scalar	0	0	72	145834	6e8a92449627414d94044c505d247c6949af2bb11a7f357f8391cd3dcfa6af5e
A-1	f56a5a2496f519d7b71b7c4c8fdc166c355874ff	sparse	4	32	rayon	0	1	73	69917	6e8a92449627414d94044c505d247c6949af2bb11a7f357f8391cd3dcfa6af5e
A-1	f56a5a2496f519d7b71b7c4c8fdc166c355874ff	sparse	4	32	portable-union	0	2	74	120917	6e8a92449627414d94044c505d247c6949af2bb11a7f357f8391cd3dcfa6af5e
A-1	f56a5a2496f519d7b71b7c4c8fdc166c355874ff	sparse	4	32	portable-worlds	0	3	75	34584	6e8a92449627414d94044c505d247c6949af2bb11a7f357f8391cd3dcfa6af5e
A-1	f56a5a2496f519d7b71b7c4c8fdc166c355874ff	sparse	4	32	metal-union	0	4	76	729875	6e8a92449627414d94044c505d247c6949af2bb11a7f357f8391cd3dcfa6af5e
A-1	f56a5a2496f519d7b71b7c4c8fdc166c355874ff	sparse	4	32	metal-worlds	0	5	77	656000	6e8a92449627414d94044c505d247c6949af2bb11a7f357f8391cd3dcfa6af5e
A-1	f56a5a2496f519d7b71b7c4c8fdc166c355874ff	sparse	4	32	rayon	1	0	78	74000	6e8a92449627414d94044c505d247c6949af2bb11a7f357f8391cd3dcfa6af5e
A-1	f56a5a2496f519d7b71b7c4c8fdc166c355874ff	sparse	4	32	portable-union	1	1	79	117958	6e8a92449627414d94044c505d247c6949af2bb11a7f357f8391cd3dcfa6af5e
A-1	f56a5a2496f519d7b71b7c4c8fdc166c355874ff	sparse	4	32	portable-worlds	1	2	80	35000	6e8a92449627414d94044c505d247c6949af2bb11a7f357f8391cd3dcfa6af5e
A-1	f56a5a2496f519d7b71b7c4c8fdc166c355874ff	sparse	4	32	metal-union	1	3	81	718250	6e8a92449627414d94044c505d247c6949af2bb11a7f357f8391cd3dcfa6af5e
A-1	f56a5a2496f519d7b71b7c4c8fdc166c355874ff	sparse	4	32	metal-worlds	1	4	82	643959	6e8a92449627414d94044c505d247c6949af2bb11a7f357f8391cd3dcfa6af5e
A-1	f56a5a2496f519d7b71b7c4c8fdc166c355874ff	sparse	4	32	scalar	1	5	83	152458	6e8a92449627414d94044c505d247c6949af2bb11a7f357f8391cd3dcfa6af5e
A-1	f56a5a2496f519d7b71b7c4c8fdc166c355874ff	sparse	4	32	portable-union	2	0	84	119000	6e8a92449627414d94044c505d247c6949af2bb11a7f357f8391cd3dcfa6af5e
A-1	f56a5a2496f519d7b71b7c4c8fdc166c355874ff	sparse	4	32	portable-worlds	2	1	85	33708	6e8a92449627414d94044c505d247c6949af2bb11a7f357f8391cd3dcfa6af5e
A-1	f56a5a2496f519d7b71b7c4c8fdc166c355874ff	sparse	4	32	metal-union	2	2	86	738958	6e8a92449627414d94044c505d247c6949af2bb11a7f357f8391cd3dcfa6af5e
A-1	f56a5a2496f519d7b71b7c4c8fdc166c355874ff	sparse	4	32	metal-worlds	2	3	87	714167	6e8a92449627414d94044c505d247c6949af2bb11a7f357f8391cd3dcfa6af5e
A-1	f56a5a2496f519d7b71b7c4c8fdc166c355874ff	sparse	4	32	scalar	2	4	88	148917	6e8a92449627414d94044c505d247c6949af2bb11a7f357f8391cd3dcfa6af5e
A-1	f56a5a2496f519d7b71b7c4c8fdc166c355874ff	sparse	4	32	rayon	2	5	89	70875	6e8a92449627414d94044c505d247c6949af2bb11a7f357f8391cd3dcfa6af5e
A-1	f56a5a2496f519d7b71b7c4c8fdc166c355874ff	sparse	4	32	portable-worlds	3	0	90	37875	6e8a92449627414d94044c505d247c6949af2bb11a7f357f8391cd3dcfa6af5e
A-1	f56a5a2496f519d7b71b7c4c8fdc166c355874ff	sparse	4	32	metal-union	3	1	91	720334	6e8a92449627414d94044c505d247c6949af2bb11a7f357f8391cd3dcfa6af5e
A-1	f56a5a2496f519d7b71b7c4c8fdc166c355874ff	sparse	4	32	metal-worlds	3	2	92	652250	6e8a92449627414d94044c505d247c6949af2bb11a7f357f8391cd3dcfa6af5e
A-1	f56a5a2496f519d7b71b7c4c8fdc166c355874ff	sparse	4	32	scalar	3	3	93	151833	6e8a92449627414d94044c505d247c6949af2bb11a7f357f8391cd3dcfa6af5e
A-1	f56a5a2496f519d7b71b7c4c8fdc166c355874ff	sparse	4	32	rayon	3	4	94	76834	6e8a92449627414d94044c505d247c6949af2bb11a7f357f8391cd3dcfa6af5e
A-1	f56a5a2496f519d7b71b7c4c8fdc166c355874ff	sparse	4	32	portable-union	3	5	95	124292	6e8a92449627414d94044c505d247c6949af2bb11a7f357f8391cd3dcfa6af5e
A-1	f56a5a2496f519d7b71b7c4c8fdc166c355874ff	sparse	4	32	metal-union	4	0	96	754708	6e8a92449627414d94044c505d247c6949af2bb11a7f357f8391cd3dcfa6af5e
A-1	f56a5a2496f519d7b71b7c4c8fdc166c355874ff	sparse	4	32	metal-worlds	4	1	97	638083	6e8a92449627414d94044c505d247c6949af2bb11a7f357f8391cd3dcfa6af5e
A-1	f56a5a2496f519d7b71b7c4c8fdc166c355874ff	sparse	4	32	scalar	4	2	98	147833	6e8a92449627414d94044c505d247c6949af2bb11a7f357f8391cd3dcfa6af5e
A-1	f56a5a2496f519d7b71b7c4c8fdc166c355874ff	sparse	4	32	rayon	4	3	99	77333	6e8a92449627414d94044c505d247c6949af2bb11a7f357f8391cd3dcfa6af5e
A-1	f56a5a2496f519d7b71b7c4c8fdc166c355874ff	sparse	4	32	portable-union	4	4	100	128542	6e8a92449627414d94044c505d247c6949af2bb11a7f357f8391cd3dcfa6af5e
A-1	f56a5a2496f519d7b71b7c4c8fdc166c355874ff	sparse	4	32	portable-worlds	4	5	101	33417	6e8a92449627414d94044c505d247c6949af2bb11a7f357f8391cd3dcfa6af5e
A-1	f56a5a2496f519d7b71b7c4c8fdc166c355874ff	sparse	4	32	metal-worlds	5	0	102	641459	6e8a92449627414d94044c505d247c6949af2bb11a7f357f8391cd3dcfa6af5e
A-1	f56a5a2496f519d7b71b7c4c8fdc166c355874ff	sparse	4	32	scalar	5	1	103	150250	6e8a92449627414d94044c505d247c6949af2bb11a7f357f8391cd3dcfa6af5e
A-1	f56a5a2496f519d7b71b7c4c8fdc166c355874ff	sparse	4	32	rayon	5	2	104	79792	6e8a92449627414d94044c505d247c6949af2bb11a7f357f8391cd3dcfa6af5e
A-1	f56a5a2496f519d7b71b7c4c8fdc166c355874ff	sparse	4	32	portable-union	5	3	105	122167	6e8a92449627414d94044c505d247c6949af2bb11a7f357f8391cd3dcfa6af5e
A-1	f56a5a2496f519d7b71b7c4c8fdc166c355874ff	sparse	4	32	portable-worlds	5	4	106	32084	6e8a92449627414d94044c505d247c6949af2bb11a7f357f8391cd3dcfa6af5e
A-1	f56a5a2496f519d7b71b7c4c8fdc166c355874ff	sparse	4	32	metal-union	5	5	107	712041	6e8a92449627414d94044c505d247c6949af2bb11a7f357f8391cd3dcfa6af5e
A-1	f56a5a2496f519d7b71b7c4c8fdc166c355874ff	sparse	4	32	scalar	6	0	108	144500	6e8a92449627414d94044c505d247c6949af2bb11a7f357f8391cd3dcfa6af5e
A-1	f56a5a2496f519d7b71b7c4c8fdc166c355874ff	sparse	4	32	rayon	6	1	109	76125	6e8a92449627414d94044c505d247c6949af2bb11a7f357f8391cd3dcfa6af5e
A-1	f56a5a2496f519d7b71b7c4c8fdc166c355874ff	sparse	4	32	portable-union	6	2	110	116958	6e8a92449627414d94044c505d247c6949af2bb11a7f357f8391cd3dcfa6af5e
A-1	f56a5a2496f519d7b71b7c4c8fdc166c355874ff	sparse	4	32	portable-worlds	6	3	111	31334	6e8a92449627414d94044c505d247c6949af2bb11a7f357f8391cd3dcfa6af5e
A-1	f56a5a2496f519d7b71b7c4c8fdc166c355874ff	sparse	4	32	metal-union	6	4	112	710458	6e8a92449627414d94044c505d247c6949af2bb11a7f357f8391cd3dcfa6af5e
A-1	f56a5a2496f519d7b71b7c4c8fdc166c355874ff	sparse	4	32	metal-worlds	6	5	113	657167	6e8a92449627414d94044c505d247c6949af2bb11a7f357f8391cd3dcfa6af5e
A-1	f56a5a2496f519d7b71b7c4c8fdc166c355874ff	sparse	4	32	rayon	7	0	114	72208	6e8a92449627414d94044c505d247c6949af2bb11a7f357f8391cd3dcfa6af5e
A-1	f56a5a2496f519d7b71b7c4c8fdc166c355874ff	sparse	4	32	portable-union	7	1	115	122542	6e8a92449627414d94044c505d247c6949af2bb11a7f357f8391cd3dcfa6af5e
A-1	f56a5a2496f519d7b71b7c4c8fdc166c355874ff	sparse	4	32	portable-worlds	7	2	116	33458	6e8a92449627414d94044c505d247c6949af2bb11a7f357f8391cd3dcfa6af5e
A-1	f56a5a2496f519d7b71b7c4c8fdc166c355874ff	sparse	4	32	metal-union	7	3	117	800709	6e8a92449627414d94044c505d247c6949af2bb11a7f357f8391cd3dcfa6af5e
A-1	f56a5a2496f519d7b71b7c4c8fdc166c355874ff	sparse	4	32	metal-worlds	7	4	118	636500	6e8a92449627414d94044c505d247c6949af2bb11a7f357f8391cd3dcfa6af5e
A-1	f56a5a2496f519d7b71b7c4c8fdc166c355874ff	sparse	4	32	scalar	7	5	119	145125	6e8a92449627414d94044c505d247c6949af2bb11a7f357f8391cd3dcfa6af5e
A-1	f56a5a2496f519d7b71b7c4c8fdc166c355874ff	sparse	4	32	portable-union	8	0	120	106209	6e8a92449627414d94044c505d247c6949af2bb11a7f357f8391cd3dcfa6af5e
A-1	f56a5a2496f519d7b71b7c4c8fdc166c355874ff	sparse	4	32	portable-worlds	8	1	121	32500	6e8a92449627414d94044c505d247c6949af2bb11a7f357f8391cd3dcfa6af5e
A-1	f56a5a2496f519d7b71b7c4c8fdc166c355874ff	sparse	4	32	metal-union	8	2	122	709334	6e8a92449627414d94044c505d247c6949af2bb11a7f357f8391cd3dcfa6af5e
A-1	f56a5a2496f519d7b71b7c4c8fdc166c355874ff	sparse	4	32	metal-worlds	8	3	123	657834	6e8a92449627414d94044c505d247c6949af2bb11a7f357f8391cd3dcfa6af5e
A-1	f56a5a2496f519d7b71b7c4c8fdc166c355874ff	sparse	4	32	scalar	8	4	124	147792	6e8a92449627414d94044c505d247c6949af2bb11a7f357f8391cd3dcfa6af5e
A-1	f56a5a2496f519d7b71b7c4c8fdc166c355874ff	sparse	4	32	rayon	8	5	125	68875	6e8a92449627414d94044c505d247c6949af2bb11a7f357f8391cd3dcfa6af5e
A-1	f56a5a2496f519d7b71b7c4c8fdc166c355874ff	sparse	4	32	portable-worlds	9	0	126	41917	6e8a92449627414d94044c505d247c6949af2bb11a7f357f8391cd3dcfa6af5e
A-1	f56a5a2496f519d7b71b7c4c8fdc166c355874ff	sparse	4	32	metal-union	9	1	127	707208	6e8a92449627414d94044c505d247c6949af2bb11a7f357f8391cd3dcfa6af5e
A-1	f56a5a2496f519d7b71b7c4c8fdc166c355874ff	sparse	4	32	metal-worlds	9	2	128	647375	6e8a92449627414d94044c505d247c6949af2bb11a7f357f8391cd3dcfa6af5e
A-1	f56a5a2496f519d7b71b7c4c8fdc166c355874ff	sparse	4	32	scalar	9	3	129	153292	6e8a92449627414d94044c505d247c6949af2bb11a7f357f8391cd3dcfa6af5e
A-1	f56a5a2496f519d7b71b7c4c8fdc166c355874ff	sparse	4	32	rayon	9	4	130	72333	6e8a92449627414d94044c505d247c6949af2bb11a7f357f8391cd3dcfa6af5e
A-1	f56a5a2496f519d7b71b7c4c8fdc166c355874ff	sparse	4	32	portable-union	9	5	131	113250	6e8a92449627414d94044c505d247c6949af2bb11a7f357f8391cd3dcfa6af5e
A-1	f56a5a2496f519d7b71b7c4c8fdc166c355874ff	sparse	4	32	metal-union	10	0	132	811375	6e8a92449627414d94044c505d247c6949af2bb11a7f357f8391cd3dcfa6af5e
A-1	f56a5a2496f519d7b71b7c4c8fdc166c355874ff	sparse	4	32	metal-worlds	10	1	133	641292	6e8a92449627414d94044c505d247c6949af2bb11a7f357f8391cd3dcfa6af5e
A-1	f56a5a2496f519d7b71b7c4c8fdc166c355874ff	sparse	4	32	scalar	10	2	134	136625	6e8a92449627414d94044c505d247c6949af2bb11a7f357f8391cd3dcfa6af5e
A-1	f56a5a2496f519d7b71b7c4c8fdc166c355874ff	sparse	4	32	rayon	10	3	135	76875	6e8a92449627414d94044c505d247c6949af2bb11a7f357f8391cd3dcfa6af5e
A-1	f56a5a2496f519d7b71b7c4c8fdc166c355874ff	sparse	4	32	portable-union	10	4	136	113583	6e8a92449627414d94044c505d247c6949af2bb11a7f357f8391cd3dcfa6af5e
A-1	f56a5a2496f519d7b71b7c4c8fdc166c355874ff	sparse	4	32	portable-worlds	10	5	137	32375	6e8a92449627414d94044c505d247c6949af2bb11a7f357f8391cd3dcfa6af5e
A-1	f56a5a2496f519d7b71b7c4c8fdc166c355874ff	sparse	4	32	metal-worlds	11	0	138	659292	6e8a92449627414d94044c505d247c6949af2bb11a7f357f8391cd3dcfa6af5e
A-1	f56a5a2496f519d7b71b7c4c8fdc166c355874ff	sparse	4	32	scalar	11	1	139	140792	6e8a92449627414d94044c505d247c6949af2bb11a7f357f8391cd3dcfa6af5e
A-1	f56a5a2496f519d7b71b7c4c8fdc166c355874ff	sparse	4	32	rayon	11	2	140	67417	6e8a92449627414d94044c505d247c6949af2bb11a7f357f8391cd3dcfa6af5e
A-1	f56a5a2496f519d7b71b7c4c8fdc166c355874ff	sparse	4	32	portable-union	11	3	141	116834	6e8a92449627414d94044c505d247c6949af2bb11a7f357f8391cd3dcfa6af5e
A-1	f56a5a2496f519d7b71b7c4c8fdc166c355874ff	sparse	4	32	portable-worlds	11	4	142	34500	6e8a92449627414d94044c505d247c6949af2bb11a7f357f8391cd3dcfa6af5e
A-1	f56a5a2496f519d7b71b7c4c8fdc166c355874ff	sparse	4	32	metal-union	11	5	143	763959	6e8a92449627414d94044c505d247c6949af2bb11a7f357f8391cd3dcfa6af5e
A-1	f56a5a2496f519d7b71b7c4c8fdc166c355874ff	sparse	8	1	scalar	0	0	144	5458	6e8a92449627414d94044c505d247c6949af2bb11a7f357f8391cd3dcfa6af5e
A-1	f56a5a2496f519d7b71b7c4c8fdc166c355874ff	sparse	8	1	rayon	0	1	145	12541	6e8a92449627414d94044c505d247c6949af2bb11a7f357f8391cd3dcfa6af5e
A-1	f56a5a2496f519d7b71b7c4c8fdc166c355874ff	sparse	8	1	portable-union	0	2	146	47916	6e8a92449627414d94044c505d247c6949af2bb11a7f357f8391cd3dcfa6af5e
A-1	f56a5a2496f519d7b71b7c4c8fdc166c355874ff	sparse	8	1	portable-worlds	0	3	147	30792	6e8a92449627414d94044c505d247c6949af2bb11a7f357f8391cd3dcfa6af5e
A-1	f56a5a2496f519d7b71b7c4c8fdc166c355874ff	sparse	8	1	metal-union	0	4	148	629958	6e8a92449627414d94044c505d247c6949af2bb11a7f357f8391cd3dcfa6af5e
A-1	f56a5a2496f519d7b71b7c4c8fdc166c355874ff	sparse	8	1	metal-worlds	0	5	149	649791	6e8a92449627414d94044c505d247c6949af2bb11a7f357f8391cd3dcfa6af5e
A-1	f56a5a2496f519d7b71b7c4c8fdc166c355874ff	sparse	8	1	rayon	1	0	150	13041	6e8a92449627414d94044c505d247c6949af2bb11a7f357f8391cd3dcfa6af5e
A-1	f56a5a2496f519d7b71b7c4c8fdc166c355874ff	sparse	8	1	portable-union	1	1	151	47000	6e8a92449627414d94044c505d247c6949af2bb11a7f357f8391cd3dcfa6af5e
A-1	f56a5a2496f519d7b71b7c4c8fdc166c355874ff	sparse	8	1	portable-worlds	1	2	152	30750	6e8a92449627414d94044c505d247c6949af2bb11a7f357f8391cd3dcfa6af5e
A-1	f56a5a2496f519d7b71b7c4c8fdc166c355874ff	sparse	8	1	metal-union	1	3	153	642833	6e8a92449627414d94044c505d247c6949af2bb11a7f357f8391cd3dcfa6af5e
A-1	f56a5a2496f519d7b71b7c4c8fdc166c355874ff	sparse	8	1	metal-worlds	1	4	154	663375	6e8a92449627414d94044c505d247c6949af2bb11a7f357f8391cd3dcfa6af5e
A-1	f56a5a2496f519d7b71b7c4c8fdc166c355874ff	sparse	8	1	scalar	1	5	155	6834	6e8a92449627414d94044c505d247c6949af2bb11a7f357f8391cd3dcfa6af5e
A-1	f56a5a2496f519d7b71b7c4c8fdc166c355874ff	sparse	8	1	portable-union	2	0	156	32292	6e8a92449627414d94044c505d247c6949af2bb11a7f357f8391cd3dcfa6af5e
A-1	f56a5a2496f519d7b71b7c4c8fdc166c355874ff	sparse	8	1	portable-worlds	2	1	157	31208	6e8a92449627414d94044c505d247c6949af2bb11a7f357f8391cd3dcfa6af5e
A-1	f56a5a2496f519d7b71b7c4c8fdc166c355874ff	sparse	8	1	metal-union	2	2	158	647417	6e8a92449627414d94044c505d247c6949af2bb11a7f357f8391cd3dcfa6af5e
A-1	f56a5a2496f519d7b71b7c4c8fdc166c355874ff	sparse	8	1	metal-worlds	2	3	159	755500	6e8a92449627414d94044c505d247c6949af2bb11a7f357f8391cd3dcfa6af5e
A-1	f56a5a2496f519d7b71b7c4c8fdc166c355874ff	sparse	8	1	scalar	2	4	160	6750	6e8a92449627414d94044c505d247c6949af2bb11a7f357f8391cd3dcfa6af5e
A-1	f56a5a2496f519d7b71b7c4c8fdc166c355874ff	sparse	8	1	rayon	2	5	161	12375	6e8a92449627414d94044c505d247c6949af2bb11a7f357f8391cd3dcfa6af5e
A-1	f56a5a2496f519d7b71b7c4c8fdc166c355874ff	sparse	8	1	portable-worlds	3	0	162	45833	6e8a92449627414d94044c505d247c6949af2bb11a7f357f8391cd3dcfa6af5e
A-1	f56a5a2496f519d7b71b7c4c8fdc166c355874ff	sparse	8	1	metal-union	3	1	163	635625	6e8a92449627414d94044c505d247c6949af2bb11a7f357f8391cd3dcfa6af5e
A-1	f56a5a2496f519d7b71b7c4c8fdc166c355874ff	sparse	8	1	metal-worlds	3	2	164	641083	6e8a92449627414d94044c505d247c6949af2bb11a7f357f8391cd3dcfa6af5e
A-1	f56a5a2496f519d7b71b7c4c8fdc166c355874ff	sparse	8	1	scalar	3	3	165	7459	6e8a92449627414d94044c505d247c6949af2bb11a7f357f8391cd3dcfa6af5e
A-1	f56a5a2496f519d7b71b7c4c8fdc166c355874ff	sparse	8	1	rayon	3	4	166	12583	6e8a92449627414d94044c505d247c6949af2bb11a7f357f8391cd3dcfa6af5e
A-1	f56a5a2496f519d7b71b7c4c8fdc166c355874ff	sparse	8	1	portable-union	3	5	167	44875	6e8a92449627414d94044c505d247c6949af2bb11a7f357f8391cd3dcfa6af5e
A-1	f56a5a2496f519d7b71b7c4c8fdc166c355874ff	sparse	8	1	metal-union	4	0	168	631917	6e8a92449627414d94044c505d247c6949af2bb11a7f357f8391cd3dcfa6af5e
A-1	f56a5a2496f519d7b71b7c4c8fdc166c355874ff	sparse	8	1	metal-worlds	4	1	169	638875	6e8a92449627414d94044c505d247c6949af2bb11a7f357f8391cd3dcfa6af5e
A-1	f56a5a2496f519d7b71b7c4c8fdc166c355874ff	sparse	8	1	scalar	4	2	170	6875	6e8a92449627414d94044c505d247c6949af2bb11a7f357f8391cd3dcfa6af5e
A-1	f56a5a2496f519d7b71b7c4c8fdc166c355874ff	sparse	8	1	rayon	4	3	171	13458	6e8a92449627414d94044c505d247c6949af2bb11a7f357f8391cd3dcfa6af5e
A-1	f56a5a2496f519d7b71b7c4c8fdc166c355874ff	sparse	8	1	portable-union	4	4	172	45250	6e8a92449627414d94044c505d247c6949af2bb11a7f357f8391cd3dcfa6af5e
A-1	f56a5a2496f519d7b71b7c4c8fdc166c355874ff	sparse	8	1	portable-worlds	4	5	173	30416	6e8a92449627414d94044c505d247c6949af2bb11a7f357f8391cd3dcfa6af5e
A-1	f56a5a2496f519d7b71b7c4c8fdc166c355874ff	sparse	8	1	metal-worlds	5	0	174	640291	6e8a92449627414d94044c505d247c6949af2bb11a7f357f8391cd3dcfa6af5e
A-1	f56a5a2496f519d7b71b7c4c8fdc166c355874ff	sparse	8	1	scalar	5	1	175	6791	6e8a92449627414d94044c505d247c6949af2bb11a7f357f8391cd3dcfa6af5e
A-1	f56a5a2496f519d7b71b7c4c8fdc166c355874ff	sparse	8	1	rayon	5	2	176	12292	6e8a92449627414d94044c505d247c6949af2bb11a7f357f8391cd3dcfa6af5e
A-1	f56a5a2496f519d7b71b7c4c8fdc166c355874ff	sparse	8	1	portable-union	5	3	177	43875	6e8a92449627414d94044c505d247c6949af2bb11a7f357f8391cd3dcfa6af5e
A-1	f56a5a2496f519d7b71b7c4c8fdc166c355874ff	sparse	8	1	portable-worlds	5	4	178	30625	6e8a92449627414d94044c505d247c6949af2bb11a7f357f8391cd3dcfa6af5e
A-1	f56a5a2496f519d7b71b7c4c8fdc166c355874ff	sparse	8	1	metal-union	5	5	179	640542	6e8a92449627414d94044c505d247c6949af2bb11a7f357f8391cd3dcfa6af5e
A-1	f56a5a2496f519d7b71b7c4c8fdc166c355874ff	sparse	8	1	scalar	6	0	180	6833	6e8a92449627414d94044c505d247c6949af2bb11a7f357f8391cd3dcfa6af5e
A-1	f56a5a2496f519d7b71b7c4c8fdc166c355874ff	sparse	8	1	rayon	6	1	181	13000	6e8a92449627414d94044c505d247c6949af2bb11a7f357f8391cd3dcfa6af5e
A-1	f56a5a2496f519d7b71b7c4c8fdc166c355874ff	sparse	8	1	portable-union	6	2	182	45917	6e8a92449627414d94044c505d247c6949af2bb11a7f357f8391cd3dcfa6af5e
A-1	f56a5a2496f519d7b71b7c4c8fdc166c355874ff	sparse	8	1	portable-worlds	6	3	183	30458	6e8a92449627414d94044c505d247c6949af2bb11a7f357f8391cd3dcfa6af5e
A-1	f56a5a2496f519d7b71b7c4c8fdc166c355874ff	sparse	8	1	metal-union	6	4	184	638500	6e8a92449627414d94044c505d247c6949af2bb11a7f357f8391cd3dcfa6af5e
A-1	f56a5a2496f519d7b71b7c4c8fdc166c355874ff	sparse	8	1	metal-worlds	6	5	185	648333	6e8a92449627414d94044c505d247c6949af2bb11a7f357f8391cd3dcfa6af5e
A-1	f56a5a2496f519d7b71b7c4c8fdc166c355874ff	sparse	8	1	rayon	7	0	186	13167	6e8a92449627414d94044c505d247c6949af2bb11a7f357f8391cd3dcfa6af5e
A-1	f56a5a2496f519d7b71b7c4c8fdc166c355874ff	sparse	8	1	portable-union	7	1	187	48791	6e8a92449627414d94044c505d247c6949af2bb11a7f357f8391cd3dcfa6af5e
A-1	f56a5a2496f519d7b71b7c4c8fdc166c355874ff	sparse	8	1	portable-worlds	7	2	188	31500	6e8a92449627414d94044c505d247c6949af2bb11a7f357f8391cd3dcfa6af5e
A-1	f56a5a2496f519d7b71b7c4c8fdc166c355874ff	sparse	8	1	metal-union	7	3	189	646375	6e8a92449627414d94044c505d247c6949af2bb11a7f357f8391cd3dcfa6af5e
A-1	f56a5a2496f519d7b71b7c4c8fdc166c355874ff	sparse	8	1	metal-worlds	7	4	190	660541	6e8a92449627414d94044c505d247c6949af2bb11a7f357f8391cd3dcfa6af5e
A-1	f56a5a2496f519d7b71b7c4c8fdc166c355874ff	sparse	8	1	scalar	7	5	191	7083	6e8a92449627414d94044c505d247c6949af2bb11a7f357f8391cd3dcfa6af5e
A-1	f56a5a2496f519d7b71b7c4c8fdc166c355874ff	sparse	8	1	portable-union	8	0	192	31167	6e8a92449627414d94044c505d247c6949af2bb11a7f357f8391cd3dcfa6af5e
A-1	f56a5a2496f519d7b71b7c4c8fdc166c355874ff	sparse	8	1	portable-worlds	8	1	193	31417	6e8a92449627414d94044c505d247c6949af2bb11a7f357f8391cd3dcfa6af5e
A-1	f56a5a2496f519d7b71b7c4c8fdc166c355874ff	sparse	8	1	metal-union	8	2	194	860417	6e8a92449627414d94044c505d247c6949af2bb11a7f357f8391cd3dcfa6af5e
A-1	f56a5a2496f519d7b71b7c4c8fdc166c355874ff	sparse	8	1	metal-worlds	8	3	195	671208	6e8a92449627414d94044c505d247c6949af2bb11a7f357f8391cd3dcfa6af5e
A-1	f56a5a2496f519d7b71b7c4c8fdc166c355874ff	sparse	8	1	scalar	8	4	196	6125	6e8a92449627414d94044c505d247c6949af2bb11a7f357f8391cd3dcfa6af5e
A-1	f56a5a2496f519d7b71b7c4c8fdc166c355874ff	sparse	8	1	rayon	8	5	197	12084	6e8a92449627414d94044c505d247c6949af2bb11a7f357f8391cd3dcfa6af5e
A-1	f56a5a2496f519d7b71b7c4c8fdc166c355874ff	sparse	8	1	portable-worlds	9	0	198	44792	6e8a92449627414d94044c505d247c6949af2bb11a7f357f8391cd3dcfa6af5e
A-1	f56a5a2496f519d7b71b7c4c8fdc166c355874ff	sparse	8	1	metal-union	9	1	199	564292	6e8a92449627414d94044c505d247c6949af2bb11a7f357f8391cd3dcfa6af5e
A-1	f56a5a2496f519d7b71b7c4c8fdc166c355874ff	sparse	8	1	metal-worlds	9	2	200	598583	6e8a92449627414d94044c505d247c6949af2bb11a7f357f8391cd3dcfa6af5e
A-1	f56a5a2496f519d7b71b7c4c8fdc166c355874ff	sparse	8	1	scalar	9	3	201	5958	6e8a92449627414d94044c505d247c6949af2bb11a7f357f8391cd3dcfa6af5e
A-1	f56a5a2496f519d7b71b7c4c8fdc166c355874ff	sparse	8	1	rayon	9	4	202	12166	6e8a92449627414d94044c505d247c6949af2bb11a7f357f8391cd3dcfa6af5e
A-1	f56a5a2496f519d7b71b7c4c8fdc166c355874ff	sparse	8	1	portable-union	9	5	203	44166	6e8a92449627414d94044c505d247c6949af2bb11a7f357f8391cd3dcfa6af5e
A-1	f56a5a2496f519d7b71b7c4c8fdc166c355874ff	sparse	8	1	metal-union	10	0	204	567000	6e8a92449627414d94044c505d247c6949af2bb11a7f357f8391cd3dcfa6af5e
A-1	f56a5a2496f519d7b71b7c4c8fdc166c355874ff	sparse	8	1	metal-worlds	10	1	205	587125	6e8a92449627414d94044c505d247c6949af2bb11a7f357f8391cd3dcfa6af5e
A-1	f56a5a2496f519d7b71b7c4c8fdc166c355874ff	sparse	8	1	scalar	10	2	206	7083	6e8a92449627414d94044c505d247c6949af2bb11a7f357f8391cd3dcfa6af5e
A-1	f56a5a2496f519d7b71b7c4c8fdc166c355874ff	sparse	8	1	rayon	10	3	207	13458	6e8a92449627414d94044c505d247c6949af2bb11a7f357f8391cd3dcfa6af5e
A-1	f56a5a2496f519d7b71b7c4c8fdc166c355874ff	sparse	8	1	portable-union	10	4	208	45500	6e8a92449627414d94044c505d247c6949af2bb11a7f357f8391cd3dcfa6af5e
A-1	f56a5a2496f519d7b71b7c4c8fdc166c355874ff	sparse	8	1	portable-worlds	10	5	209	30291	6e8a92449627414d94044c505d247c6949af2bb11a7f357f8391cd3dcfa6af5e
A-1	f56a5a2496f519d7b71b7c4c8fdc166c355874ff	sparse	8	1	metal-worlds	11	0	210	548458	6e8a92449627414d94044c505d247c6949af2bb11a7f357f8391cd3dcfa6af5e
A-1	f56a5a2496f519d7b71b7c4c8fdc166c355874ff	sparse	8	1	scalar	11	1	211	6458	6e8a92449627414d94044c505d247c6949af2bb11a7f357f8391cd3dcfa6af5e
A-1	f56a5a2496f519d7b71b7c4c8fdc166c355874ff	sparse	8	1	rayon	11	2	212	12125	6e8a92449627414d94044c505d247c6949af2bb11a7f357f8391cd3dcfa6af5e
A-1	f56a5a2496f519d7b71b7c4c8fdc166c355874ff	sparse	8	1	portable-union	11	3	213	44666	6e8a92449627414d94044c505d247c6949af2bb11a7f357f8391cd3dcfa6af5e
A-1	f56a5a2496f519d7b71b7c4c8fdc166c355874ff	sparse	8	1	portable-worlds	11	4	214	30583	6e8a92449627414d94044c505d247c6949af2bb11a7f357f8391cd3dcfa6af5e
A-1	f56a5a2496f519d7b71b7c4c8fdc166c355874ff	sparse	8	1	metal-union	11	5	215	606083	6e8a92449627414d94044c505d247c6949af2bb11a7f357f8391cd3dcfa6af5e
A-1	f56a5a2496f519d7b71b7c4c8fdc166c355874ff	sparse	8	32	scalar	0	0	216	154792	6e8a92449627414d94044c505d247c6949af2bb11a7f357f8391cd3dcfa6af5e
A-1	f56a5a2496f519d7b71b7c4c8fdc166c355874ff	sparse	8	32	rayon	0	1	217	72375	6e8a92449627414d94044c505d247c6949af2bb11a7f357f8391cd3dcfa6af5e
A-1	f56a5a2496f519d7b71b7c4c8fdc166c355874ff	sparse	8	32	portable-union	0	2	218	769875	6e8a92449627414d94044c505d247c6949af2bb11a7f357f8391cd3dcfa6af5e
A-1	f56a5a2496f519d7b71b7c4c8fdc166c355874ff	sparse	8	32	portable-worlds	0	3	219	61208	6e8a92449627414d94044c505d247c6949af2bb11a7f357f8391cd3dcfa6af5e
A-1	f56a5a2496f519d7b71b7c4c8fdc166c355874ff	sparse	8	32	metal-union	0	4	220	2101500	6e8a92449627414d94044c505d247c6949af2bb11a7f357f8391cd3dcfa6af5e
A-1	f56a5a2496f519d7b71b7c4c8fdc166c355874ff	sparse	8	32	metal-worlds	0	5	221	672875	6e8a92449627414d94044c505d247c6949af2bb11a7f357f8391cd3dcfa6af5e
A-1	f56a5a2496f519d7b71b7c4c8fdc166c355874ff	sparse	8	32	rayon	1	0	222	68333	6e8a92449627414d94044c505d247c6949af2bb11a7f357f8391cd3dcfa6af5e
A-1	f56a5a2496f519d7b71b7c4c8fdc166c355874ff	sparse	8	32	portable-union	1	1	223	785875	6e8a92449627414d94044c505d247c6949af2bb11a7f357f8391cd3dcfa6af5e
A-1	f56a5a2496f519d7b71b7c4c8fdc166c355874ff	sparse	8	32	portable-worlds	1	2	224	66083	6e8a92449627414d94044c505d247c6949af2bb11a7f357f8391cd3dcfa6af5e
A-1	f56a5a2496f519d7b71b7c4c8fdc166c355874ff	sparse	8	32	metal-union	1	3	225	2096125	6e8a92449627414d94044c505d247c6949af2bb11a7f357f8391cd3dcfa6af5e
A-1	f56a5a2496f519d7b71b7c4c8fdc166c355874ff	sparse	8	32	metal-worlds	1	4	226	675375	6e8a92449627414d94044c505d247c6949af2bb11a7f357f8391cd3dcfa6af5e
A-1	f56a5a2496f519d7b71b7c4c8fdc166c355874ff	sparse	8	32	scalar	1	5	227	152709	6e8a92449627414d94044c505d247c6949af2bb11a7f357f8391cd3dcfa6af5e
A-1	f56a5a2496f519d7b71b7c4c8fdc166c355874ff	sparse	8	32	portable-union	2	0	228	771750	6e8a92449627414d94044c505d247c6949af2bb11a7f357f8391cd3dcfa6af5e
A-1	f56a5a2496f519d7b71b7c4c8fdc166c355874ff	sparse	8	32	portable-worlds	2	1	229	61791	6e8a92449627414d94044c505d247c6949af2bb11a7f357f8391cd3dcfa6af5e
A-1	f56a5a2496f519d7b71b7c4c8fdc166c355874ff	sparse	8	32	metal-union	2	2	230	2085875	6e8a92449627414d94044c505d247c6949af2bb11a7f357f8391cd3dcfa6af5e
A-1	f56a5a2496f519d7b71b7c4c8fdc166c355874ff	sparse	8	32	metal-worlds	2	3	231	668500	6e8a92449627414d94044c505d247c6949af2bb11a7f357f8391cd3dcfa6af5e
A-1	f56a5a2496f519d7b71b7c4c8fdc166c355874ff	sparse	8	32	scalar	2	4	232	157166	6e8a92449627414d94044c505d247c6949af2bb11a7f357f8391cd3dcfa6af5e
A-1	f56a5a2496f519d7b71b7c4c8fdc166c355874ff	sparse	8	32	rayon	2	5	233	67375	6e8a92449627414d94044c505d247c6949af2bb11a7f357f8391cd3dcfa6af5e
A-1	f56a5a2496f519d7b71b7c4c8fdc166c355874ff	sparse	8	32	portable-worlds	3	0	234	71500	6e8a92449627414d94044c505d247c6949af2bb11a7f357f8391cd3dcfa6af5e
A-1	f56a5a2496f519d7b71b7c4c8fdc166c355874ff	sparse	8	32	metal-union	3	1	235	2079167	6e8a92449627414d94044c505d247c6949af2bb11a7f357f8391cd3dcfa6af5e
A-1	f56a5a2496f519d7b71b7c4c8fdc166c355874ff	sparse	8	32	metal-worlds	3	2	236	677583	6e8a92449627414d94044c505d247c6949af2bb11a7f357f8391cd3dcfa6af5e
A-1	f56a5a2496f519d7b71b7c4c8fdc166c355874ff	sparse	8	32	scalar	3	3	237	154375	6e8a92449627414d94044c505d247c6949af2bb11a7f357f8391cd3dcfa6af5e
A-1	f56a5a2496f519d7b71b7c4c8fdc166c355874ff	sparse	8	32	rayon	3	4	238	70417	6e8a92449627414d94044c505d247c6949af2bb11a7f357f8391cd3dcfa6af5e
A-1	f56a5a2496f519d7b71b7c4c8fdc166c355874ff	sparse	8	32	portable-union	3	5	239	771416	6e8a92449627414d94044c505d247c6949af2bb11a7f357f8391cd3dcfa6af5e
A-1	f56a5a2496f519d7b71b7c4c8fdc166c355874ff	sparse	8	32	metal-union	4	0	240	2183250	6e8a92449627414d94044c505d247c6949af2bb11a7f357f8391cd3dcfa6af5e
A-1	f56a5a2496f519d7b71b7c4c8fdc166c355874ff	sparse	8	32	metal-worlds	4	1	241	675458	6e8a92449627414d94044c505d247c6949af2bb11a7f357f8391cd3dcfa6af5e
A-1	f56a5a2496f519d7b71b7c4c8fdc166c355874ff	sparse	8	32	scalar	4	2	242	151042	6e8a92449627414d94044c505d247c6949af2bb11a7f357f8391cd3dcfa6af5e
A-1	f56a5a2496f519d7b71b7c4c8fdc166c355874ff	sparse	8	32	rayon	4	3	243	65208	6e8a92449627414d94044c505d247c6949af2bb11a7f357f8391cd3dcfa6af5e
A-1	f56a5a2496f519d7b71b7c4c8fdc166c355874ff	sparse	8	32	portable-union	4	4	244	770084	6e8a92449627414d94044c505d247c6949af2bb11a7f357f8391cd3dcfa6af5e
A-1	f56a5a2496f519d7b71b7c4c8fdc166c355874ff	sparse	8	32	portable-worlds	4	5	245	59208	6e8a92449627414d94044c505d247c6949af2bb11a7f357f8391cd3dcfa6af5e
A-1	f56a5a2496f519d7b71b7c4c8fdc166c355874ff	sparse	8	32	metal-worlds	5	0	246	653375	6e8a92449627414d94044c505d247c6949af2bb11a7f357f8391cd3dcfa6af5e
A-1	f56a5a2496f519d7b71b7c4c8fdc166c355874ff	sparse	8	32	scalar	5	1	247	150333	6e8a92449627414d94044c505d247c6949af2bb11a7f357f8391cd3dcfa6af5e
A-1	f56a5a2496f519d7b71b7c4c8fdc166c355874ff	sparse	8	32	rayon	5	2	248	73542	6e8a92449627414d94044c505d247c6949af2bb11a7f357f8391cd3dcfa6af5e
A-1	f56a5a2496f519d7b71b7c4c8fdc166c355874ff	sparse	8	32	portable-union	5	3	249	764792	6e8a92449627414d94044c505d247c6949af2bb11a7f357f8391cd3dcfa6af5e
A-1	f56a5a2496f519d7b71b7c4c8fdc166c355874ff	sparse	8	32	portable-worlds	5	4	250	59333	6e8a92449627414d94044c505d247c6949af2bb11a7f357f8391cd3dcfa6af5e
A-1	f56a5a2496f519d7b71b7c4c8fdc166c355874ff	sparse	8	32	metal-union	5	5	251	2095667	6e8a92449627414d94044c505d247c6949af2bb11a7f357f8391cd3dcfa6af5e
A-1	f56a5a2496f519d7b71b7c4c8fdc166c355874ff	sparse	8	32	scalar	6	0	252	154208	6e8a92449627414d94044c505d247c6949af2bb11a7f357f8391cd3dcfa6af5e
A-1	f56a5a2496f519d7b71b7c4c8fdc166c355874ff	sparse	8	32	rayon	6	1	253	71291	6e8a92449627414d94044c505d247c6949af2bb11a7f357f8391cd3dcfa6af5e
A-1	f56a5a2496f519d7b71b7c4c8fdc166c355874ff	sparse	8	32	portable-union	6	2	254	764875	6e8a92449627414d94044c505d247c6949af2bb11a7f357f8391cd3dcfa6af5e
A-1	f56a5a2496f519d7b71b7c4c8fdc166c355874ff	sparse	8	32	portable-worlds	6	3	255	60167	6e8a92449627414d94044c505d247c6949af2bb11a7f357f8391cd3dcfa6af5e
A-1	f56a5a2496f519d7b71b7c4c8fdc166c355874ff	sparse	8	32	metal-union	6	4	256	2148042	6e8a92449627414d94044c505d247c6949af2bb11a7f357f8391cd3dcfa6af5e
A-1	f56a5a2496f519d7b71b7c4c8fdc166c355874ff	sparse	8	32	metal-worlds	6	5	257	671459	6e8a92449627414d94044c505d247c6949af2bb11a7f357f8391cd3dcfa6af5e
A-1	f56a5a2496f519d7b71b7c4c8fdc166c355874ff	sparse	8	32	rayon	7	0	258	69458	6e8a92449627414d94044c505d247c6949af2bb11a7f357f8391cd3dcfa6af5e
A-1	f56a5a2496f519d7b71b7c4c8fdc166c355874ff	sparse	8	32	portable-union	7	1	259	773042	6e8a92449627414d94044c505d247c6949af2bb11a7f357f8391cd3dcfa6af5e
A-1	f56a5a2496f519d7b71b7c4c8fdc166c355874ff	sparse	8	32	portable-worlds	7	2	260	59208	6e8a92449627414d94044c505d247c6949af2bb11a7f357f8391cd3dcfa6af5e
A-1	f56a5a2496f519d7b71b7c4c8fdc166c355874ff	sparse	8	32	metal-union	7	3	261	2141083	6e8a92449627414d94044c505d247c6949af2bb11a7f357f8391cd3dcfa6af5e
A-1	f56a5a2496f519d7b71b7c4c8fdc166c355874ff	sparse	8	32	metal-worlds	7	4	262	669459	6e8a92449627414d94044c505d247c6949af2bb11a7f357f8391cd3dcfa6af5e
A-1	f56a5a2496f519d7b71b7c4c8fdc166c355874ff	sparse	8	32	scalar	7	5	263	153416	6e8a92449627414d94044c505d247c6949af2bb11a7f357f8391cd3dcfa6af5e
A-1	f56a5a2496f519d7b71b7c4c8fdc166c355874ff	sparse	8	32	portable-union	8	0	264	759542	6e8a92449627414d94044c505d247c6949af2bb11a7f357f8391cd3dcfa6af5e
A-1	f56a5a2496f519d7b71b7c4c8fdc166c355874ff	sparse	8	32	portable-worlds	8	1	265	66458	6e8a92449627414d94044c505d247c6949af2bb11a7f357f8391cd3dcfa6af5e
A-1	f56a5a2496f519d7b71b7c4c8fdc166c355874ff	sparse	8	32	metal-union	8	2	266	2113292	6e8a92449627414d94044c505d247c6949af2bb11a7f357f8391cd3dcfa6af5e
A-1	f56a5a2496f519d7b71b7c4c8fdc166c355874ff	sparse	8	32	metal-worlds	8	3	267	670166	6e8a92449627414d94044c505d247c6949af2bb11a7f357f8391cd3dcfa6af5e
A-1	f56a5a2496f519d7b71b7c4c8fdc166c355874ff	sparse	8	32	scalar	8	4	268	150958	6e8a92449627414d94044c505d247c6949af2bb11a7f357f8391cd3dcfa6af5e
A-1	f56a5a2496f519d7b71b7c4c8fdc166c355874ff	sparse	8	32	rayon	8	5	269	70459	6e8a92449627414d94044c505d247c6949af2bb11a7f357f8391cd3dcfa6af5e
A-1	f56a5a2496f519d7b71b7c4c8fdc166c355874ff	sparse	8	32	portable-worlds	9	0	270	65250	6e8a92449627414d94044c505d247c6949af2bb11a7f357f8391cd3dcfa6af5e
A-1	f56a5a2496f519d7b71b7c4c8fdc166c355874ff	sparse	8	32	metal-union	9	1	271	2097375	6e8a92449627414d94044c505d247c6949af2bb11a7f357f8391cd3dcfa6af5e
A-1	f56a5a2496f519d7b71b7c4c8fdc166c355874ff	sparse	8	32	metal-worlds	9	2	272	672166	6e8a92449627414d94044c505d247c6949af2bb11a7f357f8391cd3dcfa6af5e
A-1	f56a5a2496f519d7b71b7c4c8fdc166c355874ff	sparse	8	32	scalar	9	3	273	147833	6e8a92449627414d94044c505d247c6949af2bb11a7f357f8391cd3dcfa6af5e
A-1	f56a5a2496f519d7b71b7c4c8fdc166c355874ff	sparse	8	32	rayon	9	4	274	69583	6e8a92449627414d94044c505d247c6949af2bb11a7f357f8391cd3dcfa6af5e
A-1	f56a5a2496f519d7b71b7c4c8fdc166c355874ff	sparse	8	32	portable-union	9	5	275	785708	6e8a92449627414d94044c505d247c6949af2bb11a7f357f8391cd3dcfa6af5e
A-1	f56a5a2496f519d7b71b7c4c8fdc166c355874ff	sparse	8	32	metal-union	10	0	276	2105125	6e8a92449627414d94044c505d247c6949af2bb11a7f357f8391cd3dcfa6af5e
A-1	f56a5a2496f519d7b71b7c4c8fdc166c355874ff	sparse	8	32	metal-worlds	10	1	277	676375	6e8a92449627414d94044c505d247c6949af2bb11a7f357f8391cd3dcfa6af5e
A-1	f56a5a2496f519d7b71b7c4c8fdc166c355874ff	sparse	8	32	scalar	10	2	278	147417	6e8a92449627414d94044c505d247c6949af2bb11a7f357f8391cd3dcfa6af5e
A-1	f56a5a2496f519d7b71b7c4c8fdc166c355874ff	sparse	8	32	rayon	10	3	279	67500	6e8a92449627414d94044c505d247c6949af2bb11a7f357f8391cd3dcfa6af5e
A-1	f56a5a2496f519d7b71b7c4c8fdc166c355874ff	sparse	8	32	portable-union	10	4	280	761625	6e8a92449627414d94044c505d247c6949af2bb11a7f357f8391cd3dcfa6af5e
A-1	f56a5a2496f519d7b71b7c4c8fdc166c355874ff	sparse	8	32	portable-worlds	10	5	281	59291	6e8a92449627414d94044c505d247c6949af2bb11a7f357f8391cd3dcfa6af5e
A-1	f56a5a2496f519d7b71b7c4c8fdc166c355874ff	sparse	8	32	metal-worlds	11	0	282	656167	6e8a92449627414d94044c505d247c6949af2bb11a7f357f8391cd3dcfa6af5e
A-1	f56a5a2496f519d7b71b7c4c8fdc166c355874ff	sparse	8	32	scalar	11	1	283	150875	6e8a92449627414d94044c505d247c6949af2bb11a7f357f8391cd3dcfa6af5e
A-1	f56a5a2496f519d7b71b7c4c8fdc166c355874ff	sparse	8	32	rayon	11	2	284	67333	6e8a92449627414d94044c505d247c6949af2bb11a7f357f8391cd3dcfa6af5e
A-1	f56a5a2496f519d7b71b7c4c8fdc166c355874ff	sparse	8	32	portable-union	11	3	285	765709	6e8a92449627414d94044c505d247c6949af2bb11a7f357f8391cd3dcfa6af5e
A-1	f56a5a2496f519d7b71b7c4c8fdc166c355874ff	sparse	8	32	portable-worlds	11	4	286	59167	6e8a92449627414d94044c505d247c6949af2bb11a7f357f8391cd3dcfa6af5e
A-1	f56a5a2496f519d7b71b7c4c8fdc166c355874ff	sparse	8	32	metal-union	11	5	287	2058125	6e8a92449627414d94044c505d247c6949af2bb11a7f357f8391cd3dcfa6af5e
A-1	f56a5a2496f519d7b71b7c4c8fdc166c355874ff	dense	4	1	scalar	0	0	288	56875	6e8a92449627414d94044c505d247c6949af2bb11a7f357f8391cd3dcfa6af5e
A-1	f56a5a2496f519d7b71b7c4c8fdc166c355874ff	dense	4	1	rayon	0	1	289	69417	6e8a92449627414d94044c505d247c6949af2bb11a7f357f8391cd3dcfa6af5e
A-1	f56a5a2496f519d7b71b7c4c8fdc166c355874ff	dense	4	1	portable-union	0	2	290	95625	6e8a92449627414d94044c505d247c6949af2bb11a7f357f8391cd3dcfa6af5e
A-1	f56a5a2496f519d7b71b7c4c8fdc166c355874ff	dense	4	1	portable-worlds	0	3	291	91250	6e8a92449627414d94044c505d247c6949af2bb11a7f357f8391cd3dcfa6af5e
A-1	f56a5a2496f519d7b71b7c4c8fdc166c355874ff	dense	4	1	metal-union	0	4	292	705000	6e8a92449627414d94044c505d247c6949af2bb11a7f357f8391cd3dcfa6af5e
A-1	f56a5a2496f519d7b71b7c4c8fdc166c355874ff	dense	4	1	metal-worlds	0	5	293	711167	6e8a92449627414d94044c505d247c6949af2bb11a7f357f8391cd3dcfa6af5e
A-1	f56a5a2496f519d7b71b7c4c8fdc166c355874ff	dense	4	1	rayon	1	0	294	72500	6e8a92449627414d94044c505d247c6949af2bb11a7f357f8391cd3dcfa6af5e
A-1	f56a5a2496f519d7b71b7c4c8fdc166c355874ff	dense	4	1	portable-union	1	1	295	97625	6e8a92449627414d94044c505d247c6949af2bb11a7f357f8391cd3dcfa6af5e
A-1	f56a5a2496f519d7b71b7c4c8fdc166c355874ff	dense	4	1	portable-worlds	1	2	296	91125	6e8a92449627414d94044c505d247c6949af2bb11a7f357f8391cd3dcfa6af5e
A-1	f56a5a2496f519d7b71b7c4c8fdc166c355874ff	dense	4	1	metal-union	1	3	297	728334	6e8a92449627414d94044c505d247c6949af2bb11a7f357f8391cd3dcfa6af5e
A-1	f56a5a2496f519d7b71b7c4c8fdc166c355874ff	dense	4	1	metal-worlds	1	4	298	720291	6e8a92449627414d94044c505d247c6949af2bb11a7f357f8391cd3dcfa6af5e
A-1	f56a5a2496f519d7b71b7c4c8fdc166c355874ff	dense	4	1	scalar	1	5	299	62583	6e8a92449627414d94044c505d247c6949af2bb11a7f357f8391cd3dcfa6af5e
A-1	f56a5a2496f519d7b71b7c4c8fdc166c355874ff	dense	4	1	portable-union	2	0	300	91584	6e8a92449627414d94044c505d247c6949af2bb11a7f357f8391cd3dcfa6af5e
A-1	f56a5a2496f519d7b71b7c4c8fdc166c355874ff	dense	4	1	portable-worlds	2	1	301	90292	6e8a92449627414d94044c505d247c6949af2bb11a7f357f8391cd3dcfa6af5e
A-1	f56a5a2496f519d7b71b7c4c8fdc166c355874ff	dense	4	1	metal-union	2	2	302	697792	6e8a92449627414d94044c505d247c6949af2bb11a7f357f8391cd3dcfa6af5e
A-1	f56a5a2496f519d7b71b7c4c8fdc166c355874ff	dense	4	1	metal-worlds	2	3	303	721250	6e8a92449627414d94044c505d247c6949af2bb11a7f357f8391cd3dcfa6af5e
A-1	f56a5a2496f519d7b71b7c4c8fdc166c355874ff	dense	4	1	scalar	2	4	304	60667	6e8a92449627414d94044c505d247c6949af2bb11a7f357f8391cd3dcfa6af5e
A-1	f56a5a2496f519d7b71b7c4c8fdc166c355874ff	dense	4	1	rayon	2	5	305	67959	6e8a92449627414d94044c505d247c6949af2bb11a7f357f8391cd3dcfa6af5e
A-1	f56a5a2496f519d7b71b7c4c8fdc166c355874ff	dense	4	1	portable-worlds	3	0	306	95458	6e8a92449627414d94044c505d247c6949af2bb11a7f357f8391cd3dcfa6af5e
A-1	f56a5a2496f519d7b71b7c4c8fdc166c355874ff	dense	4	1	metal-union	3	1	307	790667	6e8a92449627414d94044c505d247c6949af2bb11a7f357f8391cd3dcfa6af5e
A-1	f56a5a2496f519d7b71b7c4c8fdc166c355874ff	dense	4	1	metal-worlds	3	2	308	707917	6e8a92449627414d94044c505d247c6949af2bb11a7f357f8391cd3dcfa6af5e
A-1	f56a5a2496f519d7b71b7c4c8fdc166c355874ff	dense	4	1	scalar	3	3	309	59333	6e8a92449627414d94044c505d247c6949af2bb11a7f357f8391cd3dcfa6af5e
A-1	f56a5a2496f519d7b71b7c4c8fdc166c355874ff	dense	4	1	rayon	3	4	310	67000	6e8a92449627414d94044c505d247c6949af2bb11a7f357f8391cd3dcfa6af5e
A-1	f56a5a2496f519d7b71b7c4c8fdc166c355874ff	dense	4	1	portable-union	3	5	311	94291	6e8a92449627414d94044c505d247c6949af2bb11a7f357f8391cd3dcfa6af5e
A-1	f56a5a2496f519d7b71b7c4c8fdc166c355874ff	dense	4	1	metal-union	4	0	312	694250	6e8a92449627414d94044c505d247c6949af2bb11a7f357f8391cd3dcfa6af5e
A-1	f56a5a2496f519d7b71b7c4c8fdc166c355874ff	dense	4	1	metal-worlds	4	1	313	709083	6e8a92449627414d94044c505d247c6949af2bb11a7f357f8391cd3dcfa6af5e
A-1	f56a5a2496f519d7b71b7c4c8fdc166c355874ff	dense	4	1	scalar	4	2	314	64250	6e8a92449627414d94044c505d247c6949af2bb11a7f357f8391cd3dcfa6af5e
A-1	f56a5a2496f519d7b71b7c4c8fdc166c355874ff	dense	4	1	rayon	4	3	315	72167	6e8a92449627414d94044c505d247c6949af2bb11a7f357f8391cd3dcfa6af5e
A-1	f56a5a2496f519d7b71b7c4c8fdc166c355874ff	dense	4	1	portable-union	4	4	316	101625	6e8a92449627414d94044c505d247c6949af2bb11a7f357f8391cd3dcfa6af5e
A-1	f56a5a2496f519d7b71b7c4c8fdc166c355874ff	dense	4	1	portable-worlds	4	5	317	95875	6e8a92449627414d94044c505d247c6949af2bb11a7f357f8391cd3dcfa6af5e
A-1	f56a5a2496f519d7b71b7c4c8fdc166c355874ff	dense	4	1	metal-worlds	5	0	318	690792	6e8a92449627414d94044c505d247c6949af2bb11a7f357f8391cd3dcfa6af5e
A-1	f56a5a2496f519d7b71b7c4c8fdc166c355874ff	dense	4	1	scalar	5	1	319	57208	6e8a92449627414d94044c505d247c6949af2bb11a7f357f8391cd3dcfa6af5e
A-1	f56a5a2496f519d7b71b7c4c8fdc166c355874ff	dense	4	1	rayon	5	2	320	66542	6e8a92449627414d94044c505d247c6949af2bb11a7f357f8391cd3dcfa6af5e
A-1	f56a5a2496f519d7b71b7c4c8fdc166c355874ff	dense	4	1	portable-union	5	3	321	94125	6e8a92449627414d94044c505d247c6949af2bb11a7f357f8391cd3dcfa6af5e
A-1	f56a5a2496f519d7b71b7c4c8fdc166c355874ff	dense	4	1	portable-worlds	5	4	322	90041	6e8a92449627414d94044c505d247c6949af2bb11a7f357f8391cd3dcfa6af5e
A-1	f56a5a2496f519d7b71b7c4c8fdc166c355874ff	dense	4	1	metal-union	5	5	323	691250	6e8a92449627414d94044c505d247c6949af2bb11a7f357f8391cd3dcfa6af5e
A-1	f56a5a2496f519d7b71b7c4c8fdc166c355874ff	dense	4	1	scalar	6	0	324	59708	6e8a92449627414d94044c505d247c6949af2bb11a7f357f8391cd3dcfa6af5e
A-1	f56a5a2496f519d7b71b7c4c8fdc166c355874ff	dense	4	1	rayon	6	1	325	66708	6e8a92449627414d94044c505d247c6949af2bb11a7f357f8391cd3dcfa6af5e
A-1	f56a5a2496f519d7b71b7c4c8fdc166c355874ff	dense	4	1	portable-union	6	2	326	96666	6e8a92449627414d94044c505d247c6949af2bb11a7f357f8391cd3dcfa6af5e
A-1	f56a5a2496f519d7b71b7c4c8fdc166c355874ff	dense	4	1	portable-worlds	6	3	327	91625	6e8a92449627414d94044c505d247c6949af2bb11a7f357f8391cd3dcfa6af5e
A-1	f56a5a2496f519d7b71b7c4c8fdc166c355874ff	dense	4	1	metal-union	6	4	328	701125	6e8a92449627414d94044c505d247c6949af2bb11a7f357f8391cd3dcfa6af5e
A-1	f56a5a2496f519d7b71b7c4c8fdc166c355874ff	dense	4	1	metal-worlds	6	5	329	720500	6e8a92449627414d94044c505d247c6949af2bb11a7f357f8391cd3dcfa6af5e
A-1	f56a5a2496f519d7b71b7c4c8fdc166c355874ff	dense	4	1	rayon	7	0	330	66709	6e8a92449627414d94044c505d247c6949af2bb11a7f357f8391cd3dcfa6af5e
A-1	f56a5a2496f519d7b71b7c4c8fdc166c355874ff	dense	4	1	portable-union	7	1	331	95000	6e8a92449627414d94044c505d247c6949af2bb11a7f357f8391cd3dcfa6af5e
A-1	f56a5a2496f519d7b71b7c4c8fdc166c355874ff	dense	4	1	portable-worlds	7	2	332	91292	6e8a92449627414d94044c505d247c6949af2bb11a7f357f8391cd3dcfa6af5e
A-1	f56a5a2496f519d7b71b7c4c8fdc166c355874ff	dense	4	1	metal-union	7	3	333	702333	6e8a92449627414d94044c505d247c6949af2bb11a7f357f8391cd3dcfa6af5e
A-1	f56a5a2496f519d7b71b7c4c8fdc166c355874ff	dense	4	1	metal-worlds	7	4	334	706250	6e8a92449627414d94044c505d247c6949af2bb11a7f357f8391cd3dcfa6af5e
A-1	f56a5a2496f519d7b71b7c4c8fdc166c355874ff	dense	4	1	scalar	7	5	335	60084	6e8a92449627414d94044c505d247c6949af2bb11a7f357f8391cd3dcfa6af5e
A-1	f56a5a2496f519d7b71b7c4c8fdc166c355874ff	dense	4	1	portable-union	8	0	336	92833	6e8a92449627414d94044c505d247c6949af2bb11a7f357f8391cd3dcfa6af5e
A-1	f56a5a2496f519d7b71b7c4c8fdc166c355874ff	dense	4	1	portable-worlds	8	1	337	93417	6e8a92449627414d94044c505d247c6949af2bb11a7f357f8391cd3dcfa6af5e
A-1	f56a5a2496f519d7b71b7c4c8fdc166c355874ff	dense	4	1	metal-union	8	2	338	701875	6e8a92449627414d94044c505d247c6949af2bb11a7f357f8391cd3dcfa6af5e
A-1	f56a5a2496f519d7b71b7c4c8fdc166c355874ff	dense	4	1	metal-worlds	8	3	339	713791	6e8a92449627414d94044c505d247c6949af2bb11a7f357f8391cd3dcfa6af5e
A-1	f56a5a2496f519d7b71b7c4c8fdc166c355874ff	dense	4	1	scalar	8	4	340	58708	6e8a92449627414d94044c505d247c6949af2bb11a7f357f8391cd3dcfa6af5e
A-1	f56a5a2496f519d7b71b7c4c8fdc166c355874ff	dense	4	1	rayon	8	5	341	67459	6e8a92449627414d94044c505d247c6949af2bb11a7f357f8391cd3dcfa6af5e
A-1	f56a5a2496f519d7b71b7c4c8fdc166c355874ff	dense	4	1	portable-worlds	9	0	342	98958	6e8a92449627414d94044c505d247c6949af2bb11a7f357f8391cd3dcfa6af5e
A-1	f56a5a2496f519d7b71b7c4c8fdc166c355874ff	dense	4	1	metal-union	9	1	343	719542	6e8a92449627414d94044c505d247c6949af2bb11a7f357f8391cd3dcfa6af5e
A-1	f56a5a2496f519d7b71b7c4c8fdc166c355874ff	dense	4	1	metal-worlds	9	2	344	715333	6e8a92449627414d94044c505d247c6949af2bb11a7f357f8391cd3dcfa6af5e
A-1	f56a5a2496f519d7b71b7c4c8fdc166c355874ff	dense	4	1	scalar	9	3	345	58334	6e8a92449627414d94044c505d247c6949af2bb11a7f357f8391cd3dcfa6af5e
A-1	f56a5a2496f519d7b71b7c4c8fdc166c355874ff	dense	4	1	rayon	9	4	346	66708	6e8a92449627414d94044c505d247c6949af2bb11a7f357f8391cd3dcfa6af5e
A-1	f56a5a2496f519d7b71b7c4c8fdc166c355874ff	dense	4	1	portable-union	9	5	347	94333	6e8a92449627414d94044c505d247c6949af2bb11a7f357f8391cd3dcfa6af5e
A-1	f56a5a2496f519d7b71b7c4c8fdc166c355874ff	dense	4	1	metal-union	10	0	348	717333	6e8a92449627414d94044c505d247c6949af2bb11a7f357f8391cd3dcfa6af5e
A-1	f56a5a2496f519d7b71b7c4c8fdc166c355874ff	dense	4	1	metal-worlds	10	1	349	696625	6e8a92449627414d94044c505d247c6949af2bb11a7f357f8391cd3dcfa6af5e
A-1	f56a5a2496f519d7b71b7c4c8fdc166c355874ff	dense	4	1	scalar	10	2	350	57291	6e8a92449627414d94044c505d247c6949af2bb11a7f357f8391cd3dcfa6af5e
A-1	f56a5a2496f519d7b71b7c4c8fdc166c355874ff	dense	4	1	rayon	10	3	351	66375	6e8a92449627414d94044c505d247c6949af2bb11a7f357f8391cd3dcfa6af5e
A-1	f56a5a2496f519d7b71b7c4c8fdc166c355874ff	dense	4	1	portable-union	10	4	352	93875	6e8a92449627414d94044c505d247c6949af2bb11a7f357f8391cd3dcfa6af5e
A-1	f56a5a2496f519d7b71b7c4c8fdc166c355874ff	dense	4	1	portable-worlds	10	5	353	89917	6e8a92449627414d94044c505d247c6949af2bb11a7f357f8391cd3dcfa6af5e
A-1	f56a5a2496f519d7b71b7c4c8fdc166c355874ff	dense	4	1	metal-worlds	11	0	354	702708	6e8a92449627414d94044c505d247c6949af2bb11a7f357f8391cd3dcfa6af5e
A-1	f56a5a2496f519d7b71b7c4c8fdc166c355874ff	dense	4	1	scalar	11	1	355	57167	6e8a92449627414d94044c505d247c6949af2bb11a7f357f8391cd3dcfa6af5e
A-1	f56a5a2496f519d7b71b7c4c8fdc166c355874ff	dense	4	1	rayon	11	2	356	65875	6e8a92449627414d94044c505d247c6949af2bb11a7f357f8391cd3dcfa6af5e
A-1	f56a5a2496f519d7b71b7c4c8fdc166c355874ff	dense	4	1	portable-union	11	3	357	95125	6e8a92449627414d94044c505d247c6949af2bb11a7f357f8391cd3dcfa6af5e
A-1	f56a5a2496f519d7b71b7c4c8fdc166c355874ff	dense	4	1	portable-worlds	11	4	358	90458	6e8a92449627414d94044c505d247c6949af2bb11a7f357f8391cd3dcfa6af5e
A-1	f56a5a2496f519d7b71b7c4c8fdc166c355874ff	dense	4	1	metal-union	11	5	359	719292	6e8a92449627414d94044c505d247c6949af2bb11a7f357f8391cd3dcfa6af5e
A-1	f56a5a2496f519d7b71b7c4c8fdc166c355874ff	dense	4	32	scalar	0	0	360	1896000	6e8a92449627414d94044c505d247c6949af2bb11a7f357f8391cd3dcfa6af5e
A-1	f56a5a2496f519d7b71b7c4c8fdc166c355874ff	dense	4	32	rayon	0	1	361	572458	6e8a92449627414d94044c505d247c6949af2bb11a7f357f8391cd3dcfa6af5e
A-1	f56a5a2496f519d7b71b7c4c8fdc166c355874ff	dense	4	32	portable-union	0	2	362	236208	6e8a92449627414d94044c505d247c6949af2bb11a7f357f8391cd3dcfa6af5e
A-1	f56a5a2496f519d7b71b7c4c8fdc166c355874ff	dense	4	32	portable-worlds	0	3	363	248666	6e8a92449627414d94044c505d247c6949af2bb11a7f357f8391cd3dcfa6af5e
A-1	f56a5a2496f519d7b71b7c4c8fdc166c355874ff	dense	4	32	metal-union	0	4	364	1152667	6e8a92449627414d94044c505d247c6949af2bb11a7f357f8391cd3dcfa6af5e
A-1	f56a5a2496f519d7b71b7c4c8fdc166c355874ff	dense	4	32	metal-worlds	0	5	365	850375	6e8a92449627414d94044c505d247c6949af2bb11a7f357f8391cd3dcfa6af5e
A-1	f56a5a2496f519d7b71b7c4c8fdc166c355874ff	dense	4	32	rayon	1	0	366	572584	6e8a92449627414d94044c505d247c6949af2bb11a7f357f8391cd3dcfa6af5e
A-1	f56a5a2496f519d7b71b7c4c8fdc166c355874ff	dense	4	32	portable-union	1	1	367	230375	6e8a92449627414d94044c505d247c6949af2bb11a7f357f8391cd3dcfa6af5e
A-1	f56a5a2496f519d7b71b7c4c8fdc166c355874ff	dense	4	32	portable-worlds	1	2	368	233959	6e8a92449627414d94044c505d247c6949af2bb11a7f357f8391cd3dcfa6af5e
A-1	f56a5a2496f519d7b71b7c4c8fdc166c355874ff	dense	4	32	metal-union	1	3	369	812333	6e8a92449627414d94044c505d247c6949af2bb11a7f357f8391cd3dcfa6af5e
A-1	f56a5a2496f519d7b71b7c4c8fdc166c355874ff	dense	4	32	metal-worlds	1	4	370	831125	6e8a92449627414d94044c505d247c6949af2bb11a7f357f8391cd3dcfa6af5e
A-1	f56a5a2496f519d7b71b7c4c8fdc166c355874ff	dense	4	32	scalar	1	5	371	1788834	6e8a92449627414d94044c505d247c6949af2bb11a7f357f8391cd3dcfa6af5e
A-1	f56a5a2496f519d7b71b7c4c8fdc166c355874ff	dense	4	32	portable-union	2	0	372	234208	6e8a92449627414d94044c505d247c6949af2bb11a7f357f8391cd3dcfa6af5e
A-1	f56a5a2496f519d7b71b7c4c8fdc166c355874ff	dense	4	32	portable-worlds	2	1	373	243167	6e8a92449627414d94044c505d247c6949af2bb11a7f357f8391cd3dcfa6af5e
A-1	f56a5a2496f519d7b71b7c4c8fdc166c355874ff	dense	4	32	metal-union	2	2	374	1097625	6e8a92449627414d94044c505d247c6949af2bb11a7f357f8391cd3dcfa6af5e
A-1	f56a5a2496f519d7b71b7c4c8fdc166c355874ff	dense	4	32	metal-worlds	2	3	375	841125	6e8a92449627414d94044c505d247c6949af2bb11a7f357f8391cd3dcfa6af5e
A-1	f56a5a2496f519d7b71b7c4c8fdc166c355874ff	dense	4	32	scalar	2	4	376	1822750	6e8a92449627414d94044c505d247c6949af2bb11a7f357f8391cd3dcfa6af5e
A-1	f56a5a2496f519d7b71b7c4c8fdc166c355874ff	dense	4	32	rayon	2	5	377	558417	6e8a92449627414d94044c505d247c6949af2bb11a7f357f8391cd3dcfa6af5e
A-1	f56a5a2496f519d7b71b7c4c8fdc166c355874ff	dense	4	32	portable-worlds	3	0	378	249792	6e8a92449627414d94044c505d247c6949af2bb11a7f357f8391cd3dcfa6af5e
A-1	f56a5a2496f519d7b71b7c4c8fdc166c355874ff	dense	4	32	metal-union	3	1	379	1068125	6e8a92449627414d94044c505d247c6949af2bb11a7f357f8391cd3dcfa6af5e
A-1	f56a5a2496f519d7b71b7c4c8fdc166c355874ff	dense	4	32	metal-worlds	3	2	380	815208	6e8a92449627414d94044c505d247c6949af2bb11a7f357f8391cd3dcfa6af5e
A-1	f56a5a2496f519d7b71b7c4c8fdc166c355874ff	dense	4	32	scalar	3	3	381	1768208	6e8a92449627414d94044c505d247c6949af2bb11a7f357f8391cd3dcfa6af5e
A-1	f56a5a2496f519d7b71b7c4c8fdc166c355874ff	dense	4	32	rayon	3	4	382	560917	6e8a92449627414d94044c505d247c6949af2bb11a7f357f8391cd3dcfa6af5e
A-1	f56a5a2496f519d7b71b7c4c8fdc166c355874ff	dense	4	32	portable-union	3	5	383	221917	6e8a92449627414d94044c505d247c6949af2bb11a7f357f8391cd3dcfa6af5e
A-1	f56a5a2496f519d7b71b7c4c8fdc166c355874ff	dense	4	32	metal-union	4	0	384	1069584	6e8a92449627414d94044c505d247c6949af2bb11a7f357f8391cd3dcfa6af5e
A-1	f56a5a2496f519d7b71b7c4c8fdc166c355874ff	dense	4	32	metal-worlds	4	1	385	836250	6e8a92449627414d94044c505d247c6949af2bb11a7f357f8391cd3dcfa6af5e
A-1	f56a5a2496f519d7b71b7c4c8fdc166c355874ff	dense	4	32	scalar	4	2	386	1789834	6e8a92449627414d94044c505d247c6949af2bb11a7f357f8391cd3dcfa6af5e
A-1	f56a5a2496f519d7b71b7c4c8fdc166c355874ff	dense	4	32	rayon	4	3	387	551750	6e8a92449627414d94044c505d247c6949af2bb11a7f357f8391cd3dcfa6af5e
A-1	f56a5a2496f519d7b71b7c4c8fdc166c355874ff	dense	4	32	portable-union	4	4	388	221916	6e8a92449627414d94044c505d247c6949af2bb11a7f357f8391cd3dcfa6af5e
A-1	f56a5a2496f519d7b71b7c4c8fdc166c355874ff	dense	4	32	portable-worlds	4	5	389	226667	6e8a92449627414d94044c505d247c6949af2bb11a7f357f8391cd3dcfa6af5e
A-1	f56a5a2496f519d7b71b7c4c8fdc166c355874ff	dense	4	32	metal-worlds	5	0	390	1090417	6e8a92449627414d94044c505d247c6949af2bb11a7f357f8391cd3dcfa6af5e
A-1	f56a5a2496f519d7b71b7c4c8fdc166c355874ff	dense	4	32	scalar	5	1	391	1813833	6e8a92449627414d94044c505d247c6949af2bb11a7f357f8391cd3dcfa6af5e
A-1	f56a5a2496f519d7b71b7c4c8fdc166c355874ff	dense	4	32	rayon	5	2	392	540042	6e8a92449627414d94044c505d247c6949af2bb11a7f357f8391cd3dcfa6af5e
A-1	f56a5a2496f519d7b71b7c4c8fdc166c355874ff	dense	4	32	portable-union	5	3	393	225458	6e8a92449627414d94044c505d247c6949af2bb11a7f357f8391cd3dcfa6af5e
A-1	f56a5a2496f519d7b71b7c4c8fdc166c355874ff	dense	4	32	portable-worlds	5	4	394	227833	6e8a92449627414d94044c505d247c6949af2bb11a7f357f8391cd3dcfa6af5e
A-1	f56a5a2496f519d7b71b7c4c8fdc166c355874ff	dense	4	32	metal-union	5	5	395	1074417	6e8a92449627414d94044c505d247c6949af2bb11a7f357f8391cd3dcfa6af5e
A-1	f56a5a2496f519d7b71b7c4c8fdc166c355874ff	dense	4	32	scalar	6	0	396	1803833	6e8a92449627414d94044c505d247c6949af2bb11a7f357f8391cd3dcfa6af5e
A-1	f56a5a2496f519d7b71b7c4c8fdc166c355874ff	dense	4	32	rayon	6	1	397	548291	6e8a92449627414d94044c505d247c6949af2bb11a7f357f8391cd3dcfa6af5e
A-1	f56a5a2496f519d7b71b7c4c8fdc166c355874ff	dense	4	32	portable-union	6	2	398	226959	6e8a92449627414d94044c505d247c6949af2bb11a7f357f8391cd3dcfa6af5e
A-1	f56a5a2496f519d7b71b7c4c8fdc166c355874ff	dense	4	32	portable-worlds	6	3	399	230375	6e8a92449627414d94044c505d247c6949af2bb11a7f357f8391cd3dcfa6af5e
A-1	f56a5a2496f519d7b71b7c4c8fdc166c355874ff	dense	4	32	metal-union	6	4	400	1057250	6e8a92449627414d94044c505d247c6949af2bb11a7f357f8391cd3dcfa6af5e
A-1	f56a5a2496f519d7b71b7c4c8fdc166c355874ff	dense	4	32	metal-worlds	6	5	401	869500	6e8a92449627414d94044c505d247c6949af2bb11a7f357f8391cd3dcfa6af5e
A-1	f56a5a2496f519d7b71b7c4c8fdc166c355874ff	dense	4	32	rayon	7	0	402	552166	6e8a92449627414d94044c505d247c6949af2bb11a7f357f8391cd3dcfa6af5e
A-1	f56a5a2496f519d7b71b7c4c8fdc166c355874ff	dense	4	32	portable-union	7	1	403	225000	6e8a92449627414d94044c505d247c6949af2bb11a7f357f8391cd3dcfa6af5e
A-1	f56a5a2496f519d7b71b7c4c8fdc166c355874ff	dense	4	32	portable-worlds	7	2	404	232458	6e8a92449627414d94044c505d247c6949af2bb11a7f357f8391cd3dcfa6af5e
A-1	f56a5a2496f519d7b71b7c4c8fdc166c355874ff	dense	4	32	metal-union	7	3	405	814500	6e8a92449627414d94044c505d247c6949af2bb11a7f357f8391cd3dcfa6af5e
A-1	f56a5a2496f519d7b71b7c4c8fdc166c355874ff	dense	4	32	metal-worlds	7	4	406	831542	6e8a92449627414d94044c505d247c6949af2bb11a7f357f8391cd3dcfa6af5e
A-1	f56a5a2496f519d7b71b7c4c8fdc166c355874ff	dense	4	32	scalar	7	5	407	1794750	6e8a92449627414d94044c505d247c6949af2bb11a7f357f8391cd3dcfa6af5e
A-1	f56a5a2496f519d7b71b7c4c8fdc166c355874ff	dense	4	32	portable-union	8	0	408	235000	6e8a92449627414d94044c505d247c6949af2bb11a7f357f8391cd3dcfa6af5e
A-1	f56a5a2496f519d7b71b7c4c8fdc166c355874ff	dense	4	32	portable-worlds	8	1	409	258833	6e8a92449627414d94044c505d247c6949af2bb11a7f357f8391cd3dcfa6af5e
A-1	f56a5a2496f519d7b71b7c4c8fdc166c355874ff	dense	4	32	metal-union	8	2	410	1077333	6e8a92449627414d94044c505d247c6949af2bb11a7f357f8391cd3dcfa6af5e
A-1	f56a5a2496f519d7b71b7c4c8fdc166c355874ff	dense	4	32	metal-worlds	8	3	411	825375	6e8a92449627414d94044c505d247c6949af2bb11a7f357f8391cd3dcfa6af5e
A-1	f56a5a2496f519d7b71b7c4c8fdc166c355874ff	dense	4	32	scalar	8	4	412	1805583	6e8a92449627414d94044c505d247c6949af2bb11a7f357f8391cd3dcfa6af5e
A-1	f56a5a2496f519d7b71b7c4c8fdc166c355874ff	dense	4	32	rayon	8	5	413	547917	6e8a92449627414d94044c505d247c6949af2bb11a7f357f8391cd3dcfa6af5e
A-1	f56a5a2496f519d7b71b7c4c8fdc166c355874ff	dense	4	32	portable-worlds	9	0	414	228250	6e8a92449627414d94044c505d247c6949af2bb11a7f357f8391cd3dcfa6af5e
A-1	f56a5a2496f519d7b71b7c4c8fdc166c355874ff	dense	4	32	metal-union	9	1	415	1058500	6e8a92449627414d94044c505d247c6949af2bb11a7f357f8391cd3dcfa6af5e
A-1	f56a5a2496f519d7b71b7c4c8fdc166c355874ff	dense	4	32	metal-worlds	9	2	416	827917	6e8a92449627414d94044c505d247c6949af2bb11a7f357f8391cd3dcfa6af5e
A-1	f56a5a2496f519d7b71b7c4c8fdc166c355874ff	dense	4	32	scalar	9	3	417	1867083	6e8a92449627414d94044c505d247c6949af2bb11a7f357f8391cd3dcfa6af5e
A-1	f56a5a2496f519d7b71b7c4c8fdc166c355874ff	dense	4	32	rayon	9	4	418	548750	6e8a92449627414d94044c505d247c6949af2bb11a7f357f8391cd3dcfa6af5e
A-1	f56a5a2496f519d7b71b7c4c8fdc166c355874ff	dense	4	32	portable-union	9	5	419	223791	6e8a92449627414d94044c505d247c6949af2bb11a7f357f8391cd3dcfa6af5e
A-1	f56a5a2496f519d7b71b7c4c8fdc166c355874ff	dense	4	32	metal-union	10	0	420	1096542	6e8a92449627414d94044c505d247c6949af2bb11a7f357f8391cd3dcfa6af5e
A-1	f56a5a2496f519d7b71b7c4c8fdc166c355874ff	dense	4	32	metal-worlds	10	1	421	822000	6e8a92449627414d94044c505d247c6949af2bb11a7f357f8391cd3dcfa6af5e
A-1	f56a5a2496f519d7b71b7c4c8fdc166c355874ff	dense	4	32	scalar	10	2	422	1815375	6e8a92449627414d94044c505d247c6949af2bb11a7f357f8391cd3dcfa6af5e
A-1	f56a5a2496f519d7b71b7c4c8fdc166c355874ff	dense	4	32	rayon	10	3	423	552041	6e8a92449627414d94044c505d247c6949af2bb11a7f357f8391cd3dcfa6af5e
A-1	f56a5a2496f519d7b71b7c4c8fdc166c355874ff	dense	4	32	portable-union	10	4	424	225791	6e8a92449627414d94044c505d247c6949af2bb11a7f357f8391cd3dcfa6af5e
A-1	f56a5a2496f519d7b71b7c4c8fdc166c355874ff	dense	4	32	portable-worlds	10	5	425	229583	6e8a92449627414d94044c505d247c6949af2bb11a7f357f8391cd3dcfa6af5e
A-1	f56a5a2496f519d7b71b7c4c8fdc166c355874ff	dense	4	32	metal-worlds	11	0	426	1090000	6e8a92449627414d94044c505d247c6949af2bb11a7f357f8391cd3dcfa6af5e
A-1	f56a5a2496f519d7b71b7c4c8fdc166c355874ff	dense	4	32	scalar	11	1	427	1835792	6e8a92449627414d94044c505d247c6949af2bb11a7f357f8391cd3dcfa6af5e
A-1	f56a5a2496f519d7b71b7c4c8fdc166c355874ff	dense	4	32	rayon	11	2	428	548459	6e8a92449627414d94044c505d247c6949af2bb11a7f357f8391cd3dcfa6af5e
A-1	f56a5a2496f519d7b71b7c4c8fdc166c355874ff	dense	4	32	portable-union	11	3	429	222792	6e8a92449627414d94044c505d247c6949af2bb11a7f357f8391cd3dcfa6af5e
A-1	f56a5a2496f519d7b71b7c4c8fdc166c355874ff	dense	4	32	portable-worlds	11	4	430	227125	6e8a92449627414d94044c505d247c6949af2bb11a7f357f8391cd3dcfa6af5e
A-1	f56a5a2496f519d7b71b7c4c8fdc166c355874ff	dense	4	32	metal-union	11	5	431	1143333	6e8a92449627414d94044c505d247c6949af2bb11a7f357f8391cd3dcfa6af5e
A-1	f56a5a2496f519d7b71b7c4c8fdc166c355874ff	dense	8	1	scalar	0	0	432	457084	6e8a92449627414d94044c505d247c6949af2bb11a7f357f8391cd3dcfa6af5e
A-1	f56a5a2496f519d7b71b7c4c8fdc166c355874ff	dense	8	1	rayon	0	1	433	509666	6e8a92449627414d94044c505d247c6949af2bb11a7f357f8391cd3dcfa6af5e
A-1	f56a5a2496f519d7b71b7c4c8fdc166c355874ff	dense	8	1	portable-union	0	2	434	782916	6e8a92449627414d94044c505d247c6949af2bb11a7f357f8391cd3dcfa6af5e
A-1	f56a5a2496f519d7b71b7c4c8fdc166c355874ff	dense	8	1	portable-worlds	0	3	435	796084	6e8a92449627414d94044c505d247c6949af2bb11a7f357f8391cd3dcfa6af5e
A-1	f56a5a2496f519d7b71b7c4c8fdc166c355874ff	dense	8	1	metal-union	0	4	436	2417209	6e8a92449627414d94044c505d247c6949af2bb11a7f357f8391cd3dcfa6af5e
A-1	f56a5a2496f519d7b71b7c4c8fdc166c355874ff	dense	8	1	metal-worlds	0	5	437	2111583	6e8a92449627414d94044c505d247c6949af2bb11a7f357f8391cd3dcfa6af5e
A-1	f56a5a2496f519d7b71b7c4c8fdc166c355874ff	dense	8	1	rayon	1	0	438	498541	6e8a92449627414d94044c505d247c6949af2bb11a7f357f8391cd3dcfa6af5e
A-1	f56a5a2496f519d7b71b7c4c8fdc166c355874ff	dense	8	1	portable-union	1	1	439	770417	6e8a92449627414d94044c505d247c6949af2bb11a7f357f8391cd3dcfa6af5e
A-1	f56a5a2496f519d7b71b7c4c8fdc166c355874ff	dense	8	1	portable-worlds	1	2	440	736834	6e8a92449627414d94044c505d247c6949af2bb11a7f357f8391cd3dcfa6af5e
A-1	f56a5a2496f519d7b71b7c4c8fdc166c355874ff	dense	8	1	metal-union	1	3	441	2391792	6e8a92449627414d94044c505d247c6949af2bb11a7f357f8391cd3dcfa6af5e
A-1	f56a5a2496f519d7b71b7c4c8fdc166c355874ff	dense	8	1	metal-worlds	1	4	442	2120709	6e8a92449627414d94044c505d247c6949af2bb11a7f357f8391cd3dcfa6af5e
A-1	f56a5a2496f519d7b71b7c4c8fdc166c355874ff	dense	8	1	scalar	1	5	443	463125	6e8a92449627414d94044c505d247c6949af2bb11a7f357f8391cd3dcfa6af5e
A-1	f56a5a2496f519d7b71b7c4c8fdc166c355874ff	dense	8	1	portable-union	2	0	444	714416	6e8a92449627414d94044c505d247c6949af2bb11a7f357f8391cd3dcfa6af5e
A-1	f56a5a2496f519d7b71b7c4c8fdc166c355874ff	dense	8	1	portable-worlds	2	1	445	728042	6e8a92449627414d94044c505d247c6949af2bb11a7f357f8391cd3dcfa6af5e
A-1	f56a5a2496f519d7b71b7c4c8fdc166c355874ff	dense	8	1	metal-union	2	2	446	2354958	6e8a92449627414d94044c505d247c6949af2bb11a7f357f8391cd3dcfa6af5e
A-1	f56a5a2496f519d7b71b7c4c8fdc166c355874ff	dense	8	1	metal-worlds	2	3	447	2094792	6e8a92449627414d94044c505d247c6949af2bb11a7f357f8391cd3dcfa6af5e
A-1	f56a5a2496f519d7b71b7c4c8fdc166c355874ff	dense	8	1	scalar	2	4	448	458125	6e8a92449627414d94044c505d247c6949af2bb11a7f357f8391cd3dcfa6af5e
A-1	f56a5a2496f519d7b71b7c4c8fdc166c355874ff	dense	8	1	rayon	2	5	449	475458	6e8a92449627414d94044c505d247c6949af2bb11a7f357f8391cd3dcfa6af5e
A-1	f56a5a2496f519d7b71b7c4c8fdc166c355874ff	dense	8	1	portable-worlds	3	0	450	768750	6e8a92449627414d94044c505d247c6949af2bb11a7f357f8391cd3dcfa6af5e
A-1	f56a5a2496f519d7b71b7c4c8fdc166c355874ff	dense	8	1	metal-union	3	1	451	2365792	6e8a92449627414d94044c505d247c6949af2bb11a7f357f8391cd3dcfa6af5e
A-1	f56a5a2496f519d7b71b7c4c8fdc166c355874ff	dense	8	1	metal-worlds	3	2	452	2095375	6e8a92449627414d94044c505d247c6949af2bb11a7f357f8391cd3dcfa6af5e
A-1	f56a5a2496f519d7b71b7c4c8fdc166c355874ff	dense	8	1	scalar	3	3	453	455416	6e8a92449627414d94044c505d247c6949af2bb11a7f357f8391cd3dcfa6af5e
A-1	f56a5a2496f519d7b71b7c4c8fdc166c355874ff	dense	8	1	rayon	3	4	454	489416	6e8a92449627414d94044c505d247c6949af2bb11a7f357f8391cd3dcfa6af5e
A-1	f56a5a2496f519d7b71b7c4c8fdc166c355874ff	dense	8	1	portable-union	3	5	455	759041	6e8a92449627414d94044c505d247c6949af2bb11a7f357f8391cd3dcfa6af5e
A-1	f56a5a2496f519d7b71b7c4c8fdc166c355874ff	dense	8	1	metal-union	4	0	456	2388792	6e8a92449627414d94044c505d247c6949af2bb11a7f357f8391cd3dcfa6af5e
A-1	f56a5a2496f519d7b71b7c4c8fdc166c355874ff	dense	8	1	metal-worlds	4	1	457	2136750	6e8a92449627414d94044c505d247c6949af2bb11a7f357f8391cd3dcfa6af5e
A-1	f56a5a2496f519d7b71b7c4c8fdc166c355874ff	dense	8	1	scalar	4	2	458	464666	6e8a92449627414d94044c505d247c6949af2bb11a7f357f8391cd3dcfa6af5e
A-1	f56a5a2496f519d7b71b7c4c8fdc166c355874ff	dense	8	1	rayon	4	3	459	488500	6e8a92449627414d94044c505d247c6949af2bb11a7f357f8391cd3dcfa6af5e
A-1	f56a5a2496f519d7b71b7c4c8fdc166c355874ff	dense	8	1	portable-union	4	4	460	718625	6e8a92449627414d94044c505d247c6949af2bb11a7f357f8391cd3dcfa6af5e
A-1	f56a5a2496f519d7b71b7c4c8fdc166c355874ff	dense	8	1	portable-worlds	4	5	461	752792	6e8a92449627414d94044c505d247c6949af2bb11a7f357f8391cd3dcfa6af5e
A-1	f56a5a2496f519d7b71b7c4c8fdc166c355874ff	dense	8	1	metal-worlds	5	0	462	2435167	6e8a92449627414d94044c505d247c6949af2bb11a7f357f8391cd3dcfa6af5e
A-1	f56a5a2496f519d7b71b7c4c8fdc166c355874ff	dense	8	1	scalar	5	1	463	458458	6e8a92449627414d94044c505d247c6949af2bb11a7f357f8391cd3dcfa6af5e
A-1	f56a5a2496f519d7b71b7c4c8fdc166c355874ff	dense	8	1	rayon	5	2	464	472292	6e8a92449627414d94044c505d247c6949af2bb11a7f357f8391cd3dcfa6af5e
A-1	f56a5a2496f519d7b71b7c4c8fdc166c355874ff	dense	8	1	portable-union	5	3	465	716542	6e8a92449627414d94044c505d247c6949af2bb11a7f357f8391cd3dcfa6af5e
A-1	f56a5a2496f519d7b71b7c4c8fdc166c355874ff	dense	8	1	portable-worlds	5	4	466	747834	6e8a92449627414d94044c505d247c6949af2bb11a7f357f8391cd3dcfa6af5e
A-1	f56a5a2496f519d7b71b7c4c8fdc166c355874ff	dense	8	1	metal-union	5	5	467	2368500	6e8a92449627414d94044c505d247c6949af2bb11a7f357f8391cd3dcfa6af5e
A-1	f56a5a2496f519d7b71b7c4c8fdc166c355874ff	dense	8	1	scalar	6	0	468	457708	6e8a92449627414d94044c505d247c6949af2bb11a7f357f8391cd3dcfa6af5e
A-1	f56a5a2496f519d7b71b7c4c8fdc166c355874ff	dense	8	1	rayon	6	1	469	504542	6e8a92449627414d94044c505d247c6949af2bb11a7f357f8391cd3dcfa6af5e
A-1	f56a5a2496f519d7b71b7c4c8fdc166c355874ff	dense	8	1	portable-union	6	2	470	772083	6e8a92449627414d94044c505d247c6949af2bb11a7f357f8391cd3dcfa6af5e
A-1	f56a5a2496f519d7b71b7c4c8fdc166c355874ff	dense	8	1	portable-worlds	6	3	471	771916	6e8a92449627414d94044c505d247c6949af2bb11a7f357f8391cd3dcfa6af5e
A-1	f56a5a2496f519d7b71b7c4c8fdc166c355874ff	dense	8	1	metal-union	6	4	472	2127500	6e8a92449627414d94044c505d247c6949af2bb11a7f357f8391cd3dcfa6af5e
A-1	f56a5a2496f519d7b71b7c4c8fdc166c355874ff	dense	8	1	metal-worlds	6	5	473	2083583	6e8a92449627414d94044c505d247c6949af2bb11a7f357f8391cd3dcfa6af5e
A-1	f56a5a2496f519d7b71b7c4c8fdc166c355874ff	dense	8	1	rayon	7	0	474	509417	6e8a92449627414d94044c505d247c6949af2bb11a7f357f8391cd3dcfa6af5e
A-1	f56a5a2496f519d7b71b7c4c8fdc166c355874ff	dense	8	1	portable-union	7	1	475	763708	6e8a92449627414d94044c505d247c6949af2bb11a7f357f8391cd3dcfa6af5e
A-1	f56a5a2496f519d7b71b7c4c8fdc166c355874ff	dense	8	1	portable-worlds	7	2	476	773375	6e8a92449627414d94044c505d247c6949af2bb11a7f357f8391cd3dcfa6af5e
A-1	f56a5a2496f519d7b71b7c4c8fdc166c355874ff	dense	8	1	metal-union	7	3	477	2376959	6e8a92449627414d94044c505d247c6949af2bb11a7f357f8391cd3dcfa6af5e
A-1	f56a5a2496f519d7b71b7c4c8fdc166c355874ff	dense	8	1	metal-worlds	7	4	478	2114666	6e8a92449627414d94044c505d247c6949af2bb11a7f357f8391cd3dcfa6af5e
A-1	f56a5a2496f519d7b71b7c4c8fdc166c355874ff	dense	8	1	scalar	7	5	479	456250	6e8a92449627414d94044c505d247c6949af2bb11a7f357f8391cd3dcfa6af5e
A-1	f56a5a2496f519d7b71b7c4c8fdc166c355874ff	dense	8	1	portable-union	8	0	480	724458	6e8a92449627414d94044c505d247c6949af2bb11a7f357f8391cd3dcfa6af5e
A-1	f56a5a2496f519d7b71b7c4c8fdc166c355874ff	dense	8	1	portable-worlds	8	1	481	769334	6e8a92449627414d94044c505d247c6949af2bb11a7f357f8391cd3dcfa6af5e
A-1	f56a5a2496f519d7b71b7c4c8fdc166c355874ff	dense	8	1	metal-union	8	2	482	2383542	6e8a92449627414d94044c505d247c6949af2bb11a7f357f8391cd3dcfa6af5e
A-1	f56a5a2496f519d7b71b7c4c8fdc166c355874ff	dense	8	1	metal-worlds	8	3	483	2128500	6e8a92449627414d94044c505d247c6949af2bb11a7f357f8391cd3dcfa6af5e
A-1	f56a5a2496f519d7b71b7c4c8fdc166c355874ff	dense	8	1	scalar	8	4	484	458583	6e8a92449627414d94044c505d247c6949af2bb11a7f357f8391cd3dcfa6af5e
A-1	f56a5a2496f519d7b71b7c4c8fdc166c355874ff	dense	8	1	rayon	8	5	485	472625	6e8a92449627414d94044c505d247c6949af2bb11a7f357f8391cd3dcfa6af5e
A-1	f56a5a2496f519d7b71b7c4c8fdc166c355874ff	dense	8	1	portable-worlds	9	0	486	735625	6e8a92449627414d94044c505d247c6949af2bb11a7f357f8391cd3dcfa6af5e
A-1	f56a5a2496f519d7b71b7c4c8fdc166c355874ff	dense	8	1	metal-union	9	1	487	2384208	6e8a92449627414d94044c505d247c6949af2bb11a7f357f8391cd3dcfa6af5e
A-1	f56a5a2496f519d7b71b7c4c8fdc166c355874ff	dense	8	1	metal-worlds	9	2	488	2205209	6e8a92449627414d94044c505d247c6949af2bb11a7f357f8391cd3dcfa6af5e
A-1	f56a5a2496f519d7b71b7c4c8fdc166c355874ff	dense	8	1	scalar	9	3	489	453833	6e8a92449627414d94044c505d247c6949af2bb11a7f357f8391cd3dcfa6af5e
A-1	f56a5a2496f519d7b71b7c4c8fdc166c355874ff	dense	8	1	rayon	9	4	490	472458	6e8a92449627414d94044c505d247c6949af2bb11a7f357f8391cd3dcfa6af5e
A-1	f56a5a2496f519d7b71b7c4c8fdc166c355874ff	dense	8	1	portable-union	9	5	491	747750	6e8a92449627414d94044c505d247c6949af2bb11a7f357f8391cd3dcfa6af5e
A-1	f56a5a2496f519d7b71b7c4c8fdc166c355874ff	dense	8	1	metal-union	10	0	492	2355417	6e8a92449627414d94044c505d247c6949af2bb11a7f357f8391cd3dcfa6af5e
A-1	f56a5a2496f519d7b71b7c4c8fdc166c355874ff	dense	8	1	metal-worlds	10	1	493	2119666	6e8a92449627414d94044c505d247c6949af2bb11a7f357f8391cd3dcfa6af5e
A-1	f56a5a2496f519d7b71b7c4c8fdc166c355874ff	dense	8	1	scalar	10	2	494	459125	6e8a92449627414d94044c505d247c6949af2bb11a7f357f8391cd3dcfa6af5e
A-1	f56a5a2496f519d7b71b7c4c8fdc166c355874ff	dense	8	1	rayon	10	3	495	469667	6e8a92449627414d94044c505d247c6949af2bb11a7f357f8391cd3dcfa6af5e
A-1	f56a5a2496f519d7b71b7c4c8fdc166c355874ff	dense	8	1	portable-union	10	4	496	710708	6e8a92449627414d94044c505d247c6949af2bb11a7f357f8391cd3dcfa6af5e
A-1	f56a5a2496f519d7b71b7c4c8fdc166c355874ff	dense	8	1	portable-worlds	10	5	497	739917	6e8a92449627414d94044c505d247c6949af2bb11a7f357f8391cd3dcfa6af5e
A-1	f56a5a2496f519d7b71b7c4c8fdc166c355874ff	dense	8	1	metal-worlds	11	0	498	2443334	6e8a92449627414d94044c505d247c6949af2bb11a7f357f8391cd3dcfa6af5e
A-1	f56a5a2496f519d7b71b7c4c8fdc166c355874ff	dense	8	1	scalar	11	1	499	456750	6e8a92449627414d94044c505d247c6949af2bb11a7f357f8391cd3dcfa6af5e
A-1	f56a5a2496f519d7b71b7c4c8fdc166c355874ff	dense	8	1	rayon	11	2	500	472000	6e8a92449627414d94044c505d247c6949af2bb11a7f357f8391cd3dcfa6af5e
A-1	f56a5a2496f519d7b71b7c4c8fdc166c355874ff	dense	8	1	portable-union	11	3	501	750500	6e8a92449627414d94044c505d247c6949af2bb11a7f357f8391cd3dcfa6af5e
A-1	f56a5a2496f519d7b71b7c4c8fdc166c355874ff	dense	8	1	portable-worlds	11	4	502	748250	6e8a92449627414d94044c505d247c6949af2bb11a7f357f8391cd3dcfa6af5e
A-1	f56a5a2496f519d7b71b7c4c8fdc166c355874ff	dense	8	1	metal-union	11	5	503	2387584	6e8a92449627414d94044c505d247c6949af2bb11a7f357f8391cd3dcfa6af5e
A-1	f56a5a2496f519d7b71b7c4c8fdc166c355874ff	dense	8	32	scalar	0	0	504	16015209	6e8a92449627414d94044c505d247c6949af2bb11a7f357f8391cd3dcfa6af5e
A-1	f56a5a2496f519d7b71b7c4c8fdc166c355874ff	dense	8	32	rayon	0	1	505	4351625	6e8a92449627414d94044c505d247c6949af2bb11a7f357f8391cd3dcfa6af5e
A-1	f56a5a2496f519d7b71b7c4c8fdc166c355874ff	dense	8	32	portable-union	0	2	506	2002250	6e8a92449627414d94044c505d247c6949af2bb11a7f357f8391cd3dcfa6af5e
A-1	f56a5a2496f519d7b71b7c4c8fdc166c355874ff	dense	8	32	portable-worlds	0	3	507	2038708	6e8a92449627414d94044c505d247c6949af2bb11a7f357f8391cd3dcfa6af5e
A-1	f56a5a2496f519d7b71b7c4c8fdc166c355874ff	dense	8	32	metal-union	0	4	508	5081333	6e8a92449627414d94044c505d247c6949af2bb11a7f357f8391cd3dcfa6af5e
A-1	f56a5a2496f519d7b71b7c4c8fdc166c355874ff	dense	8	32	metal-worlds	0	5	509	4685209	6e8a92449627414d94044c505d247c6949af2bb11a7f357f8391cd3dcfa6af5e
A-1	f56a5a2496f519d7b71b7c4c8fdc166c355874ff	dense	8	32	rayon	1	0	510	4350125	6e8a92449627414d94044c505d247c6949af2bb11a7f357f8391cd3dcfa6af5e
A-1	f56a5a2496f519d7b71b7c4c8fdc166c355874ff	dense	8	32	portable-union	1	1	511	1923042	6e8a92449627414d94044c505d247c6949af2bb11a7f357f8391cd3dcfa6af5e
A-1	f56a5a2496f519d7b71b7c4c8fdc166c355874ff	dense	8	32	portable-worlds	1	2	512	2030959	6e8a92449627414d94044c505d247c6949af2bb11a7f357f8391cd3dcfa6af5e
A-1	f56a5a2496f519d7b71b7c4c8fdc166c355874ff	dense	8	32	metal-union	1	3	513	4919375	6e8a92449627414d94044c505d247c6949af2bb11a7f357f8391cd3dcfa6af5e
A-1	f56a5a2496f519d7b71b7c4c8fdc166c355874ff	dense	8	32	metal-worlds	1	4	514	3202416	6e8a92449627414d94044c505d247c6949af2bb11a7f357f8391cd3dcfa6af5e
A-1	f56a5a2496f519d7b71b7c4c8fdc166c355874ff	dense	8	32	scalar	1	5	515	15539291	6e8a92449627414d94044c505d247c6949af2bb11a7f357f8391cd3dcfa6af5e
A-1	f56a5a2496f519d7b71b7c4c8fdc166c355874ff	dense	8	32	portable-union	2	0	516	2031792	6e8a92449627414d94044c505d247c6949af2bb11a7f357f8391cd3dcfa6af5e
A-1	f56a5a2496f519d7b71b7c4c8fdc166c355874ff	dense	8	32	portable-worlds	2	1	517	2056000	6e8a92449627414d94044c505d247c6949af2bb11a7f357f8391cd3dcfa6af5e
A-1	f56a5a2496f519d7b71b7c4c8fdc166c355874ff	dense	8	32	metal-union	2	2	518	3308500	6e8a92449627414d94044c505d247c6949af2bb11a7f357f8391cd3dcfa6af5e
A-1	f56a5a2496f519d7b71b7c4c8fdc166c355874ff	dense	8	32	metal-worlds	2	3	519	4430333	6e8a92449627414d94044c505d247c6949af2bb11a7f357f8391cd3dcfa6af5e
A-1	f56a5a2496f519d7b71b7c4c8fdc166c355874ff	dense	8	32	scalar	2	4	520	15575917	6e8a92449627414d94044c505d247c6949af2bb11a7f357f8391cd3dcfa6af5e
A-1	f56a5a2496f519d7b71b7c4c8fdc166c355874ff	dense	8	32	rayon	2	5	521	4342166	6e8a92449627414d94044c505d247c6949af2bb11a7f357f8391cd3dcfa6af5e
A-1	f56a5a2496f519d7b71b7c4c8fdc166c355874ff	dense	8	32	portable-worlds	3	0	522	1940083	6e8a92449627414d94044c505d247c6949af2bb11a7f357f8391cd3dcfa6af5e
A-1	f56a5a2496f519d7b71b7c4c8fdc166c355874ff	dense	8	32	metal-union	3	1	523	4007834	6e8a92449627414d94044c505d247c6949af2bb11a7f357f8391cd3dcfa6af5e
A-1	f56a5a2496f519d7b71b7c4c8fdc166c355874ff	dense	8	32	metal-worlds	3	2	524	3159291	6e8a92449627414d94044c505d247c6949af2bb11a7f357f8391cd3dcfa6af5e
A-1	f56a5a2496f519d7b71b7c4c8fdc166c355874ff	dense	8	32	scalar	3	3	525	15735166	6e8a92449627414d94044c505d247c6949af2bb11a7f357f8391cd3dcfa6af5e
A-1	f56a5a2496f519d7b71b7c4c8fdc166c355874ff	dense	8	32	rayon	3	4	526	4345208	6e8a92449627414d94044c505d247c6949af2bb11a7f357f8391cd3dcfa6af5e
A-1	f56a5a2496f519d7b71b7c4c8fdc166c355874ff	dense	8	32	portable-union	3	5	527	2010625	6e8a92449627414d94044c505d247c6949af2bb11a7f357f8391cd3dcfa6af5e
A-1	f56a5a2496f519d7b71b7c4c8fdc166c355874ff	dense	8	32	metal-union	4	0	528	5034416	6e8a92449627414d94044c505d247c6949af2bb11a7f357f8391cd3dcfa6af5e
A-1	f56a5a2496f519d7b71b7c4c8fdc166c355874ff	dense	8	32	metal-worlds	4	1	529	3476458	6e8a92449627414d94044c505d247c6949af2bb11a7f357f8391cd3dcfa6af5e
A-1	f56a5a2496f519d7b71b7c4c8fdc166c355874ff	dense	8	32	scalar	4	2	530	15776250	6e8a92449627414d94044c505d247c6949af2bb11a7f357f8391cd3dcfa6af5e
A-1	f56a5a2496f519d7b71b7c4c8fdc166c355874ff	dense	8	32	rayon	4	3	531	4335000	6e8a92449627414d94044c505d247c6949af2bb11a7f357f8391cd3dcfa6af5e
A-1	f56a5a2496f519d7b71b7c4c8fdc166c355874ff	dense	8	32	portable-union	4	4	532	2003291	6e8a92449627414d94044c505d247c6949af2bb11a7f357f8391cd3dcfa6af5e
A-1	f56a5a2496f519d7b71b7c4c8fdc166c355874ff	dense	8	32	portable-worlds	4	5	533	2031666	6e8a92449627414d94044c505d247c6949af2bb11a7f357f8391cd3dcfa6af5e
A-1	f56a5a2496f519d7b71b7c4c8fdc166c355874ff	dense	8	32	metal-worlds	5	0	534	4735834	6e8a92449627414d94044c505d247c6949af2bb11a7f357f8391cd3dcfa6af5e
A-1	f56a5a2496f519d7b71b7c4c8fdc166c355874ff	dense	8	32	scalar	5	1	535	15840833	6e8a92449627414d94044c505d247c6949af2bb11a7f357f8391cd3dcfa6af5e
A-1	f56a5a2496f519d7b71b7c4c8fdc166c355874ff	dense	8	32	rayon	5	2	536	4343083	6e8a92449627414d94044c505d247c6949af2bb11a7f357f8391cd3dcfa6af5e
A-1	f56a5a2496f519d7b71b7c4c8fdc166c355874ff	dense	8	32	portable-union	5	3	537	1920000	6e8a92449627414d94044c505d247c6949af2bb11a7f357f8391cd3dcfa6af5e
A-1	f56a5a2496f519d7b71b7c4c8fdc166c355874ff	dense	8	32	portable-worlds	5	4	538	2013875	6e8a92449627414d94044c505d247c6949af2bb11a7f357f8391cd3dcfa6af5e
A-1	f56a5a2496f519d7b71b7c4c8fdc166c355874ff	dense	8	32	metal-union	5	5	539	5109958	6e8a92449627414d94044c505d247c6949af2bb11a7f357f8391cd3dcfa6af5e
A-1	f56a5a2496f519d7b71b7c4c8fdc166c355874ff	dense	8	32	scalar	6	0	540	15807542	6e8a92449627414d94044c505d247c6949af2bb11a7f357f8391cd3dcfa6af5e
A-1	f56a5a2496f519d7b71b7c4c8fdc166c355874ff	dense	8	32	rayon	6	1	541	4342209	6e8a92449627414d94044c505d247c6949af2bb11a7f357f8391cd3dcfa6af5e
A-1	f56a5a2496f519d7b71b7c4c8fdc166c355874ff	dense	8	32	portable-union	6	2	542	1993583	6e8a92449627414d94044c505d247c6949af2bb11a7f357f8391cd3dcfa6af5e
A-1	f56a5a2496f519d7b71b7c4c8fdc166c355874ff	dense	8	32	portable-worlds	6	3	543	2032459	6e8a92449627414d94044c505d247c6949af2bb11a7f357f8391cd3dcfa6af5e
A-1	f56a5a2496f519d7b71b7c4c8fdc166c355874ff	dense	8	32	metal-union	6	4	544	4982500	6e8a92449627414d94044c505d247c6949af2bb11a7f357f8391cd3dcfa6af5e
A-1	f56a5a2496f519d7b71b7c4c8fdc166c355874ff	dense	8	32	metal-worlds	6	5	545	4889375	6e8a92449627414d94044c505d247c6949af2bb11a7f357f8391cd3dcfa6af5e
A-1	f56a5a2496f519d7b71b7c4c8fdc166c355874ff	dense	8	32	rayon	7	0	546	4327208	6e8a92449627414d94044c505d247c6949af2bb11a7f357f8391cd3dcfa6af5e
A-1	f56a5a2496f519d7b71b7c4c8fdc166c355874ff	dense	8	32	portable-union	7	1	547	1939792	6e8a92449627414d94044c505d247c6949af2bb11a7f357f8391cd3dcfa6af5e
A-1	f56a5a2496f519d7b71b7c4c8fdc166c355874ff	dense	8	32	portable-worlds	7	2	548	2002000	6e8a92449627414d94044c505d247c6949af2bb11a7f357f8391cd3dcfa6af5e
A-1	f56a5a2496f519d7b71b7c4c8fdc166c355874ff	dense	8	32	metal-union	7	3	549	3497000	6e8a92449627414d94044c505d247c6949af2bb11a7f357f8391cd3dcfa6af5e
A-1	f56a5a2496f519d7b71b7c4c8fdc166c355874ff	dense	8	32	metal-worlds	7	4	550	3647375	6e8a92449627414d94044c505d247c6949af2bb11a7f357f8391cd3dcfa6af5e
A-1	f56a5a2496f519d7b71b7c4c8fdc166c355874ff	dense	8	32	scalar	7	5	551	15808708	6e8a92449627414d94044c505d247c6949af2bb11a7f357f8391cd3dcfa6af5e
A-1	f56a5a2496f519d7b71b7c4c8fdc166c355874ff	dense	8	32	portable-union	8	0	552	2018417	6e8a92449627414d94044c505d247c6949af2bb11a7f357f8391cd3dcfa6af5e
A-1	f56a5a2496f519d7b71b7c4c8fdc166c355874ff	dense	8	32	portable-worlds	8	1	553	2037167	6e8a92449627414d94044c505d247c6949af2bb11a7f357f8391cd3dcfa6af5e
A-1	f56a5a2496f519d7b71b7c4c8fdc166c355874ff	dense	8	32	metal-union	8	2	554	3684750	6e8a92449627414d94044c505d247c6949af2bb11a7f357f8391cd3dcfa6af5e
A-1	f56a5a2496f519d7b71b7c4c8fdc166c355874ff	dense	8	32	metal-worlds	8	3	555	3639958	6e8a92449627414d94044c505d247c6949af2bb11a7f357f8391cd3dcfa6af5e
A-1	f56a5a2496f519d7b71b7c4c8fdc166c355874ff	dense	8	32	scalar	8	4	556	15692292	6e8a92449627414d94044c505d247c6949af2bb11a7f357f8391cd3dcfa6af5e
A-1	f56a5a2496f519d7b71b7c4c8fdc166c355874ff	dense	8	32	rayon	8	5	557	4329792	6e8a92449627414d94044c505d247c6949af2bb11a7f357f8391cd3dcfa6af5e
A-1	f56a5a2496f519d7b71b7c4c8fdc166c355874ff	dense	8	32	portable-worlds	9	0	558	2051667	6e8a92449627414d94044c505d247c6949af2bb11a7f357f8391cd3dcfa6af5e
A-1	f56a5a2496f519d7b71b7c4c8fdc166c355874ff	dense	8	32	metal-union	9	1	559	4013333	6e8a92449627414d94044c505d247c6949af2bb11a7f357f8391cd3dcfa6af5e
A-1	f56a5a2496f519d7b71b7c4c8fdc166c355874ff	dense	8	32	metal-worlds	9	2	560	3860375	6e8a92449627414d94044c505d247c6949af2bb11a7f357f8391cd3dcfa6af5e
A-1	f56a5a2496f519d7b71b7c4c8fdc166c355874ff	dense	8	32	scalar	9	3	561	15857958	6e8a92449627414d94044c505d247c6949af2bb11a7f357f8391cd3dcfa6af5e
A-1	f56a5a2496f519d7b71b7c4c8fdc166c355874ff	dense	8	32	rayon	9	4	562	4324833	6e8a92449627414d94044c505d247c6949af2bb11a7f357f8391cd3dcfa6af5e
A-1	f56a5a2496f519d7b71b7c4c8fdc166c355874ff	dense	8	32	portable-union	9	5	563	1982834	6e8a92449627414d94044c505d247c6949af2bb11a7f357f8391cd3dcfa6af5e
A-1	f56a5a2496f519d7b71b7c4c8fdc166c355874ff	dense	8	32	metal-union	10	0	564	3505125	6e8a92449627414d94044c505d247c6949af2bb11a7f357f8391cd3dcfa6af5e
A-1	f56a5a2496f519d7b71b7c4c8fdc166c355874ff	dense	8	32	metal-worlds	10	1	565	4179458	6e8a92449627414d94044c505d247c6949af2bb11a7f357f8391cd3dcfa6af5e
A-1	f56a5a2496f519d7b71b7c4c8fdc166c355874ff	dense	8	32	scalar	10	2	566	15663875	6e8a92449627414d94044c505d247c6949af2bb11a7f357f8391cd3dcfa6af5e
A-1	f56a5a2496f519d7b71b7c4c8fdc166c355874ff	dense	8	32	rayon	10	3	567	4340083	6e8a92449627414d94044c505d247c6949af2bb11a7f357f8391cd3dcfa6af5e
A-1	f56a5a2496f519d7b71b7c4c8fdc166c355874ff	dense	8	32	portable-union	10	4	568	1917667	6e8a92449627414d94044c505d247c6949af2bb11a7f357f8391cd3dcfa6af5e
A-1	f56a5a2496f519d7b71b7c4c8fdc166c355874ff	dense	8	32	portable-worlds	10	5	569	2006709	6e8a92449627414d94044c505d247c6949af2bb11a7f357f8391cd3dcfa6af5e
A-1	f56a5a2496f519d7b71b7c4c8fdc166c355874ff	dense	8	32	metal-worlds	11	0	570	5044792	6e8a92449627414d94044c505d247c6949af2bb11a7f357f8391cd3dcfa6af5e
A-1	f56a5a2496f519d7b71b7c4c8fdc166c355874ff	dense	8	32	scalar	11	1	571	15749458	6e8a92449627414d94044c505d247c6949af2bb11a7f357f8391cd3dcfa6af5e
A-1	f56a5a2496f519d7b71b7c4c8fdc166c355874ff	dense	8	32	rayon	11	2	572	4352458	6e8a92449627414d94044c505d247c6949af2bb11a7f357f8391cd3dcfa6af5e
A-1	f56a5a2496f519d7b71b7c4c8fdc166c355874ff	dense	8	32	portable-union	11	3	573	1926917	6e8a92449627414d94044c505d247c6949af2bb11a7f357f8391cd3dcfa6af5e
A-1	f56a5a2496f519d7b71b7c4c8fdc166c355874ff	dense	8	32	portable-worlds	11	4	574	1994459	6e8a92449627414d94044c505d247c6949af2bb11a7f357f8391cd3dcfa6af5e
A-1	f56a5a2496f519d7b71b7c4c8fdc166c355874ff	dense	8	32	metal-union	11	5	575	5009292	6e8a92449627414d94044c505d247c6949af2bb11a7f357f8391cd3dcfa6af5e
B-1	679ca8568a6fd8577d9b944fbd99d7c54f666601	sparse	4	1	scalar	0	0	0	6875	1e3abd134a03a0a09d766b75ec1ce4cc17afbc0de1f185333ea0ddea4f512cef
B-1	679ca8568a6fd8577d9b944fbd99d7c54f666601	sparse	4	1	rayon	0	1	1	16709	1e3abd134a03a0a09d766b75ec1ce4cc17afbc0de1f185333ea0ddea4f512cef
B-1	679ca8568a6fd8577d9b944fbd99d7c54f666601	sparse	4	1	portable-union	0	2	2	24542	1e3abd134a03a0a09d766b75ec1ce4cc17afbc0de1f185333ea0ddea4f512cef
B-1	679ca8568a6fd8577d9b944fbd99d7c54f666601	sparse	4	1	portable-worlds	0	3	3	21167	1e3abd134a03a0a09d766b75ec1ce4cc17afbc0de1f185333ea0ddea4f512cef
B-1	679ca8568a6fd8577d9b944fbd99d7c54f666601	sparse	4	1	metal-union	0	4	4	721541	1e3abd134a03a0a09d766b75ec1ce4cc17afbc0de1f185333ea0ddea4f512cef
B-1	679ca8568a6fd8577d9b944fbd99d7c54f666601	sparse	4	1	metal-worlds	0	5	5	683291	1e3abd134a03a0a09d766b75ec1ce4cc17afbc0de1f185333ea0ddea4f512cef
B-1	679ca8568a6fd8577d9b944fbd99d7c54f666601	sparse	4	1	rayon	1	0	6	15500	1e3abd134a03a0a09d766b75ec1ce4cc17afbc0de1f185333ea0ddea4f512cef
B-1	679ca8568a6fd8577d9b944fbd99d7c54f666601	sparse	4	1	portable-union	1	1	7	22125	1e3abd134a03a0a09d766b75ec1ce4cc17afbc0de1f185333ea0ddea4f512cef
B-1	679ca8568a6fd8577d9b944fbd99d7c54f666601	sparse	4	1	portable-worlds	1	2	8	24750	1e3abd134a03a0a09d766b75ec1ce4cc17afbc0de1f185333ea0ddea4f512cef
B-1	679ca8568a6fd8577d9b944fbd99d7c54f666601	sparse	4	1	metal-union	1	3	9	643542	1e3abd134a03a0a09d766b75ec1ce4cc17afbc0de1f185333ea0ddea4f512cef
B-1	679ca8568a6fd8577d9b944fbd99d7c54f666601	sparse	4	1	metal-worlds	1	4	10	650542	1e3abd134a03a0a09d766b75ec1ce4cc17afbc0de1f185333ea0ddea4f512cef
B-1	679ca8568a6fd8577d9b944fbd99d7c54f666601	sparse	4	1	scalar	1	5	11	7792	1e3abd134a03a0a09d766b75ec1ce4cc17afbc0de1f185333ea0ddea4f512cef
B-1	679ca8568a6fd8577d9b944fbd99d7c54f666601	sparse	4	1	portable-union	2	0	12	21791	1e3abd134a03a0a09d766b75ec1ce4cc17afbc0de1f185333ea0ddea4f512cef
B-1	679ca8568a6fd8577d9b944fbd99d7c54f666601	sparse	4	1	portable-worlds	2	1	13	20000	1e3abd134a03a0a09d766b75ec1ce4cc17afbc0de1f185333ea0ddea4f512cef
B-1	679ca8568a6fd8577d9b944fbd99d7c54f666601	sparse	4	1	metal-union	2	2	14	644666	1e3abd134a03a0a09d766b75ec1ce4cc17afbc0de1f185333ea0ddea4f512cef
B-1	679ca8568a6fd8577d9b944fbd99d7c54f666601	sparse	4	1	metal-worlds	2	3	15	657375	1e3abd134a03a0a09d766b75ec1ce4cc17afbc0de1f185333ea0ddea4f512cef
B-1	679ca8568a6fd8577d9b944fbd99d7c54f666601	sparse	4	1	scalar	2	4	16	6709	1e3abd134a03a0a09d766b75ec1ce4cc17afbc0de1f185333ea0ddea4f512cef
B-1	679ca8568a6fd8577d9b944fbd99d7c54f666601	sparse	4	1	rayon	2	5	17	13834	1e3abd134a03a0a09d766b75ec1ce4cc17afbc0de1f185333ea0ddea4f512cef
B-1	679ca8568a6fd8577d9b944fbd99d7c54f666601	sparse	4	1	portable-worlds	3	0	18	22958	1e3abd134a03a0a09d766b75ec1ce4cc17afbc0de1f185333ea0ddea4f512cef
B-1	679ca8568a6fd8577d9b944fbd99d7c54f666601	sparse	4	1	metal-union	3	1	19	643208	1e3abd134a03a0a09d766b75ec1ce4cc17afbc0de1f185333ea0ddea4f512cef
B-1	679ca8568a6fd8577d9b944fbd99d7c54f666601	sparse	4	1	metal-worlds	3	2	20	648125	1e3abd134a03a0a09d766b75ec1ce4cc17afbc0de1f185333ea0ddea4f512cef
B-1	679ca8568a6fd8577d9b944fbd99d7c54f666601	sparse	4	1	scalar	3	3	21	6125	1e3abd134a03a0a09d766b75ec1ce4cc17afbc0de1f185333ea0ddea4f512cef
B-1	679ca8568a6fd8577d9b944fbd99d7c54f666601	sparse	4	1	rayon	3	4	22	13125	1e3abd134a03a0a09d766b75ec1ce4cc17afbc0de1f185333ea0ddea4f512cef
B-1	679ca8568a6fd8577d9b944fbd99d7c54f666601	sparse	4	1	portable-union	3	5	23	21250	1e3abd134a03a0a09d766b75ec1ce4cc17afbc0de1f185333ea0ddea4f512cef
B-1	679ca8568a6fd8577d9b944fbd99d7c54f666601	sparse	4	1	metal-union	4	0	24	638125	1e3abd134a03a0a09d766b75ec1ce4cc17afbc0de1f185333ea0ddea4f512cef
B-1	679ca8568a6fd8577d9b944fbd99d7c54f666601	sparse	4	1	metal-worlds	4	1	25	646375	1e3abd134a03a0a09d766b75ec1ce4cc17afbc0de1f185333ea0ddea4f512cef
B-1	679ca8568a6fd8577d9b944fbd99d7c54f666601	sparse	4	1	scalar	4	2	26	6958	1e3abd134a03a0a09d766b75ec1ce4cc17afbc0de1f185333ea0ddea4f512cef
B-1	679ca8568a6fd8577d9b944fbd99d7c54f666601	sparse	4	1	rayon	4	3	27	14375	1e3abd134a03a0a09d766b75ec1ce4cc17afbc0de1f185333ea0ddea4f512cef
B-1	679ca8568a6fd8577d9b944fbd99d7c54f666601	sparse	4	1	portable-union	4	4	28	22458	1e3abd134a03a0a09d766b75ec1ce4cc17afbc0de1f185333ea0ddea4f512cef
B-1	679ca8568a6fd8577d9b944fbd99d7c54f666601	sparse	4	1	portable-worlds	4	5	29	19250	1e3abd134a03a0a09d766b75ec1ce4cc17afbc0de1f185333ea0ddea4f512cef
B-1	679ca8568a6fd8577d9b944fbd99d7c54f666601	sparse	4	1	metal-worlds	5	0	30	635458	1e3abd134a03a0a09d766b75ec1ce4cc17afbc0de1f185333ea0ddea4f512cef
B-1	679ca8568a6fd8577d9b944fbd99d7c54f666601	sparse	4	1	scalar	5	1	31	6166	1e3abd134a03a0a09d766b75ec1ce4cc17afbc0de1f185333ea0ddea4f512cef
B-1	679ca8568a6fd8577d9b944fbd99d7c54f666601	sparse	4	1	rayon	5	2	32	13041	1e3abd134a03a0a09d766b75ec1ce4cc17afbc0de1f185333ea0ddea4f512cef
B-1	679ca8568a6fd8577d9b944fbd99d7c54f666601	sparse	4	1	portable-union	5	3	33	23292	1e3abd134a03a0a09d766b75ec1ce4cc17afbc0de1f185333ea0ddea4f512cef
B-1	679ca8568a6fd8577d9b944fbd99d7c54f666601	sparse	4	1	portable-worlds	5	4	34	19333	1e3abd134a03a0a09d766b75ec1ce4cc17afbc0de1f185333ea0ddea4f512cef
B-1	679ca8568a6fd8577d9b944fbd99d7c54f666601	sparse	4	1	metal-union	5	5	35	633958	1e3abd134a03a0a09d766b75ec1ce4cc17afbc0de1f185333ea0ddea4f512cef
B-1	679ca8568a6fd8577d9b944fbd99d7c54f666601	sparse	4	1	scalar	6	0	36	5750	1e3abd134a03a0a09d766b75ec1ce4cc17afbc0de1f185333ea0ddea4f512cef
B-1	679ca8568a6fd8577d9b944fbd99d7c54f666601	sparse	4	1	rayon	6	1	37	12500	1e3abd134a03a0a09d766b75ec1ce4cc17afbc0de1f185333ea0ddea4f512cef
B-1	679ca8568a6fd8577d9b944fbd99d7c54f666601	sparse	4	1	portable-union	6	2	38	29333	1e3abd134a03a0a09d766b75ec1ce4cc17afbc0de1f185333ea0ddea4f512cef
B-1	679ca8568a6fd8577d9b944fbd99d7c54f666601	sparse	4	1	portable-worlds	6	3	39	20958	1e3abd134a03a0a09d766b75ec1ce4cc17afbc0de1f185333ea0ddea4f512cef
B-1	679ca8568a6fd8577d9b944fbd99d7c54f666601	sparse	4	1	metal-union	6	4	40	727875	1e3abd134a03a0a09d766b75ec1ce4cc17afbc0de1f185333ea0ddea4f512cef
B-1	679ca8568a6fd8577d9b944fbd99d7c54f666601	sparse	4	1	metal-worlds	6	5	41	633084	1e3abd134a03a0a09d766b75ec1ce4cc17afbc0de1f185333ea0ddea4f512cef
B-1	679ca8568a6fd8577d9b944fbd99d7c54f666601	sparse	4	1	rayon	7	0	42	13042	1e3abd134a03a0a09d766b75ec1ce4cc17afbc0de1f185333ea0ddea4f512cef
B-1	679ca8568a6fd8577d9b944fbd99d7c54f666601	sparse	4	1	portable-union	7	1	43	25875	1e3abd134a03a0a09d766b75ec1ce4cc17afbc0de1f185333ea0ddea4f512cef
B-1	679ca8568a6fd8577d9b944fbd99d7c54f666601	sparse	4	1	portable-worlds	7	2	44	19375	1e3abd134a03a0a09d766b75ec1ce4cc17afbc0de1f185333ea0ddea4f512cef
B-1	679ca8568a6fd8577d9b944fbd99d7c54f666601	sparse	4	1	metal-union	7	3	45	626250	1e3abd134a03a0a09d766b75ec1ce4cc17afbc0de1f185333ea0ddea4f512cef
B-1	679ca8568a6fd8577d9b944fbd99d7c54f666601	sparse	4	1	metal-worlds	7	4	46	642417	1e3abd134a03a0a09d766b75ec1ce4cc17afbc0de1f185333ea0ddea4f512cef
B-1	679ca8568a6fd8577d9b944fbd99d7c54f666601	sparse	4	1	scalar	7	5	47	6000	1e3abd134a03a0a09d766b75ec1ce4cc17afbc0de1f185333ea0ddea4f512cef
B-1	679ca8568a6fd8577d9b944fbd99d7c54f666601	sparse	4	1	portable-union	8	0	48	19167	1e3abd134a03a0a09d766b75ec1ce4cc17afbc0de1f185333ea0ddea4f512cef
B-1	679ca8568a6fd8577d9b944fbd99d7c54f666601	sparse	4	1	portable-worlds	8	1	49	18792	1e3abd134a03a0a09d766b75ec1ce4cc17afbc0de1f185333ea0ddea4f512cef
B-1	679ca8568a6fd8577d9b944fbd99d7c54f666601	sparse	4	1	metal-union	8	2	50	631208	1e3abd134a03a0a09d766b75ec1ce4cc17afbc0de1f185333ea0ddea4f512cef
B-1	679ca8568a6fd8577d9b944fbd99d7c54f666601	sparse	4	1	metal-worlds	8	3	51	637000	1e3abd134a03a0a09d766b75ec1ce4cc17afbc0de1f185333ea0ddea4f512cef
B-1	679ca8568a6fd8577d9b944fbd99d7c54f666601	sparse	4	1	scalar	8	4	52	7208	1e3abd134a03a0a09d766b75ec1ce4cc17afbc0de1f185333ea0ddea4f512cef
B-1	679ca8568a6fd8577d9b944fbd99d7c54f666601	sparse	4	1	rayon	8	5	53	15791	1e3abd134a03a0a09d766b75ec1ce4cc17afbc0de1f185333ea0ddea4f512cef
B-1	679ca8568a6fd8577d9b944fbd99d7c54f666601	sparse	4	1	portable-worlds	9	0	54	20666	1e3abd134a03a0a09d766b75ec1ce4cc17afbc0de1f185333ea0ddea4f512cef
B-1	679ca8568a6fd8577d9b944fbd99d7c54f666601	sparse	4	1	metal-union	9	1	55	644792	1e3abd134a03a0a09d766b75ec1ce4cc17afbc0de1f185333ea0ddea4f512cef
B-1	679ca8568a6fd8577d9b944fbd99d7c54f666601	sparse	4	1	metal-worlds	9	2	56	641625	1e3abd134a03a0a09d766b75ec1ce4cc17afbc0de1f185333ea0ddea4f512cef
B-1	679ca8568a6fd8577d9b944fbd99d7c54f666601	sparse	4	1	scalar	9	3	57	7208	1e3abd134a03a0a09d766b75ec1ce4cc17afbc0de1f185333ea0ddea4f512cef
B-1	679ca8568a6fd8577d9b944fbd99d7c54f666601	sparse	4	1	rayon	9	4	58	12542	1e3abd134a03a0a09d766b75ec1ce4cc17afbc0de1f185333ea0ddea4f512cef
B-1	679ca8568a6fd8577d9b944fbd99d7c54f666601	sparse	4	1	portable-union	9	5	59	22083	1e3abd134a03a0a09d766b75ec1ce4cc17afbc0de1f185333ea0ddea4f512cef
B-1	679ca8568a6fd8577d9b944fbd99d7c54f666601	sparse	4	1	metal-union	10	0	60	649500	1e3abd134a03a0a09d766b75ec1ce4cc17afbc0de1f185333ea0ddea4f512cef
B-1	679ca8568a6fd8577d9b944fbd99d7c54f666601	sparse	4	1	metal-worlds	10	1	61	632125	1e3abd134a03a0a09d766b75ec1ce4cc17afbc0de1f185333ea0ddea4f512cef
B-1	679ca8568a6fd8577d9b944fbd99d7c54f666601	sparse	4	1	scalar	10	2	62	5459	1e3abd134a03a0a09d766b75ec1ce4cc17afbc0de1f185333ea0ddea4f512cef
B-1	679ca8568a6fd8577d9b944fbd99d7c54f666601	sparse	4	1	rayon	10	3	63	12833	1e3abd134a03a0a09d766b75ec1ce4cc17afbc0de1f185333ea0ddea4f512cef
B-1	679ca8568a6fd8577d9b944fbd99d7c54f666601	sparse	4	1	portable-union	10	4	64	24208	1e3abd134a03a0a09d766b75ec1ce4cc17afbc0de1f185333ea0ddea4f512cef
B-1	679ca8568a6fd8577d9b944fbd99d7c54f666601	sparse	4	1	portable-worlds	10	5	65	18750	1e3abd134a03a0a09d766b75ec1ce4cc17afbc0de1f185333ea0ddea4f512cef
B-1	679ca8568a6fd8577d9b944fbd99d7c54f666601	sparse	4	1	metal-worlds	11	0	66	643458	1e3abd134a03a0a09d766b75ec1ce4cc17afbc0de1f185333ea0ddea4f512cef
B-1	679ca8568a6fd8577d9b944fbd99d7c54f666601	sparse	4	1	scalar	11	1	67	6250	1e3abd134a03a0a09d766b75ec1ce4cc17afbc0de1f185333ea0ddea4f512cef
B-1	679ca8568a6fd8577d9b944fbd99d7c54f666601	sparse	4	1	rayon	11	2	68	15208	1e3abd134a03a0a09d766b75ec1ce4cc17afbc0de1f185333ea0ddea4f512cef
B-1	679ca8568a6fd8577d9b944fbd99d7c54f666601	sparse	4	1	portable-union	11	3	69	21083	1e3abd134a03a0a09d766b75ec1ce4cc17afbc0de1f185333ea0ddea4f512cef
B-1	679ca8568a6fd8577d9b944fbd99d7c54f666601	sparse	4	1	portable-worlds	11	4	70	21084	1e3abd134a03a0a09d766b75ec1ce4cc17afbc0de1f185333ea0ddea4f512cef
B-1	679ca8568a6fd8577d9b944fbd99d7c54f666601	sparse	4	1	metal-union	11	5	71	639417	1e3abd134a03a0a09d766b75ec1ce4cc17afbc0de1f185333ea0ddea4f512cef
B-1	679ca8568a6fd8577d9b944fbd99d7c54f666601	sparse	4	32	scalar	0	0	72	122833	1e3abd134a03a0a09d766b75ec1ce4cc17afbc0de1f185333ea0ddea4f512cef
B-1	679ca8568a6fd8577d9b944fbd99d7c54f666601	sparse	4	32	rayon	0	1	73	69625	1e3abd134a03a0a09d766b75ec1ce4cc17afbc0de1f185333ea0ddea4f512cef
B-1	679ca8568a6fd8577d9b944fbd99d7c54f666601	sparse	4	32	portable-union	0	2	74	115750	1e3abd134a03a0a09d766b75ec1ce4cc17afbc0de1f185333ea0ddea4f512cef
B-1	679ca8568a6fd8577d9b944fbd99d7c54f666601	sparse	4	32	portable-worlds	0	3	75	34000	1e3abd134a03a0a09d766b75ec1ce4cc17afbc0de1f185333ea0ddea4f512cef
B-1	679ca8568a6fd8577d9b944fbd99d7c54f666601	sparse	4	32	metal-union	0	4	76	717875	1e3abd134a03a0a09d766b75ec1ce4cc17afbc0de1f185333ea0ddea4f512cef
B-1	679ca8568a6fd8577d9b944fbd99d7c54f666601	sparse	4	32	metal-worlds	0	5	77	633250	1e3abd134a03a0a09d766b75ec1ce4cc17afbc0de1f185333ea0ddea4f512cef
B-1	679ca8568a6fd8577d9b944fbd99d7c54f666601	sparse	4	32	rayon	1	0	78	74958	1e3abd134a03a0a09d766b75ec1ce4cc17afbc0de1f185333ea0ddea4f512cef
B-1	679ca8568a6fd8577d9b944fbd99d7c54f666601	sparse	4	32	portable-union	1	1	79	132292	1e3abd134a03a0a09d766b75ec1ce4cc17afbc0de1f185333ea0ddea4f512cef
B-1	679ca8568a6fd8577d9b944fbd99d7c54f666601	sparse	4	32	portable-worlds	1	2	80	37875	1e3abd134a03a0a09d766b75ec1ce4cc17afbc0de1f185333ea0ddea4f512cef
B-1	679ca8568a6fd8577d9b944fbd99d7c54f666601	sparse	4	32	metal-union	1	3	81	716084	1e3abd134a03a0a09d766b75ec1ce4cc17afbc0de1f185333ea0ddea4f512cef
B-1	679ca8568a6fd8577d9b944fbd99d7c54f666601	sparse	4	32	metal-worlds	1	4	82	709791	1e3abd134a03a0a09d766b75ec1ce4cc17afbc0de1f185333ea0ddea4f512cef
B-1	679ca8568a6fd8577d9b944fbd99d7c54f666601	sparse	4	32	scalar	1	5	83	127250	1e3abd134a03a0a09d766b75ec1ce4cc17afbc0de1f185333ea0ddea4f512cef
B-1	679ca8568a6fd8577d9b944fbd99d7c54f666601	sparse	4	32	portable-union	2	0	84	114625	1e3abd134a03a0a09d766b75ec1ce4cc17afbc0de1f185333ea0ddea4f512cef
B-1	679ca8568a6fd8577d9b944fbd99d7c54f666601	sparse	4	32	portable-worlds	2	1	85	33458	1e3abd134a03a0a09d766b75ec1ce4cc17afbc0de1f185333ea0ddea4f512cef
B-1	679ca8568a6fd8577d9b944fbd99d7c54f666601	sparse	4	32	metal-union	2	2	86	695708	1e3abd134a03a0a09d766b75ec1ce4cc17afbc0de1f185333ea0ddea4f512cef
B-1	679ca8568a6fd8577d9b944fbd99d7c54f666601	sparse	4	32	metal-worlds	2	3	87	625083	1e3abd134a03a0a09d766b75ec1ce4cc17afbc0de1f185333ea0ddea4f512cef
B-1	679ca8568a6fd8577d9b944fbd99d7c54f666601	sparse	4	32	scalar	2	4	88	143750	1e3abd134a03a0a09d766b75ec1ce4cc17afbc0de1f185333ea0ddea4f512cef
B-1	679ca8568a6fd8577d9b944fbd99d7c54f666601	sparse	4	32	rayon	2	5	89	79792	1e3abd134a03a0a09d766b75ec1ce4cc17afbc0de1f185333ea0ddea4f512cef
B-1	679ca8568a6fd8577d9b944fbd99d7c54f666601	sparse	4	32	portable-worlds	3	0	90	38000	1e3abd134a03a0a09d766b75ec1ce4cc17afbc0de1f185333ea0ddea4f512cef
B-1	679ca8568a6fd8577d9b944fbd99d7c54f666601	sparse	4	32	metal-union	3	1	91	724708	1e3abd134a03a0a09d766b75ec1ce4cc17afbc0de1f185333ea0ddea4f512cef
B-1	679ca8568a6fd8577d9b944fbd99d7c54f666601	sparse	4	32	metal-worlds	3	2	92	630625	1e3abd134a03a0a09d766b75ec1ce4cc17afbc0de1f185333ea0ddea4f512cef
B-1	679ca8568a6fd8577d9b944fbd99d7c54f666601	sparse	4	32	scalar	3	3	93	126583	1e3abd134a03a0a09d766b75ec1ce4cc17afbc0de1f185333ea0ddea4f512cef
B-1	679ca8568a6fd8577d9b944fbd99d7c54f666601	sparse	4	32	rayon	3	4	94	70875	1e3abd134a03a0a09d766b75ec1ce4cc17afbc0de1f185333ea0ddea4f512cef
B-1	679ca8568a6fd8577d9b944fbd99d7c54f666601	sparse	4	32	portable-union	3	5	95	117667	1e3abd134a03a0a09d766b75ec1ce4cc17afbc0de1f185333ea0ddea4f512cef
B-1	679ca8568a6fd8577d9b944fbd99d7c54f666601	sparse	4	32	metal-union	4	0	96	690042	1e3abd134a03a0a09d766b75ec1ce4cc17afbc0de1f185333ea0ddea4f512cef
B-1	679ca8568a6fd8577d9b944fbd99d7c54f666601	sparse	4	32	metal-worlds	4	1	97	623708	1e3abd134a03a0a09d766b75ec1ce4cc17afbc0de1f185333ea0ddea4f512cef
B-1	679ca8568a6fd8577d9b944fbd99d7c54f666601	sparse	4	32	scalar	4	2	98	126583	1e3abd134a03a0a09d766b75ec1ce4cc17afbc0de1f185333ea0ddea4f512cef
B-1	679ca8568a6fd8577d9b944fbd99d7c54f666601	sparse	4	32	rayon	4	3	99	70417	1e3abd134a03a0a09d766b75ec1ce4cc17afbc0de1f185333ea0ddea4f512cef
B-1	679ca8568a6fd8577d9b944fbd99d7c54f666601	sparse	4	32	portable-union	4	4	100	124167	1e3abd134a03a0a09d766b75ec1ce4cc17afbc0de1f185333ea0ddea4f512cef
B-1	679ca8568a6fd8577d9b944fbd99d7c54f666601	sparse	4	32	portable-worlds	4	5	101	34375	1e3abd134a03a0a09d766b75ec1ce4cc17afbc0de1f185333ea0ddea4f512cef
B-1	679ca8568a6fd8577d9b944fbd99d7c54f666601	sparse	4	32	metal-worlds	5	0	102	629250	1e3abd134a03a0a09d766b75ec1ce4cc17afbc0de1f185333ea0ddea4f512cef
B-1	679ca8568a6fd8577d9b944fbd99d7c54f666601	sparse	4	32	scalar	5	1	103	124250	1e3abd134a03a0a09d766b75ec1ce4cc17afbc0de1f185333ea0ddea4f512cef
B-1	679ca8568a6fd8577d9b944fbd99d7c54f666601	sparse	4	32	rayon	5	2	104	73917	1e3abd134a03a0a09d766b75ec1ce4cc17afbc0de1f185333ea0ddea4f512cef
B-1	679ca8568a6fd8577d9b944fbd99d7c54f666601	sparse	4	32	portable-union	5	3	105	113083	1e3abd134a03a0a09d766b75ec1ce4cc17afbc0de1f185333ea0ddea4f512cef
B-1	679ca8568a6fd8577d9b944fbd99d7c54f666601	sparse	4	32	portable-worlds	5	4	106	32792	1e3abd134a03a0a09d766b75ec1ce4cc17afbc0de1f185333ea0ddea4f512cef
B-1	679ca8568a6fd8577d9b944fbd99d7c54f666601	sparse	4	32	metal-union	5	5	107	702209	1e3abd134a03a0a09d766b75ec1ce4cc17afbc0de1f185333ea0ddea4f512cef
B-1	679ca8568a6fd8577d9b944fbd99d7c54f666601	sparse	4	32	scalar	6	0	108	123000	1e3abd134a03a0a09d766b75ec1ce4cc17afbc0de1f185333ea0ddea4f512cef
B-1	679ca8568a6fd8577d9b944fbd99d7c54f666601	sparse	4	32	rayon	6	1	109	70000	1e3abd134a03a0a09d766b75ec1ce4cc17afbc0de1f185333ea0ddea4f512cef
B-1	679ca8568a6fd8577d9b944fbd99d7c54f666601	sparse	4	32	portable-union	6	2	110	110875	1e3abd134a03a0a09d766b75ec1ce4cc17afbc0de1f185333ea0ddea4f512cef
B-1	679ca8568a6fd8577d9b944fbd99d7c54f666601	sparse	4	32	portable-worlds	6	3	111	31875	1e3abd134a03a0a09d766b75ec1ce4cc17afbc0de1f185333ea0ddea4f512cef
B-1	679ca8568a6fd8577d9b944fbd99d7c54f666601	sparse	4	32	metal-union	6	4	112	806541	1e3abd134a03a0a09d766b75ec1ce4cc17afbc0de1f185333ea0ddea4f512cef
B-1	679ca8568a6fd8577d9b944fbd99d7c54f666601	sparse	4	32	metal-worlds	6	5	113	663500	1e3abd134a03a0a09d766b75ec1ce4cc17afbc0de1f185333ea0ddea4f512cef
B-1	679ca8568a6fd8577d9b944fbd99d7c54f666601	sparse	4	32	rayon	7	0	114	59917	1e3abd134a03a0a09d766b75ec1ce4cc17afbc0de1f185333ea0ddea4f512cef
B-1	679ca8568a6fd8577d9b944fbd99d7c54f666601	sparse	4	32	portable-union	7	1	115	111292	1e3abd134a03a0a09d766b75ec1ce4cc17afbc0de1f185333ea0ddea4f512cef
B-1	679ca8568a6fd8577d9b944fbd99d7c54f666601	sparse	4	32	portable-worlds	7	2	116	33000	1e3abd134a03a0a09d766b75ec1ce4cc17afbc0de1f185333ea0ddea4f512cef
B-1	679ca8568a6fd8577d9b944fbd99d7c54f666601	sparse	4	32	metal-union	7	3	117	704584	1e3abd134a03a0a09d766b75ec1ce4cc17afbc0de1f185333ea0ddea4f512cef
B-1	679ca8568a6fd8577d9b944fbd99d7c54f666601	sparse	4	32	metal-worlds	7	4	118	641583	1e3abd134a03a0a09d766b75ec1ce4cc17afbc0de1f185333ea0ddea4f512cef
B-1	679ca8568a6fd8577d9b944fbd99d7c54f666601	sparse	4	32	scalar	7	5	119	125834	1e3abd134a03a0a09d766b75ec1ce4cc17afbc0de1f185333ea0ddea4f512cef
B-1	679ca8568a6fd8577d9b944fbd99d7c54f666601	sparse	4	32	portable-union	8	0	120	113042	1e3abd134a03a0a09d766b75ec1ce4cc17afbc0de1f185333ea0ddea4f512cef
B-1	679ca8568a6fd8577d9b944fbd99d7c54f666601	sparse	4	32	portable-worlds	8	1	121	37375	1e3abd134a03a0a09d766b75ec1ce4cc17afbc0de1f185333ea0ddea4f512cef
B-1	679ca8568a6fd8577d9b944fbd99d7c54f666601	sparse	4	32	metal-union	8	2	122	693583	1e3abd134a03a0a09d766b75ec1ce4cc17afbc0de1f185333ea0ddea4f512cef
B-1	679ca8568a6fd8577d9b944fbd99d7c54f666601	sparse	4	32	metal-worlds	8	3	123	634958	1e3abd134a03a0a09d766b75ec1ce4cc17afbc0de1f185333ea0ddea4f512cef
B-1	679ca8568a6fd8577d9b944fbd99d7c54f666601	sparse	4	32	scalar	8	4	124	122625	1e3abd134a03a0a09d766b75ec1ce4cc17afbc0de1f185333ea0ddea4f512cef
B-1	679ca8568a6fd8577d9b944fbd99d7c54f666601	sparse	4	32	rayon	8	5	125	65083	1e3abd134a03a0a09d766b75ec1ce4cc17afbc0de1f185333ea0ddea4f512cef
B-1	679ca8568a6fd8577d9b944fbd99d7c54f666601	sparse	4	32	portable-worlds	9	0	126	40958	1e3abd134a03a0a09d766b75ec1ce4cc17afbc0de1f185333ea0ddea4f512cef
B-1	679ca8568a6fd8577d9b944fbd99d7c54f666601	sparse	4	32	metal-union	9	1	127	696375	1e3abd134a03a0a09d766b75ec1ce4cc17afbc0de1f185333ea0ddea4f512cef
B-1	679ca8568a6fd8577d9b944fbd99d7c54f666601	sparse	4	32	metal-worlds	9	2	128	646834	1e3abd134a03a0a09d766b75ec1ce4cc17afbc0de1f185333ea0ddea4f512cef
B-1	679ca8568a6fd8577d9b944fbd99d7c54f666601	sparse	4	32	scalar	9	3	129	121625	1e3abd134a03a0a09d766b75ec1ce4cc17afbc0de1f185333ea0ddea4f512cef
B-1	679ca8568a6fd8577d9b944fbd99d7c54f666601	sparse	4	32	rayon	9	4	130	59917	1e3abd134a03a0a09d766b75ec1ce4cc17afbc0de1f185333ea0ddea4f512cef
B-1	679ca8568a6fd8577d9b944fbd99d7c54f666601	sparse	4	32	portable-union	9	5	131	111541	1e3abd134a03a0a09d766b75ec1ce4cc17afbc0de1f185333ea0ddea4f512cef
B-1	679ca8568a6fd8577d9b944fbd99d7c54f666601	sparse	4	32	metal-union	10	0	132	691292	1e3abd134a03a0a09d766b75ec1ce4cc17afbc0de1f185333ea0ddea4f512cef
B-1	679ca8568a6fd8577d9b944fbd99d7c54f666601	sparse	4	32	metal-worlds	10	1	133	623625	1e3abd134a03a0a09d766b75ec1ce4cc17afbc0de1f185333ea0ddea4f512cef
B-1	679ca8568a6fd8577d9b944fbd99d7c54f666601	sparse	4	32	scalar	10	2	134	120708	1e3abd134a03a0a09d766b75ec1ce4cc17afbc0de1f185333ea0ddea4f512cef
B-1	679ca8568a6fd8577d9b944fbd99d7c54f666601	sparse	4	32	rayon	10	3	135	56667	1e3abd134a03a0a09d766b75ec1ce4cc17afbc0de1f185333ea0ddea4f512cef
B-1	679ca8568a6fd8577d9b944fbd99d7c54f666601	sparse	4	32	portable-union	10	4	136	113458	1e3abd134a03a0a09d766b75ec1ce4cc17afbc0de1f185333ea0ddea4f512cef
B-1	679ca8568a6fd8577d9b944fbd99d7c54f666601	sparse	4	32	portable-worlds	10	5	137	36209	1e3abd134a03a0a09d766b75ec1ce4cc17afbc0de1f185333ea0ddea4f512cef
B-1	679ca8568a6fd8577d9b944fbd99d7c54f666601	sparse	4	32	metal-worlds	11	0	138	719000	1e3abd134a03a0a09d766b75ec1ce4cc17afbc0de1f185333ea0ddea4f512cef
B-1	679ca8568a6fd8577d9b944fbd99d7c54f666601	sparse	4	32	scalar	11	1	139	131000	1e3abd134a03a0a09d766b75ec1ce4cc17afbc0de1f185333ea0ddea4f512cef
B-1	679ca8568a6fd8577d9b944fbd99d7c54f666601	sparse	4	32	rayon	11	2	140	61208	1e3abd134a03a0a09d766b75ec1ce4cc17afbc0de1f185333ea0ddea4f512cef
B-1	679ca8568a6fd8577d9b944fbd99d7c54f666601	sparse	4	32	portable-union	11	3	141	111542	1e3abd134a03a0a09d766b75ec1ce4cc17afbc0de1f185333ea0ddea4f512cef
B-1	679ca8568a6fd8577d9b944fbd99d7c54f666601	sparse	4	32	portable-worlds	11	4	142	31916	1e3abd134a03a0a09d766b75ec1ce4cc17afbc0de1f185333ea0ddea4f512cef
B-1	679ca8568a6fd8577d9b944fbd99d7c54f666601	sparse	4	32	metal-union	11	5	143	695000	1e3abd134a03a0a09d766b75ec1ce4cc17afbc0de1f185333ea0ddea4f512cef
B-1	679ca8568a6fd8577d9b944fbd99d7c54f666601	sparse	8	1	scalar	0	0	144	4750	1e3abd134a03a0a09d766b75ec1ce4cc17afbc0de1f185333ea0ddea4f512cef
B-1	679ca8568a6fd8577d9b944fbd99d7c54f666601	sparse	8	1	rayon	0	1	145	11792	1e3abd134a03a0a09d766b75ec1ce4cc17afbc0de1f185333ea0ddea4f512cef
B-1	679ca8568a6fd8577d9b944fbd99d7c54f666601	sparse	8	1	portable-union	0	2	146	45709	1e3abd134a03a0a09d766b75ec1ce4cc17afbc0de1f185333ea0ddea4f512cef
B-1	679ca8568a6fd8577d9b944fbd99d7c54f666601	sparse	8	1	portable-worlds	0	3	147	32500	1e3abd134a03a0a09d766b75ec1ce4cc17afbc0de1f185333ea0ddea4f512cef
B-1	679ca8568a6fd8577d9b944fbd99d7c54f666601	sparse	8	1	metal-union	0	4	148	659084	1e3abd134a03a0a09d766b75ec1ce4cc17afbc0de1f185333ea0ddea4f512cef
B-1	679ca8568a6fd8577d9b944fbd99d7c54f666601	sparse	8	1	metal-worlds	0	5	149	630000	1e3abd134a03a0a09d766b75ec1ce4cc17afbc0de1f185333ea0ddea4f512cef
B-1	679ca8568a6fd8577d9b944fbd99d7c54f666601	sparse	8	1	rayon	1	0	150	14125	1e3abd134a03a0a09d766b75ec1ce4cc17afbc0de1f185333ea0ddea4f512cef
B-1	679ca8568a6fd8577d9b944fbd99d7c54f666601	sparse	8	1	portable-union	1	1	151	44625	1e3abd134a03a0a09d766b75ec1ce4cc17afbc0de1f185333ea0ddea4f512cef
B-1	679ca8568a6fd8577d9b944fbd99d7c54f666601	sparse	8	1	portable-worlds	1	2	152	30375	1e3abd134a03a0a09d766b75ec1ce4cc17afbc0de1f185333ea0ddea4f512cef
B-1	679ca8568a6fd8577d9b944fbd99d7c54f666601	sparse	8	1	metal-union	1	3	153	653333	1e3abd134a03a0a09d766b75ec1ce4cc17afbc0de1f185333ea0ddea4f512cef
B-1	679ca8568a6fd8577d9b944fbd99d7c54f666601	sparse	8	1	metal-worlds	1	4	154	768000	1e3abd134a03a0a09d766b75ec1ce4cc17afbc0de1f185333ea0ddea4f512cef
B-1	679ca8568a6fd8577d9b944fbd99d7c54f666601	sparse	8	1	scalar	1	5	155	6541	1e3abd134a03a0a09d766b75ec1ce4cc17afbc0de1f185333ea0ddea4f512cef
B-1	679ca8568a6fd8577d9b944fbd99d7c54f666601	sparse	8	1	portable-union	2	0	156	30833	1e3abd134a03a0a09d766b75ec1ce4cc17afbc0de1f185333ea0ddea4f512cef
B-1	679ca8568a6fd8577d9b944fbd99d7c54f666601	sparse	8	1	portable-worlds	2	1	157	30375	1e3abd134a03a0a09d766b75ec1ce4cc17afbc0de1f185333ea0ddea4f512cef
B-1	679ca8568a6fd8577d9b944fbd99d7c54f666601	sparse	8	1	metal-union	2	2	158	645666	1e3abd134a03a0a09d766b75ec1ce4cc17afbc0de1f185333ea0ddea4f512cef
B-1	679ca8568a6fd8577d9b944fbd99d7c54f666601	sparse	8	1	metal-worlds	2	3	159	651041	1e3abd134a03a0a09d766b75ec1ce4cc17afbc0de1f185333ea0ddea4f512cef
B-1	679ca8568a6fd8577d9b944fbd99d7c54f666601	sparse	8	1	scalar	2	4	160	5916	1e3abd134a03a0a09d766b75ec1ce4cc17afbc0de1f185333ea0ddea4f512cef
B-1	679ca8568a6fd8577d9b944fbd99d7c54f666601	sparse	8	1	rayon	2	5	161	12917	1e3abd134a03a0a09d766b75ec1ce4cc17afbc0de1f185333ea0ddea4f512cef
B-1	679ca8568a6fd8577d9b944fbd99d7c54f666601	sparse	8	1	portable-worlds	3	0	162	45000	1e3abd134a03a0a09d766b75ec1ce4cc17afbc0de1f185333ea0ddea4f512cef
B-1	679ca8568a6fd8577d9b944fbd99d7c54f666601	sparse	8	1	metal-union	3	1	163	655459	1e3abd134a03a0a09d766b75ec1ce4cc17afbc0de1f185333ea0ddea4f512cef
B-1	679ca8568a6fd8577d9b944fbd99d7c54f666601	sparse	8	1	metal-worlds	3	2	164	642458	1e3abd134a03a0a09d766b75ec1ce4cc17afbc0de1f185333ea0ddea4f512cef
B-1	679ca8568a6fd8577d9b944fbd99d7c54f666601	sparse	8	1	scalar	3	3	165	6500	1e3abd134a03a0a09d766b75ec1ce4cc17afbc0de1f185333ea0ddea4f512cef
B-1	679ca8568a6fd8577d9b944fbd99d7c54f666601	sparse	8	1	rayon	3	4	166	12375	1e3abd134a03a0a09d766b75ec1ce4cc17afbc0de1f185333ea0ddea4f512cef
B-1	679ca8568a6fd8577d9b944fbd99d7c54f666601	sparse	8	1	portable-union	3	5	167	44792	1e3abd134a03a0a09d766b75ec1ce4cc17afbc0de1f185333ea0ddea4f512cef
B-1	679ca8568a6fd8577d9b944fbd99d7c54f666601	sparse	8	1	metal-union	4	0	168	647625	1e3abd134a03a0a09d766b75ec1ce4cc17afbc0de1f185333ea0ddea4f512cef
B-1	679ca8568a6fd8577d9b944fbd99d7c54f666601	sparse	8	1	metal-worlds	4	1	169	651167	1e3abd134a03a0a09d766b75ec1ce4cc17afbc0de1f185333ea0ddea4f512cef
B-1	679ca8568a6fd8577d9b944fbd99d7c54f666601	sparse	8	1	scalar	4	2	170	6625	1e3abd134a03a0a09d766b75ec1ce4cc17afbc0de1f185333ea0ddea4f512cef
B-1	679ca8568a6fd8577d9b944fbd99d7c54f666601	sparse	8	1	rayon	4	3	171	13125	1e3abd134a03a0a09d766b75ec1ce4cc17afbc0de1f185333ea0ddea4f512cef
B-1	679ca8568a6fd8577d9b944fbd99d7c54f666601	sparse	8	1	portable-union	4	4	172	44709	1e3abd134a03a0a09d766b75ec1ce4cc17afbc0de1f185333ea0ddea4f512cef
B-1	679ca8568a6fd8577d9b944fbd99d7c54f666601	sparse	8	1	portable-worlds	4	5	173	30000	1e3abd134a03a0a09d766b75ec1ce4cc17afbc0de1f185333ea0ddea4f512cef
B-1	679ca8568a6fd8577d9b944fbd99d7c54f666601	sparse	8	1	metal-worlds	5	0	174	648208	1e3abd134a03a0a09d766b75ec1ce4cc17afbc0de1f185333ea0ddea4f512cef
B-1	679ca8568a6fd8577d9b944fbd99d7c54f666601	sparse	8	1	scalar	5	1	175	6250	1e3abd134a03a0a09d766b75ec1ce4cc17afbc0de1f185333ea0ddea4f512cef
B-1	679ca8568a6fd8577d9b944fbd99d7c54f666601	sparse	8	1	rayon	5	2	176	12334	1e3abd134a03a0a09d766b75ec1ce4cc17afbc0de1f185333ea0ddea4f512cef
B-1	679ca8568a6fd8577d9b944fbd99d7c54f666601	sparse	8	1	portable-union	5	3	177	46792	1e3abd134a03a0a09d766b75ec1ce4cc17afbc0de1f185333ea0ddea4f512cef
B-1	679ca8568a6fd8577d9b944fbd99d7c54f666601	sparse	8	1	portable-worlds	5	4	178	30625	1e3abd134a03a0a09d766b75ec1ce4cc17afbc0de1f185333ea0ddea4f512cef
B-1	679ca8568a6fd8577d9b944fbd99d7c54f666601	sparse	8	1	metal-union	5	5	179	633709	1e3abd134a03a0a09d766b75ec1ce4cc17afbc0de1f185333ea0ddea4f512cef
B-1	679ca8568a6fd8577d9b944fbd99d7c54f666601	sparse	8	1	scalar	6	0	180	6209	1e3abd134a03a0a09d766b75ec1ce4cc17afbc0de1f185333ea0ddea4f512cef
B-1	679ca8568a6fd8577d9b944fbd99d7c54f666601	sparse	8	1	rayon	6	1	181	11667	1e3abd134a03a0a09d766b75ec1ce4cc17afbc0de1f185333ea0ddea4f512cef
B-1	679ca8568a6fd8577d9b944fbd99d7c54f666601	sparse	8	1	portable-union	6	2	182	43875	1e3abd134a03a0a09d766b75ec1ce4cc17afbc0de1f185333ea0ddea4f512cef
B-1	679ca8568a6fd8577d9b944fbd99d7c54f666601	sparse	8	1	portable-worlds	6	3	183	30917	1e3abd134a03a0a09d766b75ec1ce4cc17afbc0de1f185333ea0ddea4f512cef
B-1	679ca8568a6fd8577d9b944fbd99d7c54f666601	sparse	8	1	metal-union	6	4	184	641042	1e3abd134a03a0a09d766b75ec1ce4cc17afbc0de1f185333ea0ddea4f512cef
B-1	679ca8568a6fd8577d9b944fbd99d7c54f666601	sparse	8	1	metal-worlds	6	5	185	638792	1e3abd134a03a0a09d766b75ec1ce4cc17afbc0de1f185333ea0ddea4f512cef
B-1	679ca8568a6fd8577d9b944fbd99d7c54f666601	sparse	8	1	rayon	7	0	186	12208	1e3abd134a03a0a09d766b75ec1ce4cc17afbc0de1f185333ea0ddea4f512cef
B-1	679ca8568a6fd8577d9b944fbd99d7c54f666601	sparse	8	1	portable-union	7	1	187	44709	1e3abd134a03a0a09d766b75ec1ce4cc17afbc0de1f185333ea0ddea4f512cef
B-1	679ca8568a6fd8577d9b944fbd99d7c54f666601	sparse	8	1	portable-worlds	7	2	188	29792	1e3abd134a03a0a09d766b75ec1ce4cc17afbc0de1f185333ea0ddea4f512cef
B-1	679ca8568a6fd8577d9b944fbd99d7c54f666601	sparse	8	1	metal-union	7	3	189	640750	1e3abd134a03a0a09d766b75ec1ce4cc17afbc0de1f185333ea0ddea4f512cef
B-1	679ca8568a6fd8577d9b944fbd99d7c54f666601	sparse	8	1	metal-worlds	7	4	190	634208	1e3abd134a03a0a09d766b75ec1ce4cc17afbc0de1f185333ea0ddea4f512cef
B-1	679ca8568a6fd8577d9b944fbd99d7c54f666601	sparse	8	1	scalar	7	5	191	6333	1e3abd134a03a0a09d766b75ec1ce4cc17afbc0de1f185333ea0ddea4f512cef
B-1	679ca8568a6fd8577d9b944fbd99d7c54f666601	sparse	8	1	portable-union	8	0	192	30167	1e3abd134a03a0a09d766b75ec1ce4cc17afbc0de1f185333ea0ddea4f512cef
B-1	679ca8568a6fd8577d9b944fbd99d7c54f666601	sparse	8	1	portable-worlds	8	1	193	29916	1e3abd134a03a0a09d766b75ec1ce4cc17afbc0de1f185333ea0ddea4f512cef
B-1	679ca8568a6fd8577d9b944fbd99d7c54f666601	sparse	8	1	metal-union	8	2	194	635083	1e3abd134a03a0a09d766b75ec1ce4cc17afbc0de1f185333ea0ddea4f512cef
B-1	679ca8568a6fd8577d9b944fbd99d7c54f666601	sparse	8	1	metal-worlds	8	3	195	637167	1e3abd134a03a0a09d766b75ec1ce4cc17afbc0de1f185333ea0ddea4f512cef
B-1	679ca8568a6fd8577d9b944fbd99d7c54f666601	sparse	8	1	scalar	8	4	196	5708	1e3abd134a03a0a09d766b75ec1ce4cc17afbc0de1f185333ea0ddea4f512cef
B-1	679ca8568a6fd8577d9b944fbd99d7c54f666601	sparse	8	1	rayon	8	5	197	11625	1e3abd134a03a0a09d766b75ec1ce4cc17afbc0de1f185333ea0ddea4f512cef
B-1	679ca8568a6fd8577d9b944fbd99d7c54f666601	sparse	8	1	portable-worlds	9	0	198	44458	1e3abd134a03a0a09d766b75ec1ce4cc17afbc0de1f185333ea0ddea4f512cef
B-1	679ca8568a6fd8577d9b944fbd99d7c54f666601	sparse	8	1	metal-union	9	1	199	638833	1e3abd134a03a0a09d766b75ec1ce4cc17afbc0de1f185333ea0ddea4f512cef
B-1	679ca8568a6fd8577d9b944fbd99d7c54f666601	sparse	8	1	metal-worlds	9	2	200	643625	1e3abd134a03a0a09d766b75ec1ce4cc17afbc0de1f185333ea0ddea4f512cef
B-1	679ca8568a6fd8577d9b944fbd99d7c54f666601	sparse	8	1	scalar	9	3	201	7125	1e3abd134a03a0a09d766b75ec1ce4cc17afbc0de1f185333ea0ddea4f512cef
B-1	679ca8568a6fd8577d9b944fbd99d7c54f666601	sparse	8	1	rayon	9	4	202	12209	1e3abd134a03a0a09d766b75ec1ce4cc17afbc0de1f185333ea0ddea4f512cef
B-1	679ca8568a6fd8577d9b944fbd99d7c54f666601	sparse	8	1	portable-union	9	5	203	44500	1e3abd134a03a0a09d766b75ec1ce4cc17afbc0de1f185333ea0ddea4f512cef
B-1	679ca8568a6fd8577d9b944fbd99d7c54f666601	sparse	8	1	metal-union	10	0	204	637000	1e3abd134a03a0a09d766b75ec1ce4cc17afbc0de1f185333ea0ddea4f512cef
B-1	679ca8568a6fd8577d9b944fbd99d7c54f666601	sparse	8	1	metal-worlds	10	1	205	635292	1e3abd134a03a0a09d766b75ec1ce4cc17afbc0de1f185333ea0ddea4f512cef
B-1	679ca8568a6fd8577d9b944fbd99d7c54f666601	sparse	8	1	scalar	10	2	206	5583	1e3abd134a03a0a09d766b75ec1ce4cc17afbc0de1f185333ea0ddea4f512cef
B-1	679ca8568a6fd8577d9b944fbd99d7c54f666601	sparse	8	1	rayon	10	3	207	11750	1e3abd134a03a0a09d766b75ec1ce4cc17afbc0de1f185333ea0ddea4f512cef
B-1	679ca8568a6fd8577d9b944fbd99d7c54f666601	sparse	8	1	portable-union	10	4	208	44375	1e3abd134a03a0a09d766b75ec1ce4cc17afbc0de1f185333ea0ddea4f512cef
B-1	679ca8568a6fd8577d9b944fbd99d7c54f666601	sparse	8	1	portable-worlds	10	5	209	29709	1e3abd134a03a0a09d766b75ec1ce4cc17afbc0de1f185333ea0ddea4f512cef
B-1	679ca8568a6fd8577d9b944fbd99d7c54f666601	sparse	8	1	metal-worlds	11	0	210	628708	1e3abd134a03a0a09d766b75ec1ce4cc17afbc0de1f185333ea0ddea4f512cef
B-1	679ca8568a6fd8577d9b944fbd99d7c54f666601	sparse	8	1	scalar	11	1	211	6250	1e3abd134a03a0a09d766b75ec1ce4cc17afbc0de1f185333ea0ddea4f512cef
B-1	679ca8568a6fd8577d9b944fbd99d7c54f666601	sparse	8	1	rayon	11	2	212	11667	1e3abd134a03a0a09d766b75ec1ce4cc17afbc0de1f185333ea0ddea4f512cef
B-1	679ca8568a6fd8577d9b944fbd99d7c54f666601	sparse	8	1	portable-union	11	3	213	43416	1e3abd134a03a0a09d766b75ec1ce4cc17afbc0de1f185333ea0ddea4f512cef
B-1	679ca8568a6fd8577d9b944fbd99d7c54f666601	sparse	8	1	portable-worlds	11	4	214	31666	1e3abd134a03a0a09d766b75ec1ce4cc17afbc0de1f185333ea0ddea4f512cef
B-1	679ca8568a6fd8577d9b944fbd99d7c54f666601	sparse	8	1	metal-union	11	5	215	636458	1e3abd134a03a0a09d766b75ec1ce4cc17afbc0de1f185333ea0ddea4f512cef
B-1	679ca8568a6fd8577d9b944fbd99d7c54f666601	sparse	8	32	scalar	0	0	216	124916	1e3abd134a03a0a09d766b75ec1ce4cc17afbc0de1f185333ea0ddea4f512cef
B-1	679ca8568a6fd8577d9b944fbd99d7c54f666601	sparse	8	32	rayon	0	1	217	60208	1e3abd134a03a0a09d766b75ec1ce4cc17afbc0de1f185333ea0ddea4f512cef
B-1	679ca8568a6fd8577d9b944fbd99d7c54f666601	sparse	8	32	portable-union	0	2	218	770583	1e3abd134a03a0a09d766b75ec1ce4cc17afbc0de1f185333ea0ddea4f512cef
B-1	679ca8568a6fd8577d9b944fbd99d7c54f666601	sparse	8	32	portable-worlds	0	3	219	60417	1e3abd134a03a0a09d766b75ec1ce4cc17afbc0de1f185333ea0ddea4f512cef
B-1	679ca8568a6fd8577d9b944fbd99d7c54f666601	sparse	8	32	metal-union	0	4	220	2092291	1e3abd134a03a0a09d766b75ec1ce4cc17afbc0de1f185333ea0ddea4f512cef
B-1	679ca8568a6fd8577d9b944fbd99d7c54f666601	sparse	8	32	metal-worlds	0	5	221	679834	1e3abd134a03a0a09d766b75ec1ce4cc17afbc0de1f185333ea0ddea4f512cef
B-1	679ca8568a6fd8577d9b944fbd99d7c54f666601	sparse	8	32	rayon	1	0	222	61250	1e3abd134a03a0a09d766b75ec1ce4cc17afbc0de1f185333ea0ddea4f512cef
B-1	679ca8568a6fd8577d9b944fbd99d7c54f666601	sparse	8	32	portable-union	1	1	223	774041	1e3abd134a03a0a09d766b75ec1ce4cc17afbc0de1f185333ea0ddea4f512cef
B-1	679ca8568a6fd8577d9b944fbd99d7c54f666601	sparse	8	32	portable-worlds	1	2	224	59667	1e3abd134a03a0a09d766b75ec1ce4cc17afbc0de1f185333ea0ddea4f512cef
B-1	679ca8568a6fd8577d9b944fbd99d7c54f666601	sparse	8	32	metal-union	1	3	225	2164834	1e3abd134a03a0a09d766b75ec1ce4cc17afbc0de1f185333ea0ddea4f512cef
B-1	679ca8568a6fd8577d9b944fbd99d7c54f666601	sparse	8	32	metal-worlds	1	4	226	668500	1e3abd134a03a0a09d766b75ec1ce4cc17afbc0de1f185333ea0ddea4f512cef
B-1	679ca8568a6fd8577d9b944fbd99d7c54f666601	sparse	8	32	scalar	1	5	227	126541	1e3abd134a03a0a09d766b75ec1ce4cc17afbc0de1f185333ea0ddea4f512cef
B-1	679ca8568a6fd8577d9b944fbd99d7c54f666601	sparse	8	32	portable-union	2	0	228	782667	1e3abd134a03a0a09d766b75ec1ce4cc17afbc0de1f185333ea0ddea4f512cef
B-1	679ca8568a6fd8577d9b944fbd99d7c54f666601	sparse	8	32	portable-worlds	2	1	229	65083	1e3abd134a03a0a09d766b75ec1ce4cc17afbc0de1f185333ea0ddea4f512cef
B-1	679ca8568a6fd8577d9b944fbd99d7c54f666601	sparse	8	32	metal-union	2	2	230	2068750	1e3abd134a03a0a09d766b75ec1ce4cc17afbc0de1f185333ea0ddea4f512cef
B-1	679ca8568a6fd8577d9b944fbd99d7c54f666601	sparse	8	32	metal-worlds	2	3	231	664709	1e3abd134a03a0a09d766b75ec1ce4cc17afbc0de1f185333ea0ddea4f512cef
B-1	679ca8568a6fd8577d9b944fbd99d7c54f666601	sparse	8	32	scalar	2	4	232	125959	1e3abd134a03a0a09d766b75ec1ce4cc17afbc0de1f185333ea0ddea4f512cef
B-1	679ca8568a6fd8577d9b944fbd99d7c54f666601	sparse	8	32	rayon	2	5	233	62083	1e3abd134a03a0a09d766b75ec1ce4cc17afbc0de1f185333ea0ddea4f512cef
B-1	679ca8568a6fd8577d9b944fbd99d7c54f666601	sparse	8	32	portable-worlds	3	0	234	70125	1e3abd134a03a0a09d766b75ec1ce4cc17afbc0de1f185333ea0ddea4f512cef
B-1	679ca8568a6fd8577d9b944fbd99d7c54f666601	sparse	8	32	metal-union	3	1	235	2091625	1e3abd134a03a0a09d766b75ec1ce4cc17afbc0de1f185333ea0ddea4f512cef
B-1	679ca8568a6fd8577d9b944fbd99d7c54f666601	sparse	8	32	metal-worlds	3	2	236	668375	1e3abd134a03a0a09d766b75ec1ce4cc17afbc0de1f185333ea0ddea4f512cef
B-1	679ca8568a6fd8577d9b944fbd99d7c54f666601	sparse	8	32	scalar	3	3	237	128833	1e3abd134a03a0a09d766b75ec1ce4cc17afbc0de1f185333ea0ddea4f512cef
B-1	679ca8568a6fd8577d9b944fbd99d7c54f666601	sparse	8	32	rayon	3	4	238	62291	1e3abd134a03a0a09d766b75ec1ce4cc17afbc0de1f185333ea0ddea4f512cef
B-1	679ca8568a6fd8577d9b944fbd99d7c54f666601	sparse	8	32	portable-union	3	5	239	771542	1e3abd134a03a0a09d766b75ec1ce4cc17afbc0de1f185333ea0ddea4f512cef
B-1	679ca8568a6fd8577d9b944fbd99d7c54f666601	sparse	8	32	metal-union	4	0	240	2208666	1e3abd134a03a0a09d766b75ec1ce4cc17afbc0de1f185333ea0ddea4f512cef
B-1	679ca8568a6fd8577d9b944fbd99d7c54f666601	sparse	8	32	metal-worlds	4	1	241	752209	1e3abd134a03a0a09d766b75ec1ce4cc17afbc0de1f185333ea0ddea4f512cef
B-1	679ca8568a6fd8577d9b944fbd99d7c54f666601	sparse	8	32	scalar	4	2	242	129209	1e3abd134a03a0a09d766b75ec1ce4cc17afbc0de1f185333ea0ddea4f512cef
B-1	679ca8568a6fd8577d9b944fbd99d7c54f666601	sparse	8	32	rayon	4	3	243	67916	1e3abd134a03a0a09d766b75ec1ce4cc17afbc0de1f185333ea0ddea4f512cef
B-1	679ca8568a6fd8577d9b944fbd99d7c54f666601	sparse	8	32	portable-union	4	4	244	768833	1e3abd134a03a0a09d766b75ec1ce4cc17afbc0de1f185333ea0ddea4f512cef
B-1	679ca8568a6fd8577d9b944fbd99d7c54f666601	sparse	8	32	portable-worlds	4	5	245	60958	1e3abd134a03a0a09d766b75ec1ce4cc17afbc0de1f185333ea0ddea4f512cef
B-1	679ca8568a6fd8577d9b944fbd99d7c54f666601	sparse	8	32	metal-worlds	5	0	246	657708	1e3abd134a03a0a09d766b75ec1ce4cc17afbc0de1f185333ea0ddea4f512cef
B-1	679ca8568a6fd8577d9b944fbd99d7c54f666601	sparse	8	32	scalar	5	1	247	122709	1e3abd134a03a0a09d766b75ec1ce4cc17afbc0de1f185333ea0ddea4f512cef
B-1	679ca8568a6fd8577d9b944fbd99d7c54f666601	sparse	8	32	rayon	5	2	248	58084	1e3abd134a03a0a09d766b75ec1ce4cc17afbc0de1f185333ea0ddea4f512cef
B-1	679ca8568a6fd8577d9b944fbd99d7c54f666601	sparse	8	32	portable-union	5	3	249	786500	1e3abd134a03a0a09d766b75ec1ce4cc17afbc0de1f185333ea0ddea4f512cef
B-1	679ca8568a6fd8577d9b944fbd99d7c54f666601	sparse	8	32	portable-worlds	5	4	250	60125	1e3abd134a03a0a09d766b75ec1ce4cc17afbc0de1f185333ea0ddea4f512cef
B-1	679ca8568a6fd8577d9b944fbd99d7c54f666601	sparse	8	32	metal-union	5	5	251	2088167	1e3abd134a03a0a09d766b75ec1ce4cc17afbc0de1f185333ea0ddea4f512cef
B-1	679ca8568a6fd8577d9b944fbd99d7c54f666601	sparse	8	32	scalar	6	0	252	122084	1e3abd134a03a0a09d766b75ec1ce4cc17afbc0de1f185333ea0ddea4f512cef
B-1	679ca8568a6fd8577d9b944fbd99d7c54f666601	sparse	8	32	rayon	6	1	253	59125	1e3abd134a03a0a09d766b75ec1ce4cc17afbc0de1f185333ea0ddea4f512cef
B-1	679ca8568a6fd8577d9b944fbd99d7c54f666601	sparse	8	32	portable-union	6	2	254	773666	1e3abd134a03a0a09d766b75ec1ce4cc17afbc0de1f185333ea0ddea4f512cef
B-1	679ca8568a6fd8577d9b944fbd99d7c54f666601	sparse	8	32	portable-worlds	6	3	255	60416	1e3abd134a03a0a09d766b75ec1ce4cc17afbc0de1f185333ea0ddea4f512cef
B-1	679ca8568a6fd8577d9b944fbd99d7c54f666601	sparse	8	32	metal-union	6	4	256	2100292	1e3abd134a03a0a09d766b75ec1ce4cc17afbc0de1f185333ea0ddea4f512cef
B-1	679ca8568a6fd8577d9b944fbd99d7c54f666601	sparse	8	32	metal-worlds	6	5	257	670625	1e3abd134a03a0a09d766b75ec1ce4cc17afbc0de1f185333ea0ddea4f512cef
B-1	679ca8568a6fd8577d9b944fbd99d7c54f666601	sparse	8	32	rayon	7	0	258	54750	1e3abd134a03a0a09d766b75ec1ce4cc17afbc0de1f185333ea0ddea4f512cef
B-1	679ca8568a6fd8577d9b944fbd99d7c54f666601	sparse	8	32	portable-union	7	1	259	758417	1e3abd134a03a0a09d766b75ec1ce4cc17afbc0de1f185333ea0ddea4f512cef
B-1	679ca8568a6fd8577d9b944fbd99d7c54f666601	sparse	8	32	portable-worlds	7	2	260	59750	1e3abd134a03a0a09d766b75ec1ce4cc17afbc0de1f185333ea0ddea4f512cef
B-1	679ca8568a6fd8577d9b944fbd99d7c54f666601	sparse	8	32	metal-union	7	3	261	2078250	1e3abd134a03a0a09d766b75ec1ce4cc17afbc0de1f185333ea0ddea4f512cef
B-1	679ca8568a6fd8577d9b944fbd99d7c54f666601	sparse	8	32	metal-worlds	7	4	262	662084	1e3abd134a03a0a09d766b75ec1ce4cc17afbc0de1f185333ea0ddea4f512cef
B-1	679ca8568a6fd8577d9b944fbd99d7c54f666601	sparse	8	32	scalar	7	5	263	121667	1e3abd134a03a0a09d766b75ec1ce4cc17afbc0de1f185333ea0ddea4f512cef
B-1	679ca8568a6fd8577d9b944fbd99d7c54f666601	sparse	8	32	portable-union	8	0	264	759667	1e3abd134a03a0a09d766b75ec1ce4cc17afbc0de1f185333ea0ddea4f512cef
B-1	679ca8568a6fd8577d9b944fbd99d7c54f666601	sparse	8	32	portable-worlds	8	1	265	59833	1e3abd134a03a0a09d766b75ec1ce4cc17afbc0de1f185333ea0ddea4f512cef
B-1	679ca8568a6fd8577d9b944fbd99d7c54f666601	sparse	8	32	metal-union	8	2	266	2091250	1e3abd134a03a0a09d766b75ec1ce4cc17afbc0de1f185333ea0ddea4f512cef
B-1	679ca8568a6fd8577d9b944fbd99d7c54f666601	sparse	8	32	metal-worlds	8	3	267	665333	1e3abd134a03a0a09d766b75ec1ce4cc17afbc0de1f185333ea0ddea4f512cef
B-1	679ca8568a6fd8577d9b944fbd99d7c54f666601	sparse	8	32	scalar	8	4	268	121333	1e3abd134a03a0a09d766b75ec1ce4cc17afbc0de1f185333ea0ddea4f512cef
B-1	679ca8568a6fd8577d9b944fbd99d7c54f666601	sparse	8	32	rayon	8	5	269	55583	1e3abd134a03a0a09d766b75ec1ce4cc17afbc0de1f185333ea0ddea4f512cef
B-1	679ca8568a6fd8577d9b944fbd99d7c54f666601	sparse	8	32	portable-worlds	9	0	270	64292	1e3abd134a03a0a09d766b75ec1ce4cc17afbc0de1f185333ea0ddea4f512cef
B-1	679ca8568a6fd8577d9b944fbd99d7c54f666601	sparse	8	32	metal-union	9	1	271	2087125	1e3abd134a03a0a09d766b75ec1ce4cc17afbc0de1f185333ea0ddea4f512cef
B-1	679ca8568a6fd8577d9b944fbd99d7c54f666601	sparse	8	32	metal-worlds	9	2	272	668666	1e3abd134a03a0a09d766b75ec1ce4cc17afbc0de1f185333ea0ddea4f512cef
B-1	679ca8568a6fd8577d9b944fbd99d7c54f666601	sparse	8	32	scalar	9	3	273	121541	1e3abd134a03a0a09d766b75ec1ce4cc17afbc0de1f185333ea0ddea4f512cef
B-1	679ca8568a6fd8577d9b944fbd99d7c54f666601	sparse	8	32	rayon	9	4	274	55583	1e3abd134a03a0a09d766b75ec1ce4cc17afbc0de1f185333ea0ddea4f512cef
B-1	679ca8568a6fd8577d9b944fbd99d7c54f666601	sparse	8	32	portable-union	9	5	275	768625	1e3abd134a03a0a09d766b75ec1ce4cc17afbc0de1f185333ea0ddea4f512cef
B-1	679ca8568a6fd8577d9b944fbd99d7c54f666601	sparse	8	32	metal-union	10	0	276	2102833	1e3abd134a03a0a09d766b75ec1ce4cc17afbc0de1f185333ea0ddea4f512cef
B-1	679ca8568a6fd8577d9b944fbd99d7c54f666601	sparse	8	32	metal-worlds	10	1	277	653417	1e3abd134a03a0a09d766b75ec1ce4cc17afbc0de1f185333ea0ddea4f512cef
B-1	679ca8568a6fd8577d9b944fbd99d7c54f666601	sparse	8	32	scalar	10	2	278	121125	1e3abd134a03a0a09d766b75ec1ce4cc17afbc0de1f185333ea0ddea4f512cef
B-1	679ca8568a6fd8577d9b944fbd99d7c54f666601	sparse	8	32	rayon	10	3	279	54791	1e3abd134a03a0a09d766b75ec1ce4cc17afbc0de1f185333ea0ddea4f512cef
B-1	679ca8568a6fd8577d9b944fbd99d7c54f666601	sparse	8	32	portable-union	10	4	280	771459	1e3abd134a03a0a09d766b75ec1ce4cc17afbc0de1f185333ea0ddea4f512cef
B-1	679ca8568a6fd8577d9b944fbd99d7c54f666601	sparse	8	32	portable-worlds	10	5	281	60334	1e3abd134a03a0a09d766b75ec1ce4cc17afbc0de1f185333ea0ddea4f512cef
B-1	679ca8568a6fd8577d9b944fbd99d7c54f666601	sparse	8	32	metal-worlds	11	0	282	653041	1e3abd134a03a0a09d766b75ec1ce4cc17afbc0de1f185333ea0ddea4f512cef
B-1	679ca8568a6fd8577d9b944fbd99d7c54f666601	sparse	8	32	scalar	11	1	283	122083	1e3abd134a03a0a09d766b75ec1ce4cc17afbc0de1f185333ea0ddea4f512cef
B-1	679ca8568a6fd8577d9b944fbd99d7c54f666601	sparse	8	32	rayon	11	2	284	53625	1e3abd134a03a0a09d766b75ec1ce4cc17afbc0de1f185333ea0ddea4f512cef
B-1	679ca8568a6fd8577d9b944fbd99d7c54f666601	sparse	8	32	portable-union	11	3	285	763750	1e3abd134a03a0a09d766b75ec1ce4cc17afbc0de1f185333ea0ddea4f512cef
B-1	679ca8568a6fd8577d9b944fbd99d7c54f666601	sparse	8	32	portable-worlds	11	4	286	59167	1e3abd134a03a0a09d766b75ec1ce4cc17afbc0de1f185333ea0ddea4f512cef
B-1	679ca8568a6fd8577d9b944fbd99d7c54f666601	sparse	8	32	metal-union	11	5	287	2090875	1e3abd134a03a0a09d766b75ec1ce4cc17afbc0de1f185333ea0ddea4f512cef
B-1	679ca8568a6fd8577d9b944fbd99d7c54f666601	dense	4	1	scalar	0	0	288	48417	1e3abd134a03a0a09d766b75ec1ce4cc17afbc0de1f185333ea0ddea4f512cef
B-1	679ca8568a6fd8577d9b944fbd99d7c54f666601	dense	4	1	rayon	0	1	289	59292	1e3abd134a03a0a09d766b75ec1ce4cc17afbc0de1f185333ea0ddea4f512cef
B-1	679ca8568a6fd8577d9b944fbd99d7c54f666601	dense	4	1	portable-union	0	2	290	94875	1e3abd134a03a0a09d766b75ec1ce4cc17afbc0de1f185333ea0ddea4f512cef
B-1	679ca8568a6fd8577d9b944fbd99d7c54f666601	dense	4	1	portable-worlds	0	3	291	91000	1e3abd134a03a0a09d766b75ec1ce4cc17afbc0de1f185333ea0ddea4f512cef
B-1	679ca8568a6fd8577d9b944fbd99d7c54f666601	dense	4	1	metal-union	0	4	292	708542	1e3abd134a03a0a09d766b75ec1ce4cc17afbc0de1f185333ea0ddea4f512cef
B-1	679ca8568a6fd8577d9b944fbd99d7c54f666601	dense	4	1	metal-worlds	0	5	293	702875	1e3abd134a03a0a09d766b75ec1ce4cc17afbc0de1f185333ea0ddea4f512cef
B-1	679ca8568a6fd8577d9b944fbd99d7c54f666601	dense	4	1	rayon	1	0	294	64333	1e3abd134a03a0a09d766b75ec1ce4cc17afbc0de1f185333ea0ddea4f512cef
B-1	679ca8568a6fd8577d9b944fbd99d7c54f666601	dense	4	1	portable-union	1	1	295	98292	1e3abd134a03a0a09d766b75ec1ce4cc17afbc0de1f185333ea0ddea4f512cef
B-1	679ca8568a6fd8577d9b944fbd99d7c54f666601	dense	4	1	portable-worlds	1	2	296	94417	1e3abd134a03a0a09d766b75ec1ce4cc17afbc0de1f185333ea0ddea4f512cef
B-1	679ca8568a6fd8577d9b944fbd99d7c54f666601	dense	4	1	metal-union	1	3	297	703708	1e3abd134a03a0a09d766b75ec1ce4cc17afbc0de1f185333ea0ddea4f512cef
B-1	679ca8568a6fd8577d9b944fbd99d7c54f666601	dense	4	1	metal-worlds	1	4	298	708500	1e3abd134a03a0a09d766b75ec1ce4cc17afbc0de1f185333ea0ddea4f512cef
B-1	679ca8568a6fd8577d9b944fbd99d7c54f666601	dense	4	1	scalar	1	5	299	52542	1e3abd134a03a0a09d766b75ec1ce4cc17afbc0de1f185333ea0ddea4f512cef
B-1	679ca8568a6fd8577d9b944fbd99d7c54f666601	dense	4	1	portable-union	2	0	300	91959	1e3abd134a03a0a09d766b75ec1ce4cc17afbc0de1f185333ea0ddea4f512cef
B-1	679ca8568a6fd8577d9b944fbd99d7c54f666601	dense	4	1	portable-worlds	2	1	301	91625	1e3abd134a03a0a09d766b75ec1ce4cc17afbc0de1f185333ea0ddea4f512cef
B-1	679ca8568a6fd8577d9b944fbd99d7c54f666601	dense	4	1	metal-union	2	2	302	700625	1e3abd134a03a0a09d766b75ec1ce4cc17afbc0de1f185333ea0ddea4f512cef
B-1	679ca8568a6fd8577d9b944fbd99d7c54f666601	dense	4	1	metal-worlds	2	3	303	790166	1e3abd134a03a0a09d766b75ec1ce4cc17afbc0de1f185333ea0ddea4f512cef
B-1	679ca8568a6fd8577d9b944fbd99d7c54f666601	dense	4	1	scalar	2	4	304	50625	1e3abd134a03a0a09d766b75ec1ce4cc17afbc0de1f185333ea0ddea4f512cef
B-1	679ca8568a6fd8577d9b944fbd99d7c54f666601	dense	4	1	rayon	2	5	305	59916	1e3abd134a03a0a09d766b75ec1ce4cc17afbc0de1f185333ea0ddea4f512cef
B-1	679ca8568a6fd8577d9b944fbd99d7c54f666601	dense	4	1	portable-worlds	3	0	306	96875	1e3abd134a03a0a09d766b75ec1ce4cc17afbc0de1f185333ea0ddea4f512cef
B-1	679ca8568a6fd8577d9b944fbd99d7c54f666601	dense	4	1	metal-union	3	1	307	698750	1e3abd134a03a0a09d766b75ec1ce4cc17afbc0de1f185333ea0ddea4f512cef
B-1	679ca8568a6fd8577d9b944fbd99d7c54f666601	dense	4	1	metal-worlds	3	2	308	697292	1e3abd134a03a0a09d766b75ec1ce4cc17afbc0de1f185333ea0ddea4f512cef
B-1	679ca8568a6fd8577d9b944fbd99d7c54f666601	dense	4	1	scalar	3	3	309	50625	1e3abd134a03a0a09d766b75ec1ce4cc17afbc0de1f185333ea0ddea4f512cef
B-1	679ca8568a6fd8577d9b944fbd99d7c54f666601	dense	4	1	rayon	3	4	310	59250	1e3abd134a03a0a09d766b75ec1ce4cc17afbc0de1f185333ea0ddea4f512cef
B-1	679ca8568a6fd8577d9b944fbd99d7c54f666601	dense	4	1	portable-union	3	5	311	95042	1e3abd134a03a0a09d766b75ec1ce4cc17afbc0de1f185333ea0ddea4f512cef
B-1	679ca8568a6fd8577d9b944fbd99d7c54f666601	dense	4	1	metal-union	4	0	312	714542	1e3abd134a03a0a09d766b75ec1ce4cc17afbc0de1f185333ea0ddea4f512cef
B-1	679ca8568a6fd8577d9b944fbd99d7c54f666601	dense	4	1	metal-worlds	4	1	313	697375	1e3abd134a03a0a09d766b75ec1ce4cc17afbc0de1f185333ea0ddea4f512cef
B-1	679ca8568a6fd8577d9b944fbd99d7c54f666601	dense	4	1	scalar	4	2	314	49792	1e3abd134a03a0a09d766b75ec1ce4cc17afbc0de1f185333ea0ddea4f512cef
B-1	679ca8568a6fd8577d9b944fbd99d7c54f666601	dense	4	1	rayon	4	3	315	57875	1e3abd134a03a0a09d766b75ec1ce4cc17afbc0de1f185333ea0ddea4f512cef
B-1	679ca8568a6fd8577d9b944fbd99d7c54f666601	dense	4	1	portable-union	4	4	316	94667	1e3abd134a03a0a09d766b75ec1ce4cc17afbc0de1f185333ea0ddea4f512cef
B-1	679ca8568a6fd8577d9b944fbd99d7c54f666601	dense	4	1	portable-worlds	4	5	317	91167	1e3abd134a03a0a09d766b75ec1ce4cc17afbc0de1f185333ea0ddea4f512cef
B-1	679ca8568a6fd8577d9b944fbd99d7c54f666601	dense	4	1	metal-worlds	5	0	318	687917	1e3abd134a03a0a09d766b75ec1ce4cc17afbc0de1f185333ea0ddea4f512cef
B-1	679ca8568a6fd8577d9b944fbd99d7c54f666601	dense	4	1	scalar	5	1	319	48667	1e3abd134a03a0a09d766b75ec1ce4cc17afbc0de1f185333ea0ddea4f512cef
B-1	679ca8568a6fd8577d9b944fbd99d7c54f666601	dense	4	1	rayon	5	2	320	57542	1e3abd134a03a0a09d766b75ec1ce4cc17afbc0de1f185333ea0ddea4f512cef
B-1	679ca8568a6fd8577d9b944fbd99d7c54f666601	dense	4	1	portable-union	5	3	321	96041	1e3abd134a03a0a09d766b75ec1ce4cc17afbc0de1f185333ea0ddea4f512cef
B-1	679ca8568a6fd8577d9b944fbd99d7c54f666601	dense	4	1	portable-worlds	5	4	322	90459	1e3abd134a03a0a09d766b75ec1ce4cc17afbc0de1f185333ea0ddea4f512cef
B-1	679ca8568a6fd8577d9b944fbd99d7c54f666601	dense	4	1	metal-union	5	5	323	697667	1e3abd134a03a0a09d766b75ec1ce4cc17afbc0de1f185333ea0ddea4f512cef
B-1	679ca8568a6fd8577d9b944fbd99d7c54f666601	dense	4	1	scalar	6	0	324	54166	1e3abd134a03a0a09d766b75ec1ce4cc17afbc0de1f185333ea0ddea4f512cef
B-1	679ca8568a6fd8577d9b944fbd99d7c54f666601	dense	4	1	rayon	6	1	325	61042	1e3abd134a03a0a09d766b75ec1ce4cc17afbc0de1f185333ea0ddea4f512cef
B-1	679ca8568a6fd8577d9b944fbd99d7c54f666601	dense	4	1	portable-union	6	2	326	104041	1e3abd134a03a0a09d766b75ec1ce4cc17afbc0de1f185333ea0ddea4f512cef
B-1	679ca8568a6fd8577d9b944fbd99d7c54f666601	dense	4	1	portable-worlds	6	3	327	109916	1e3abd134a03a0a09d766b75ec1ce4cc17afbc0de1f185333ea0ddea4f512cef
B-1	679ca8568a6fd8577d9b944fbd99d7c54f666601	dense	4	1	metal-union	6	4	328	695042	1e3abd134a03a0a09d766b75ec1ce4cc17afbc0de1f185333ea0ddea4f512cef
B-1	679ca8568a6fd8577d9b944fbd99d7c54f666601	dense	4	1	metal-worlds	6	5	329	714625	1e3abd134a03a0a09d766b75ec1ce4cc17afbc0de1f185333ea0ddea4f512cef
B-1	679ca8568a6fd8577d9b944fbd99d7c54f666601	dense	4	1	rayon	7	0	330	63042	1e3abd134a03a0a09d766b75ec1ce4cc17afbc0de1f185333ea0ddea4f512cef
B-1	679ca8568a6fd8577d9b944fbd99d7c54f666601	dense	4	1	portable-union	7	1	331	100000	1e3abd134a03a0a09d766b75ec1ce4cc17afbc0de1f185333ea0ddea4f512cef
B-1	679ca8568a6fd8577d9b944fbd99d7c54f666601	dense	4	1	portable-worlds	7	2	332	94125	1e3abd134a03a0a09d766b75ec1ce4cc17afbc0de1f185333ea0ddea4f512cef
B-1	679ca8568a6fd8577d9b944fbd99d7c54f666601	dense	4	1	metal-union	7	3	333	712167	1e3abd134a03a0a09d766b75ec1ce4cc17afbc0de1f185333ea0ddea4f512cef
B-1	679ca8568a6fd8577d9b944fbd99d7c54f666601	dense	4	1	metal-worlds	7	4	334	696292	1e3abd134a03a0a09d766b75ec1ce4cc17afbc0de1f185333ea0ddea4f512cef
B-1	679ca8568a6fd8577d9b944fbd99d7c54f666601	dense	4	1	scalar	7	5	335	52666	1e3abd134a03a0a09d766b75ec1ce4cc17afbc0de1f185333ea0ddea4f512cef
B-1	679ca8568a6fd8577d9b944fbd99d7c54f666601	dense	4	1	portable-union	8	0	336	92083	1e3abd134a03a0a09d766b75ec1ce4cc17afbc0de1f185333ea0ddea4f512cef
B-1	679ca8568a6fd8577d9b944fbd99d7c54f666601	dense	4	1	portable-worlds	8	1	337	92791	1e3abd134a03a0a09d766b75ec1ce4cc17afbc0de1f185333ea0ddea4f512cef
B-1	679ca8568a6fd8577d9b944fbd99d7c54f666601	dense	4	1	metal-union	8	2	338	697458	1e3abd134a03a0a09d766b75ec1ce4cc17afbc0de1f185333ea0ddea4f512cef
B-1	679ca8568a6fd8577d9b944fbd99d7c54f666601	dense	4	1	metal-worlds	8	3	339	698417	1e3abd134a03a0a09d766b75ec1ce4cc17afbc0de1f185333ea0ddea4f512cef
B-1	679ca8568a6fd8577d9b944fbd99d7c54f666601	dense	4	1	scalar	8	4	340	51000	1e3abd134a03a0a09d766b75ec1ce4cc17afbc0de1f185333ea0ddea4f512cef
B-1	679ca8568a6fd8577d9b944fbd99d7c54f666601	dense	4	1	rayon	8	5	341	59833	1e3abd134a03a0a09d766b75ec1ce4cc17afbc0de1f185333ea0ddea4f512cef
B-1	679ca8568a6fd8577d9b944fbd99d7c54f666601	dense	4	1	portable-worlds	9	0	342	96917	1e3abd134a03a0a09d766b75ec1ce4cc17afbc0de1f185333ea0ddea4f512cef
B-1	679ca8568a6fd8577d9b944fbd99d7c54f666601	dense	4	1	metal-union	9	1	343	697166	1e3abd134a03a0a09d766b75ec1ce4cc17afbc0de1f185333ea0ddea4f512cef
B-1	679ca8568a6fd8577d9b944fbd99d7c54f666601	dense	4	1	metal-worlds	9	2	344	688375	1e3abd134a03a0a09d766b75ec1ce4cc17afbc0de1f185333ea0ddea4f512cef
B-1	679ca8568a6fd8577d9b944fbd99d7c54f666601	dense	4	1	scalar	9	3	345	50833	1e3abd134a03a0a09d766b75ec1ce4cc17afbc0de1f185333ea0ddea4f512cef
B-1	679ca8568a6fd8577d9b944fbd99d7c54f666601	dense	4	1	rayon	9	4	346	58500	1e3abd134a03a0a09d766b75ec1ce4cc17afbc0de1f185333ea0ddea4f512cef
B-1	679ca8568a6fd8577d9b944fbd99d7c54f666601	dense	4	1	portable-union	9	5	347	96792	1e3abd134a03a0a09d766b75ec1ce4cc17afbc0de1f185333ea0ddea4f512cef
B-1	679ca8568a6fd8577d9b944fbd99d7c54f666601	dense	4	1	metal-union	10	0	348	694833	1e3abd134a03a0a09d766b75ec1ce4cc17afbc0de1f185333ea0ddea4f512cef
B-1	679ca8568a6fd8577d9b944fbd99d7c54f666601	dense	4	1	metal-worlds	10	1	349	702750	1e3abd134a03a0a09d766b75ec1ce4cc17afbc0de1f185333ea0ddea4f512cef
B-1	679ca8568a6fd8577d9b944fbd99d7c54f666601	dense	4	1	scalar	10	2	350	50500	1e3abd134a03a0a09d766b75ec1ce4cc17afbc0de1f185333ea0ddea4f512cef
B-1	679ca8568a6fd8577d9b944fbd99d7c54f666601	dense	4	1	rayon	10	3	351	59667	1e3abd134a03a0a09d766b75ec1ce4cc17afbc0de1f185333ea0ddea4f512cef
B-1	679ca8568a6fd8577d9b944fbd99d7c54f666601	dense	4	1	portable-union	10	4	352	107708	1e3abd134a03a0a09d766b75ec1ce4cc17afbc0de1f185333ea0ddea4f512cef
B-1	679ca8568a6fd8577d9b944fbd99d7c54f666601	dense	4	1	portable-worlds	10	5	353	98625	1e3abd134a03a0a09d766b75ec1ce4cc17afbc0de1f185333ea0ddea4f512cef
B-1	679ca8568a6fd8577d9b944fbd99d7c54f666601	dense	4	1	metal-worlds	11	0	354	695333	1e3abd134a03a0a09d766b75ec1ce4cc17afbc0de1f185333ea0ddea4f512cef
B-1	679ca8568a6fd8577d9b944fbd99d7c54f666601	dense	4	1	scalar	11	1	355	48917	1e3abd134a03a0a09d766b75ec1ce4cc17afbc0de1f185333ea0ddea4f512cef
B-1	679ca8568a6fd8577d9b944fbd99d7c54f666601	dense	4	1	rayon	11	2	356	58166	1e3abd134a03a0a09d766b75ec1ce4cc17afbc0de1f185333ea0ddea4f512cef
B-1	679ca8568a6fd8577d9b944fbd99d7c54f666601	dense	4	1	portable-union	11	3	357	94750	1e3abd134a03a0a09d766b75ec1ce4cc17afbc0de1f185333ea0ddea4f512cef
B-1	679ca8568a6fd8577d9b944fbd99d7c54f666601	dense	4	1	portable-worlds	11	4	358	90291	1e3abd134a03a0a09d766b75ec1ce4cc17afbc0de1f185333ea0ddea4f512cef
B-1	679ca8568a6fd8577d9b944fbd99d7c54f666601	dense	4	1	metal-union	11	5	359	693000	1e3abd134a03a0a09d766b75ec1ce4cc17afbc0de1f185333ea0ddea4f512cef
B-1	679ca8568a6fd8577d9b944fbd99d7c54f666601	dense	4	32	scalar	0	0	360	1556042	1e3abd134a03a0a09d766b75ec1ce4cc17afbc0de1f185333ea0ddea4f512cef
B-1	679ca8568a6fd8577d9b944fbd99d7c54f666601	dense	4	32	rayon	0	1	361	489458	1e3abd134a03a0a09d766b75ec1ce4cc17afbc0de1f185333ea0ddea4f512cef
B-1	679ca8568a6fd8577d9b944fbd99d7c54f666601	dense	4	32	portable-union	0	2	362	238708	1e3abd134a03a0a09d766b75ec1ce4cc17afbc0de1f185333ea0ddea4f512cef
B-1	679ca8568a6fd8577d9b944fbd99d7c54f666601	dense	4	32	portable-worlds	0	3	363	232667	1e3abd134a03a0a09d766b75ec1ce4cc17afbc0de1f185333ea0ddea4f512cef
B-1	679ca8568a6fd8577d9b944fbd99d7c54f666601	dense	4	32	metal-union	0	4	364	1169958	1e3abd134a03a0a09d766b75ec1ce4cc17afbc0de1f185333ea0ddea4f512cef
B-1	679ca8568a6fd8577d9b944fbd99d7c54f666601	dense	4	32	metal-worlds	0	5	365	805166	1e3abd134a03a0a09d766b75ec1ce4cc17afbc0de1f185333ea0ddea4f512cef
B-1	679ca8568a6fd8577d9b944fbd99d7c54f666601	dense	4	32	rayon	1	0	366	488583	1e3abd134a03a0a09d766b75ec1ce4cc17afbc0de1f185333ea0ddea4f512cef
B-1	679ca8568a6fd8577d9b944fbd99d7c54f666601	dense	4	32	portable-union	1	1	367	223333	1e3abd134a03a0a09d766b75ec1ce4cc17afbc0de1f185333ea0ddea4f512cef
B-1	679ca8568a6fd8577d9b944fbd99d7c54f666601	dense	4	32	portable-worlds	1	2	368	228583	1e3abd134a03a0a09d766b75ec1ce4cc17afbc0de1f185333ea0ddea4f512cef
B-1	679ca8568a6fd8577d9b944fbd99d7c54f666601	dense	4	32	metal-union	1	3	369	822792	1e3abd134a03a0a09d766b75ec1ce4cc17afbc0de1f185333ea0ddea4f512cef
B-1	679ca8568a6fd8577d9b944fbd99d7c54f666601	dense	4	32	metal-worlds	1	4	370	835542	1e3abd134a03a0a09d766b75ec1ce4cc17afbc0de1f185333ea0ddea4f512cef
B-1	679ca8568a6fd8577d9b944fbd99d7c54f666601	dense	4	32	scalar	1	5	371	1548917	1e3abd134a03a0a09d766b75ec1ce4cc17afbc0de1f185333ea0ddea4f512cef
B-1	679ca8568a6fd8577d9b944fbd99d7c54f666601	dense	4	32	portable-union	2	0	372	244625	1e3abd134a03a0a09d766b75ec1ce4cc17afbc0de1f185333ea0ddea4f512cef
B-1	679ca8568a6fd8577d9b944fbd99d7c54f666601	dense	4	32	portable-worlds	2	1	373	240291	1e3abd134a03a0a09d766b75ec1ce4cc17afbc0de1f185333ea0ddea4f512cef
B-1	679ca8568a6fd8577d9b944fbd99d7c54f666601	dense	4	32	metal-union	2	2	374	1160958	1e3abd134a03a0a09d766b75ec1ce4cc17afbc0de1f185333ea0ddea4f512cef
B-1	679ca8568a6fd8577d9b944fbd99d7c54f666601	dense	4	32	metal-worlds	2	3	375	836917	1e3abd134a03a0a09d766b75ec1ce4cc17afbc0de1f185333ea0ddea4f512cef
B-1	679ca8568a6fd8577d9b944fbd99d7c54f666601	dense	4	32	scalar	2	4	376	1520833	1e3abd134a03a0a09d766b75ec1ce4cc17afbc0de1f185333ea0ddea4f512cef
B-1	679ca8568a6fd8577d9b944fbd99d7c54f666601	dense	4	32	rayon	2	5	377	477459	1e3abd134a03a0a09d766b75ec1ce4cc17afbc0de1f185333ea0ddea4f512cef
B-1	679ca8568a6fd8577d9b944fbd99d7c54f666601	dense	4	32	portable-worlds	3	0	378	225583	1e3abd134a03a0a09d766b75ec1ce4cc17afbc0de1f185333ea0ddea4f512cef
B-1	679ca8568a6fd8577d9b944fbd99d7c54f666601	dense	4	32	metal-union	3	1	379	1076875	1e3abd134a03a0a09d766b75ec1ce4cc17afbc0de1f185333ea0ddea4f512cef
B-1	679ca8568a6fd8577d9b944fbd99d7c54f666601	dense	4	32	metal-worlds	3	2	380	848750	1e3abd134a03a0a09d766b75ec1ce4cc17afbc0de1f185333ea0ddea4f512cef
B-1	679ca8568a6fd8577d9b944fbd99d7c54f666601	dense	4	32	scalar	3	3	381	1516542	1e3abd134a03a0a09d766b75ec1ce4cc17afbc0de1f185333ea0ddea4f512cef
B-1	679ca8568a6fd8577d9b944fbd99d7c54f666601	dense	4	32	rayon	3	4	382	466292	1e3abd134a03a0a09d766b75ec1ce4cc17afbc0de1f185333ea0ddea4f512cef
B-1	679ca8568a6fd8577d9b944fbd99d7c54f666601	dense	4	32	portable-union	3	5	383	225125	1e3abd134a03a0a09d766b75ec1ce4cc17afbc0de1f185333ea0ddea4f512cef
B-1	679ca8568a6fd8577d9b944fbd99d7c54f666601	dense	4	32	metal-union	4	0	384	1112000	1e3abd134a03a0a09d766b75ec1ce4cc17afbc0de1f185333ea0ddea4f512cef
B-1	679ca8568a6fd8577d9b944fbd99d7c54f666601	dense	4	32	metal-worlds	4	1	385	828916	1e3abd134a03a0a09d766b75ec1ce4cc17afbc0de1f185333ea0ddea4f512cef
B-1	679ca8568a6fd8577d9b944fbd99d7c54f666601	dense	4	32	scalar	4	2	386	1493208	1e3abd134a03a0a09d766b75ec1ce4cc17afbc0de1f185333ea0ddea4f512cef
B-1	679ca8568a6fd8577d9b944fbd99d7c54f666601	dense	4	32	rayon	4	3	387	472500	1e3abd134a03a0a09d766b75ec1ce4cc17afbc0de1f185333ea0ddea4f512cef
B-1	679ca8568a6fd8577d9b944fbd99d7c54f666601	dense	4	32	portable-union	4	4	388	224375	1e3abd134a03a0a09d766b75ec1ce4cc17afbc0de1f185333ea0ddea4f512cef
B-1	679ca8568a6fd8577d9b944fbd99d7c54f666601	dense	4	32	portable-worlds	4	5	389	226166	1e3abd134a03a0a09d766b75ec1ce4cc17afbc0de1f185333ea0ddea4f512cef
B-1	679ca8568a6fd8577d9b944fbd99d7c54f666601	dense	4	32	metal-worlds	5	0	390	1099875	1e3abd134a03a0a09d766b75ec1ce4cc17afbc0de1f185333ea0ddea4f512cef
B-1	679ca8568a6fd8577d9b944fbd99d7c54f666601	dense	4	32	scalar	5	1	391	1539916	1e3abd134a03a0a09d766b75ec1ce4cc17afbc0de1f185333ea0ddea4f512cef
B-1	679ca8568a6fd8577d9b944fbd99d7c54f666601	dense	4	32	rayon	5	2	392	463625	1e3abd134a03a0a09d766b75ec1ce4cc17afbc0de1f185333ea0ddea4f512cef
B-1	679ca8568a6fd8577d9b944fbd99d7c54f666601	dense	4	32	portable-union	5	3	393	227583	1e3abd134a03a0a09d766b75ec1ce4cc17afbc0de1f185333ea0ddea4f512cef
B-1	679ca8568a6fd8577d9b944fbd99d7c54f666601	dense	4	32	portable-worlds	5	4	394	232000	1e3abd134a03a0a09d766b75ec1ce4cc17afbc0de1f185333ea0ddea4f512cef
B-1	679ca8568a6fd8577d9b944fbd99d7c54f666601	dense	4	32	metal-union	5	5	395	1136042	1e3abd134a03a0a09d766b75ec1ce4cc17afbc0de1f185333ea0ddea4f512cef
B-1	679ca8568a6fd8577d9b944fbd99d7c54f666601	dense	4	32	scalar	6	0	396	1505375	1e3abd134a03a0a09d766b75ec1ce4cc17afbc0de1f185333ea0ddea4f512cef
B-1	679ca8568a6fd8577d9b944fbd99d7c54f666601	dense	4	32	rayon	6	1	397	467375	1e3abd134a03a0a09d766b75ec1ce4cc17afbc0de1f185333ea0ddea4f512cef
B-1	679ca8568a6fd8577d9b944fbd99d7c54f666601	dense	4	32	portable-union	6	2	398	227541	1e3abd134a03a0a09d766b75ec1ce4cc17afbc0de1f185333ea0ddea4f512cef
B-1	679ca8568a6fd8577d9b944fbd99d7c54f666601	dense	4	32	portable-worlds	6	3	399	232667	1e3abd134a03a0a09d766b75ec1ce4cc17afbc0de1f185333ea0ddea4f512cef
B-1	679ca8568a6fd8577d9b944fbd99d7c54f666601	dense	4	32	metal-union	6	4	400	1066666	1e3abd134a03a0a09d766b75ec1ce4cc17afbc0de1f185333ea0ddea4f512cef
B-1	679ca8568a6fd8577d9b944fbd99d7c54f666601	dense	4	32	metal-worlds	6	5	401	832542	1e3abd134a03a0a09d766b75ec1ce4cc17afbc0de1f185333ea0ddea4f512cef
B-1	679ca8568a6fd8577d9b944fbd99d7c54f666601	dense	4	32	rayon	7	0	402	476791	1e3abd134a03a0a09d766b75ec1ce4cc17afbc0de1f185333ea0ddea4f512cef
B-1	679ca8568a6fd8577d9b944fbd99d7c54f666601	dense	4	32	portable-union	7	1	403	221542	1e3abd134a03a0a09d766b75ec1ce4cc17afbc0de1f185333ea0ddea4f512cef
B-1	679ca8568a6fd8577d9b944fbd99d7c54f666601	dense	4	32	portable-worlds	7	2	404	227292	1e3abd134a03a0a09d766b75ec1ce4cc17afbc0de1f185333ea0ddea4f512cef
B-1	679ca8568a6fd8577d9b944fbd99d7c54f666601	dense	4	32	metal-union	7	3	405	815750	1e3abd134a03a0a09d766b75ec1ce4cc17afbc0de1f185333ea0ddea4f512cef
B-1	679ca8568a6fd8577d9b944fbd99d7c54f666601	dense	4	32	metal-worlds	7	4	406	828875	1e3abd134a03a0a09d766b75ec1ce4cc17afbc0de1f185333ea0ddea4f512cef
B-1	679ca8568a6fd8577d9b944fbd99d7c54f666601	dense	4	32	scalar	7	5	407	1538792	1e3abd134a03a0a09d766b75ec1ce4cc17afbc0de1f185333ea0ddea4f512cef
B-1	679ca8568a6fd8577d9b944fbd99d7c54f666601	dense	4	32	portable-union	8	0	408	232833	1e3abd134a03a0a09d766b75ec1ce4cc17afbc0de1f185333ea0ddea4f512cef
B-1	679ca8568a6fd8577d9b944fbd99d7c54f666601	dense	4	32	portable-worlds	8	1	409	242375	1e3abd134a03a0a09d766b75ec1ce4cc17afbc0de1f185333ea0ddea4f512cef
B-1	679ca8568a6fd8577d9b944fbd99d7c54f666601	dense	4	32	metal-union	8	2	410	1053542	1e3abd134a03a0a09d766b75ec1ce4cc17afbc0de1f185333ea0ddea4f512cef
B-1	679ca8568a6fd8577d9b944fbd99d7c54f666601	dense	4	32	metal-worlds	8	3	411	808583	1e3abd134a03a0a09d766b75ec1ce4cc17afbc0de1f185333ea0ddea4f512cef
B-1	679ca8568a6fd8577d9b944fbd99d7c54f666601	dense	4	32	scalar	8	4	412	1512875	1e3abd134a03a0a09d766b75ec1ce4cc17afbc0de1f185333ea0ddea4f512cef
B-1	679ca8568a6fd8577d9b944fbd99d7c54f666601	dense	4	32	rayon	8	5	413	461833	1e3abd134a03a0a09d766b75ec1ce4cc17afbc0de1f185333ea0ddea4f512cef
B-1	679ca8568a6fd8577d9b944fbd99d7c54f666601	dense	4	32	portable-worlds	9	0	414	233042	1e3abd134a03a0a09d766b75ec1ce4cc17afbc0de1f185333ea0ddea4f512cef
B-1	679ca8568a6fd8577d9b944fbd99d7c54f666601	dense	4	32	metal-union	9	1	415	1103292	1e3abd134a03a0a09d766b75ec1ce4cc17afbc0de1f185333ea0ddea4f512cef
B-1	679ca8568a6fd8577d9b944fbd99d7c54f666601	dense	4	32	metal-worlds	9	2	416	827375	1e3abd134a03a0a09d766b75ec1ce4cc17afbc0de1f185333ea0ddea4f512cef
B-1	679ca8568a6fd8577d9b944fbd99d7c54f666601	dense	4	32	scalar	9	3	417	1503083	1e3abd134a03a0a09d766b75ec1ce4cc17afbc0de1f185333ea0ddea4f512cef
B-1	679ca8568a6fd8577d9b944fbd99d7c54f666601	dense	4	32	rayon	9	4	418	465333	1e3abd134a03a0a09d766b75ec1ce4cc17afbc0de1f185333ea0ddea4f512cef
B-1	679ca8568a6fd8577d9b944fbd99d7c54f666601	dense	4	32	portable-union	9	5	419	227084	1e3abd134a03a0a09d766b75ec1ce4cc17afbc0de1f185333ea0ddea4f512cef
B-1	679ca8568a6fd8577d9b944fbd99d7c54f666601	dense	4	32	metal-union	10	0	420	1074250	1e3abd134a03a0a09d766b75ec1ce4cc17afbc0de1f185333ea0ddea4f512cef
B-1	679ca8568a6fd8577d9b944fbd99d7c54f666601	dense	4	32	metal-worlds	10	1	421	830125	1e3abd134a03a0a09d766b75ec1ce4cc17afbc0de1f185333ea0ddea4f512cef
B-1	679ca8568a6fd8577d9b944fbd99d7c54f666601	dense	4	32	scalar	10	2	422	1553750	1e3abd134a03a0a09d766b75ec1ce4cc17afbc0de1f185333ea0ddea4f512cef
B-1	679ca8568a6fd8577d9b944fbd99d7c54f666601	dense	4	32	rayon	10	3	423	470458	1e3abd134a03a0a09d766b75ec1ce4cc17afbc0de1f185333ea0ddea4f512cef
B-1	679ca8568a6fd8577d9b944fbd99d7c54f666601	dense	4	32	portable-union	10	4	424	220791	1e3abd134a03a0a09d766b75ec1ce4cc17afbc0de1f185333ea0ddea4f512cef
B-1	679ca8568a6fd8577d9b944fbd99d7c54f666601	dense	4	32	portable-worlds	10	5	425	225959	1e3abd134a03a0a09d766b75ec1ce4cc17afbc0de1f185333ea0ddea4f512cef
B-1	679ca8568a6fd8577d9b944fbd99d7c54f666601	dense	4	32	metal-worlds	11	0	426	1078667	1e3abd134a03a0a09d766b75ec1ce4cc17afbc0de1f185333ea0ddea4f512cef
B-1	679ca8568a6fd8577d9b944fbd99d7c54f666601	dense	4	32	scalar	11	1	427	1496166	1e3abd134a03a0a09d766b75ec1ce4cc17afbc0de1f185333ea0ddea4f512cef
B-1	679ca8568a6fd8577d9b944fbd99d7c54f666601	dense	4	32	rayon	11	2	428	467000	1e3abd134a03a0a09d766b75ec1ce4cc17afbc0de1f185333ea0ddea4f512cef
B-1	679ca8568a6fd8577d9b944fbd99d7c54f666601	dense	4	32	portable-union	11	3	429	228833	1e3abd134a03a0a09d766b75ec1ce4cc17afbc0de1f185333ea0ddea4f512cef
B-1	679ca8568a6fd8577d9b944fbd99d7c54f666601	dense	4	32	portable-worlds	11	4	430	232333	1e3abd134a03a0a09d766b75ec1ce4cc17afbc0de1f185333ea0ddea4f512cef
B-1	679ca8568a6fd8577d9b944fbd99d7c54f666601	dense	4	32	metal-union	11	5	431	1065916	1e3abd134a03a0a09d766b75ec1ce4cc17afbc0de1f185333ea0ddea4f512cef
B-1	679ca8568a6fd8577d9b944fbd99d7c54f666601	dense	8	1	scalar	0	0	432	395000	1e3abd134a03a0a09d766b75ec1ce4cc17afbc0de1f185333ea0ddea4f512cef
B-1	679ca8568a6fd8577d9b944fbd99d7c54f666601	dense	8	1	rayon	0	1	433	415000	1e3abd134a03a0a09d766b75ec1ce4cc17afbc0de1f185333ea0ddea4f512cef
B-1	679ca8568a6fd8577d9b944fbd99d7c54f666601	dense	8	1	portable-union	0	2	434	770292	1e3abd134a03a0a09d766b75ec1ce4cc17afbc0de1f185333ea0ddea4f512cef
B-1	679ca8568a6fd8577d9b944fbd99d7c54f666601	dense	8	1	portable-worlds	0	3	435	765875	1e3abd134a03a0a09d766b75ec1ce4cc17afbc0de1f185333ea0ddea4f512cef
B-1	679ca8568a6fd8577d9b944fbd99d7c54f666601	dense	8	1	metal-union	0	4	436	2355875	1e3abd134a03a0a09d766b75ec1ce4cc17afbc0de1f185333ea0ddea4f512cef
B-1	679ca8568a6fd8577d9b944fbd99d7c54f666601	dense	8	1	metal-worlds	0	5	437	2114916	1e3abd134a03a0a09d766b75ec1ce4cc17afbc0de1f185333ea0ddea4f512cef
B-1	679ca8568a6fd8577d9b944fbd99d7c54f666601	dense	8	1	rayon	1	0	438	404875	1e3abd134a03a0a09d766b75ec1ce4cc17afbc0de1f185333ea0ddea4f512cef
B-1	679ca8568a6fd8577d9b944fbd99d7c54f666601	dense	8	1	portable-union	1	1	439	710208	1e3abd134a03a0a09d766b75ec1ce4cc17afbc0de1f185333ea0ddea4f512cef
B-1	679ca8568a6fd8577d9b944fbd99d7c54f666601	dense	8	1	portable-worlds	1	2	440	749250	1e3abd134a03a0a09d766b75ec1ce4cc17afbc0de1f185333ea0ddea4f512cef
B-1	679ca8568a6fd8577d9b944fbd99d7c54f666601	dense	8	1	metal-union	1	3	441	2402250	1e3abd134a03a0a09d766b75ec1ce4cc17afbc0de1f185333ea0ddea4f512cef
B-1	679ca8568a6fd8577d9b944fbd99d7c54f666601	dense	8	1	metal-worlds	1	4	442	2108833	1e3abd134a03a0a09d766b75ec1ce4cc17afbc0de1f185333ea0ddea4f512cef
B-1	679ca8568a6fd8577d9b944fbd99d7c54f666601	dense	8	1	scalar	1	5	443	395875	1e3abd134a03a0a09d766b75ec1ce4cc17afbc0de1f185333ea0ddea4f512cef
B-1	679ca8568a6fd8577d9b944fbd99d7c54f666601	dense	8	1	portable-union	2	0	444	747708	1e3abd134a03a0a09d766b75ec1ce4cc17afbc0de1f185333ea0ddea4f512cef
B-1	679ca8568a6fd8577d9b944fbd99d7c54f666601	dense	8	1	portable-worlds	2	1	445	747542	1e3abd134a03a0a09d766b75ec1ce4cc17afbc0de1f185333ea0ddea4f512cef
B-1	679ca8568a6fd8577d9b944fbd99d7c54f666601	dense	8	1	metal-union	2	2	446	2364667	1e3abd134a03a0a09d766b75ec1ce4cc17afbc0de1f185333ea0ddea4f512cef
B-1	679ca8568a6fd8577d9b944fbd99d7c54f666601	dense	8	1	metal-worlds	2	3	447	2107083	1e3abd134a03a0a09d766b75ec1ce4cc17afbc0de1f185333ea0ddea4f512cef
B-1	679ca8568a6fd8577d9b944fbd99d7c54f666601	dense	8	1	scalar	2	4	448	384709	1e3abd134a03a0a09d766b75ec1ce4cc17afbc0de1f185333ea0ddea4f512cef
B-1	679ca8568a6fd8577d9b944fbd99d7c54f666601	dense	8	1	rayon	2	5	449	409125	1e3abd134a03a0a09d766b75ec1ce4cc17afbc0de1f185333ea0ddea4f512cef
B-1	679ca8568a6fd8577d9b944fbd99d7c54f666601	dense	8	1	portable-worlds	3	0	450	769667	1e3abd134a03a0a09d766b75ec1ce4cc17afbc0de1f185333ea0ddea4f512cef
B-1	679ca8568a6fd8577d9b944fbd99d7c54f666601	dense	8	1	metal-union	3	1	451	2412709	1e3abd134a03a0a09d766b75ec1ce4cc17afbc0de1f185333ea0ddea4f512cef
B-1	679ca8568a6fd8577d9b944fbd99d7c54f666601	dense	8	1	metal-worlds	3	2	452	2095750	1e3abd134a03a0a09d766b75ec1ce4cc17afbc0de1f185333ea0ddea4f512cef
B-1	679ca8568a6fd8577d9b944fbd99d7c54f666601	dense	8	1	scalar	3	3	453	382375	1e3abd134a03a0a09d766b75ec1ce4cc17afbc0de1f185333ea0ddea4f512cef
B-1	679ca8568a6fd8577d9b944fbd99d7c54f666601	dense	8	1	rayon	3	4	454	398250	1e3abd134a03a0a09d766b75ec1ce4cc17afbc0de1f185333ea0ddea4f512cef
B-1	679ca8568a6fd8577d9b944fbd99d7c54f666601	dense	8	1	portable-union	3	5	455	751333	1e3abd134a03a0a09d766b75ec1ce4cc17afbc0de1f185333ea0ddea4f512cef
B-1	679ca8568a6fd8577d9b944fbd99d7c54f666601	dense	8	1	metal-union	4	0	456	2355666	1e3abd134a03a0a09d766b75ec1ce4cc17afbc0de1f185333ea0ddea4f512cef
B-1	679ca8568a6fd8577d9b944fbd99d7c54f666601	dense	8	1	metal-worlds	4	1	457	2067166	1e3abd134a03a0a09d766b75ec1ce4cc17afbc0de1f185333ea0ddea4f512cef
B-1	679ca8568a6fd8577d9b944fbd99d7c54f666601	dense	8	1	scalar	4	2	458	381875	1e3abd134a03a0a09d766b75ec1ce4cc17afbc0de1f185333ea0ddea4f512cef
B-1	679ca8568a6fd8577d9b944fbd99d7c54f666601	dense	8	1	rayon	4	3	459	406625	1e3abd134a03a0a09d766b75ec1ce4cc17afbc0de1f185333ea0ddea4f512cef
B-1	679ca8568a6fd8577d9b944fbd99d7c54f666601	dense	8	1	portable-union	4	4	460	764792	1e3abd134a03a0a09d766b75ec1ce4cc17afbc0de1f185333ea0ddea4f512cef
B-1	679ca8568a6fd8577d9b944fbd99d7c54f666601	dense	8	1	portable-worlds	4	5	461	764292	1e3abd134a03a0a09d766b75ec1ce4cc17afbc0de1f185333ea0ddea4f512cef
B-1	679ca8568a6fd8577d9b944fbd99d7c54f666601	dense	8	1	metal-worlds	5	0	462	2343041	1e3abd134a03a0a09d766b75ec1ce4cc17afbc0de1f185333ea0ddea4f512cef
B-1	679ca8568a6fd8577d9b944fbd99d7c54f666601	dense	8	1	scalar	5	1	463	384042	1e3abd134a03a0a09d766b75ec1ce4cc17afbc0de1f185333ea0ddea4f512cef
B-1	679ca8568a6fd8577d9b944fbd99d7c54f666601	dense	8	1	rayon	5	2	464	417833	1e3abd134a03a0a09d766b75ec1ce4cc17afbc0de1f185333ea0ddea4f512cef
B-1	679ca8568a6fd8577d9b944fbd99d7c54f666601	dense	8	1	portable-union	5	3	465	759125	1e3abd134a03a0a09d766b75ec1ce4cc17afbc0de1f185333ea0ddea4f512cef
B-1	679ca8568a6fd8577d9b944fbd99d7c54f666601	dense	8	1	portable-worlds	5	4	466	784083	1e3abd134a03a0a09d766b75ec1ce4cc17afbc0de1f185333ea0ddea4f512cef
B-1	679ca8568a6fd8577d9b944fbd99d7c54f666601	dense	8	1	metal-union	5	5	467	2433041	1e3abd134a03a0a09d766b75ec1ce4cc17afbc0de1f185333ea0ddea4f512cef
B-1	679ca8568a6fd8577d9b944fbd99d7c54f666601	dense	8	1	scalar	6	0	468	391375	1e3abd134a03a0a09d766b75ec1ce4cc17afbc0de1f185333ea0ddea4f512cef
B-1	679ca8568a6fd8577d9b944fbd99d7c54f666601	dense	8	1	rayon	6	1	469	411000	1e3abd134a03a0a09d766b75ec1ce4cc17afbc0de1f185333ea0ddea4f512cef
B-1	679ca8568a6fd8577d9b944fbd99d7c54f666601	dense	8	1	portable-union	6	2	470	742792	1e3abd134a03a0a09d766b75ec1ce4cc17afbc0de1f185333ea0ddea4f512cef
B-1	679ca8568a6fd8577d9b944fbd99d7c54f666601	dense	8	1	portable-worlds	6	3	471	778000	1e3abd134a03a0a09d766b75ec1ce4cc17afbc0de1f185333ea0ddea4f512cef
B-1	679ca8568a6fd8577d9b944fbd99d7c54f666601	dense	8	1	metal-union	6	4	472	2358417	1e3abd134a03a0a09d766b75ec1ce4cc17afbc0de1f185333ea0ddea4f512cef
B-1	679ca8568a6fd8577d9b944fbd99d7c54f666601	dense	8	1	metal-worlds	6	5	473	2088000	1e3abd134a03a0a09d766b75ec1ce4cc17afbc0de1f185333ea0ddea4f512cef
B-1	679ca8568a6fd8577d9b944fbd99d7c54f666601	dense	8	1	rayon	7	0	474	408875	1e3abd134a03a0a09d766b75ec1ce4cc17afbc0de1f185333ea0ddea4f512cef
B-1	679ca8568a6fd8577d9b944fbd99d7c54f666601	dense	8	1	portable-union	7	1	475	755125	1e3abd134a03a0a09d766b75ec1ce4cc17afbc0de1f185333ea0ddea4f512cef
B-1	679ca8568a6fd8577d9b944fbd99d7c54f666601	dense	8	1	portable-worlds	7	2	476	770875	1e3abd134a03a0a09d766b75ec1ce4cc17afbc0de1f185333ea0ddea4f512cef
B-1	679ca8568a6fd8577d9b944fbd99d7c54f666601	dense	8	1	metal-union	7	3	477	2344834	1e3abd134a03a0a09d766b75ec1ce4cc17afbc0de1f185333ea0ddea4f512cef
B-1	679ca8568a6fd8577d9b944fbd99d7c54f666601	dense	8	1	metal-worlds	7	4	478	2127375	1e3abd134a03a0a09d766b75ec1ce4cc17afbc0de1f185333ea0ddea4f512cef
B-1	679ca8568a6fd8577d9b944fbd99d7c54f666601	dense	8	1	scalar	7	5	479	421791	1e3abd134a03a0a09d766b75ec1ce4cc17afbc0de1f185333ea0ddea4f512cef
B-1	679ca8568a6fd8577d9b944fbd99d7c54f666601	dense	8	1	portable-union	8	0	480	721041	1e3abd134a03a0a09d766b75ec1ce4cc17afbc0de1f185333ea0ddea4f512cef
B-1	679ca8568a6fd8577d9b944fbd99d7c54f666601	dense	8	1	portable-worlds	8	1	481	715709	1e3abd134a03a0a09d766b75ec1ce4cc17afbc0de1f185333ea0ddea4f512cef
B-1	679ca8568a6fd8577d9b944fbd99d7c54f666601	dense	8	1	metal-union	8	2	482	2564792	1e3abd134a03a0a09d766b75ec1ce4cc17afbc0de1f185333ea0ddea4f512cef
B-1	679ca8568a6fd8577d9b944fbd99d7c54f666601	dense	8	1	metal-worlds	8	3	483	2160250	1e3abd134a03a0a09d766b75ec1ce4cc17afbc0de1f185333ea0ddea4f512cef
B-1	679ca8568a6fd8577d9b944fbd99d7c54f666601	dense	8	1	scalar	8	4	484	379917	1e3abd134a03a0a09d766b75ec1ce4cc17afbc0de1f185333ea0ddea4f512cef
B-1	679ca8568a6fd8577d9b944fbd99d7c54f666601	dense	8	1	rayon	8	5	485	414000	1e3abd134a03a0a09d766b75ec1ce4cc17afbc0de1f185333ea0ddea4f512cef
B-1	679ca8568a6fd8577d9b944fbd99d7c54f666601	dense	8	1	portable-worlds	9	0	486	729375	1e3abd134a03a0a09d766b75ec1ce4cc17afbc0de1f185333ea0ddea4f512cef
B-1	679ca8568a6fd8577d9b944fbd99d7c54f666601	dense	8	1	metal-union	9	1	487	2440875	1e3abd134a03a0a09d766b75ec1ce4cc17afbc0de1f185333ea0ddea4f512cef
B-1	679ca8568a6fd8577d9b944fbd99d7c54f666601	dense	8	1	metal-worlds	9	2	488	2239958	1e3abd134a03a0a09d766b75ec1ce4cc17afbc0de1f185333ea0ddea4f512cef
B-1	679ca8568a6fd8577d9b944fbd99d7c54f666601	dense	8	1	scalar	9	3	489	399875	1e3abd134a03a0a09d766b75ec1ce4cc17afbc0de1f185333ea0ddea4f512cef
B-1	679ca8568a6fd8577d9b944fbd99d7c54f666601	dense	8	1	rayon	9	4	490	438250	1e3abd134a03a0a09d766b75ec1ce4cc17afbc0de1f185333ea0ddea4f512cef
B-1	679ca8568a6fd8577d9b944fbd99d7c54f666601	dense	8	1	portable-union	9	5	491	713375	1e3abd134a03a0a09d766b75ec1ce4cc17afbc0de1f185333ea0ddea4f512cef
B-1	679ca8568a6fd8577d9b944fbd99d7c54f666601	dense	8	1	metal-union	10	0	492	2362208	1e3abd134a03a0a09d766b75ec1ce4cc17afbc0de1f185333ea0ddea4f512cef
B-1	679ca8568a6fd8577d9b944fbd99d7c54f666601	dense	8	1	metal-worlds	10	1	493	2076583	1e3abd134a03a0a09d766b75ec1ce4cc17afbc0de1f185333ea0ddea4f512cef
B-1	679ca8568a6fd8577d9b944fbd99d7c54f666601	dense	8	1	scalar	10	2	494	391250	1e3abd134a03a0a09d766b75ec1ce4cc17afbc0de1f185333ea0ddea4f512cef
B-1	679ca8568a6fd8577d9b944fbd99d7c54f666601	dense	8	1	rayon	10	3	495	411041	1e3abd134a03a0a09d766b75ec1ce4cc17afbc0de1f185333ea0ddea4f512cef
B-1	679ca8568a6fd8577d9b944fbd99d7c54f666601	dense	8	1	portable-union	10	4	496	708166	1e3abd134a03a0a09d766b75ec1ce4cc17afbc0de1f185333ea0ddea4f512cef
B-1	679ca8568a6fd8577d9b944fbd99d7c54f666601	dense	8	1	portable-worlds	10	5	497	748083	1e3abd134a03a0a09d766b75ec1ce4cc17afbc0de1f185333ea0ddea4f512cef
B-1	679ca8568a6fd8577d9b944fbd99d7c54f666601	dense	8	1	metal-worlds	11	0	498	2359584	1e3abd134a03a0a09d766b75ec1ce4cc17afbc0de1f185333ea0ddea4f512cef
B-1	679ca8568a6fd8577d9b944fbd99d7c54f666601	dense	8	1	scalar	11	1	499	399792	1e3abd134a03a0a09d766b75ec1ce4cc17afbc0de1f185333ea0ddea4f512cef
B-1	679ca8568a6fd8577d9b944fbd99d7c54f666601	dense	8	1	rayon	11	2	500	426416	1e3abd134a03a0a09d766b75ec1ce4cc17afbc0de1f185333ea0ddea4f512cef
B-1	679ca8568a6fd8577d9b944fbd99d7c54f666601	dense	8	1	portable-union	11	3	501	771292	1e3abd134a03a0a09d766b75ec1ce4cc17afbc0de1f185333ea0ddea4f512cef
B-1	679ca8568a6fd8577d9b944fbd99d7c54f666601	dense	8	1	portable-worlds	11	4	502	762167	1e3abd134a03a0a09d766b75ec1ce4cc17afbc0de1f185333ea0ddea4f512cef
B-1	679ca8568a6fd8577d9b944fbd99d7c54f666601	dense	8	1	metal-union	11	5	503	2414041	1e3abd134a03a0a09d766b75ec1ce4cc17afbc0de1f185333ea0ddea4f512cef
B-1	679ca8568a6fd8577d9b944fbd99d7c54f666601	dense	8	32	scalar	0	0	504	13298541	1e3abd134a03a0a09d766b75ec1ce4cc17afbc0de1f185333ea0ddea4f512cef
B-1	679ca8568a6fd8577d9b944fbd99d7c54f666601	dense	8	32	rayon	0	1	505	3854709	1e3abd134a03a0a09d766b75ec1ce4cc17afbc0de1f185333ea0ddea4f512cef
B-1	679ca8568a6fd8577d9b944fbd99d7c54f666601	dense	8	32	portable-union	0	2	506	1948625	1e3abd134a03a0a09d766b75ec1ce4cc17afbc0de1f185333ea0ddea4f512cef
B-1	679ca8568a6fd8577d9b944fbd99d7c54f666601	dense	8	32	portable-worlds	0	3	507	1980084	1e3abd134a03a0a09d766b75ec1ce4cc17afbc0de1f185333ea0ddea4f512cef
B-1	679ca8568a6fd8577d9b944fbd99d7c54f666601	dense	8	32	metal-union	0	4	508	4945417	1e3abd134a03a0a09d766b75ec1ce4cc17afbc0de1f185333ea0ddea4f512cef
B-1	679ca8568a6fd8577d9b944fbd99d7c54f666601	dense	8	32	metal-worlds	0	5	509	4624250	1e3abd134a03a0a09d766b75ec1ce4cc17afbc0de1f185333ea0ddea4f512cef
B-1	679ca8568a6fd8577d9b944fbd99d7c54f666601	dense	8	32	rayon	1	0	510	3728291	1e3abd134a03a0a09d766b75ec1ce4cc17afbc0de1f185333ea0ddea4f512cef
B-1	679ca8568a6fd8577d9b944fbd99d7c54f666601	dense	8	32	portable-union	1	1	511	1897875	1e3abd134a03a0a09d766b75ec1ce4cc17afbc0de1f185333ea0ddea4f512cef
B-1	679ca8568a6fd8577d9b944fbd99d7c54f666601	dense	8	32	portable-worlds	1	2	512	1943167	1e3abd134a03a0a09d766b75ec1ce4cc17afbc0de1f185333ea0ddea4f512cef
B-1	679ca8568a6fd8577d9b944fbd99d7c54f666601	dense	8	32	metal-union	1	3	513	3504792	1e3abd134a03a0a09d766b75ec1ce4cc17afbc0de1f185333ea0ddea4f512cef
B-1	679ca8568a6fd8577d9b944fbd99d7c54f666601	dense	8	32	metal-worlds	1	4	514	3184709	1e3abd134a03a0a09d766b75ec1ce4cc17afbc0de1f185333ea0ddea4f512cef
B-1	679ca8568a6fd8577d9b944fbd99d7c54f666601	dense	8	32	scalar	1	5	515	13229500	1e3abd134a03a0a09d766b75ec1ce4cc17afbc0de1f185333ea0ddea4f512cef
B-1	679ca8568a6fd8577d9b944fbd99d7c54f666601	dense	8	32	portable-union	2	0	516	1964667	1e3abd134a03a0a09d766b75ec1ce4cc17afbc0de1f185333ea0ddea4f512cef
B-1	679ca8568a6fd8577d9b944fbd99d7c54f666601	dense	8	32	portable-worlds	2	1	517	1977792	1e3abd134a03a0a09d766b75ec1ce4cc17afbc0de1f185333ea0ddea4f512cef
B-1	679ca8568a6fd8577d9b944fbd99d7c54f666601	dense	8	32	metal-union	2	2	518	3512167	1e3abd134a03a0a09d766b75ec1ce4cc17afbc0de1f185333ea0ddea4f512cef
B-1	679ca8568a6fd8577d9b944fbd99d7c54f666601	dense	8	32	metal-worlds	2	3	519	3173625	1e3abd134a03a0a09d766b75ec1ce4cc17afbc0de1f185333ea0ddea4f512cef
B-1	679ca8568a6fd8577d9b944fbd99d7c54f666601	dense	8	32	scalar	2	4	520	13337084	1e3abd134a03a0a09d766b75ec1ce4cc17afbc0de1f185333ea0ddea4f512cef
B-1	679ca8568a6fd8577d9b944fbd99d7c54f666601	dense	8	32	rayon	2	5	521	3746458	1e3abd134a03a0a09d766b75ec1ce4cc17afbc0de1f185333ea0ddea4f512cef
B-1	679ca8568a6fd8577d9b944fbd99d7c54f666601	dense	8	32	portable-worlds	3	0	522	1813750	1e3abd134a03a0a09d766b75ec1ce4cc17afbc0de1f185333ea0ddea4f512cef
B-1	679ca8568a6fd8577d9b944fbd99d7c54f666601	dense	8	32	metal-union	3	1	523	3591083	1e3abd134a03a0a09d766b75ec1ce4cc17afbc0de1f185333ea0ddea4f512cef
B-1	679ca8568a6fd8577d9b944fbd99d7c54f666601	dense	8	32	metal-worlds	3	2	524	4012250	1e3abd134a03a0a09d766b75ec1ce4cc17afbc0de1f185333ea0ddea4f512cef
B-1	679ca8568a6fd8577d9b944fbd99d7c54f666601	dense	8	32	scalar	3	3	525	13499000	1e3abd134a03a0a09d766b75ec1ce4cc17afbc0de1f185333ea0ddea4f512cef
B-1	679ca8568a6fd8577d9b944fbd99d7c54f666601	dense	8	32	rayon	3	4	526	3719042	1e3abd134a03a0a09d766b75ec1ce4cc17afbc0de1f185333ea0ddea4f512cef
B-1	679ca8568a6fd8577d9b944fbd99d7c54f666601	dense	8	32	portable-union	3	5	527	1897792	1e3abd134a03a0a09d766b75ec1ce4cc17afbc0de1f185333ea0ddea4f512cef
B-1	679ca8568a6fd8577d9b944fbd99d7c54f666601	dense	8	32	metal-union	4	0	528	3897542	1e3abd134a03a0a09d766b75ec1ce4cc17afbc0de1f185333ea0ddea4f512cef
B-1	679ca8568a6fd8577d9b944fbd99d7c54f666601	dense	8	32	metal-worlds	4	1	529	3380917	1e3abd134a03a0a09d766b75ec1ce4cc17afbc0de1f185333ea0ddea4f512cef
B-1	679ca8568a6fd8577d9b944fbd99d7c54f666601	dense	8	32	scalar	4	2	530	13369125	1e3abd134a03a0a09d766b75ec1ce4cc17afbc0de1f185333ea0ddea4f512cef
B-1	679ca8568a6fd8577d9b944fbd99d7c54f666601	dense	8	32	rayon	4	3	531	3746583	1e3abd134a03a0a09d766b75ec1ce4cc17afbc0de1f185333ea0ddea4f512cef
B-1	679ca8568a6fd8577d9b944fbd99d7c54f666601	dense	8	32	portable-union	4	4	532	1868666	1e3abd134a03a0a09d766b75ec1ce4cc17afbc0de1f185333ea0ddea4f512cef
B-1	679ca8568a6fd8577d9b944fbd99d7c54f666601	dense	8	32	portable-worlds	4	5	533	1961542	1e3abd134a03a0a09d766b75ec1ce4cc17afbc0de1f185333ea0ddea4f512cef
B-1	679ca8568a6fd8577d9b944fbd99d7c54f666601	dense	8	32	metal-worlds	5	0	534	3832791	1e3abd134a03a0a09d766b75ec1ce4cc17afbc0de1f185333ea0ddea4f512cef
B-1	679ca8568a6fd8577d9b944fbd99d7c54f666601	dense	8	32	scalar	5	1	535	13349416	1e3abd134a03a0a09d766b75ec1ce4cc17afbc0de1f185333ea0ddea4f512cef
B-1	679ca8568a6fd8577d9b944fbd99d7c54f666601	dense	8	32	rayon	5	2	536	3735000	1e3abd134a03a0a09d766b75ec1ce4cc17afbc0de1f185333ea0ddea4f512cef
B-1	679ca8568a6fd8577d9b944fbd99d7c54f666601	dense	8	32	portable-union	5	3	537	1870625	1e3abd134a03a0a09d766b75ec1ce4cc17afbc0de1f185333ea0ddea4f512cef
B-1	679ca8568a6fd8577d9b944fbd99d7c54f666601	dense	8	32	portable-worlds	5	4	538	1956083	1e3abd134a03a0a09d766b75ec1ce4cc17afbc0de1f185333ea0ddea4f512cef
B-1	679ca8568a6fd8577d9b944fbd99d7c54f666601	dense	8	32	metal-union	5	5	539	4670708	1e3abd134a03a0a09d766b75ec1ce4cc17afbc0de1f185333ea0ddea4f512cef
B-1	679ca8568a6fd8577d9b944fbd99d7c54f666601	dense	8	32	scalar	6	0	540	13578250	1e3abd134a03a0a09d766b75ec1ce4cc17afbc0de1f185333ea0ddea4f512cef
B-1	679ca8568a6fd8577d9b944fbd99d7c54f666601	dense	8	32	rayon	6	1	541	3729583	1e3abd134a03a0a09d766b75ec1ce4cc17afbc0de1f185333ea0ddea4f512cef
B-1	679ca8568a6fd8577d9b944fbd99d7c54f666601	dense	8	32	portable-union	6	2	542	1945750	1e3abd134a03a0a09d766b75ec1ce4cc17afbc0de1f185333ea0ddea4f512cef
B-1	679ca8568a6fd8577d9b944fbd99d7c54f666601	dense	8	32	portable-worlds	6	3	543	1967792	1e3abd134a03a0a09d766b75ec1ce4cc17afbc0de1f185333ea0ddea4f512cef
B-1	679ca8568a6fd8577d9b944fbd99d7c54f666601	dense	8	32	metal-union	6	4	544	4989458	1e3abd134a03a0a09d766b75ec1ce4cc17afbc0de1f185333ea0ddea4f512cef
B-1	679ca8568a6fd8577d9b944fbd99d7c54f666601	dense	8	32	metal-worlds	6	5	545	3940959	1e3abd134a03a0a09d766b75ec1ce4cc17afbc0de1f185333ea0ddea4f512cef
B-1	679ca8568a6fd8577d9b944fbd99d7c54f666601	dense	8	32	rayon	7	0	546	3732750	1e3abd134a03a0a09d766b75ec1ce4cc17afbc0de1f185333ea0ddea4f512cef
B-1	679ca8568a6fd8577d9b944fbd99d7c54f666601	dense	8	32	portable-union	7	1	547	1862375	1e3abd134a03a0a09d766b75ec1ce4cc17afbc0de1f185333ea0ddea4f512cef
B-1	679ca8568a6fd8577d9b944fbd99d7c54f666601	dense	8	32	portable-worlds	7	2	548	1955292	1e3abd134a03a0a09d766b75ec1ce4cc17afbc0de1f185333ea0ddea4f512cef
B-1	679ca8568a6fd8577d9b944fbd99d7c54f666601	dense	8	32	metal-union	7	3	549	3649125	1e3abd134a03a0a09d766b75ec1ce4cc17afbc0de1f185333ea0ddea4f512cef
B-1	679ca8568a6fd8577d9b944fbd99d7c54f666601	dense	8	32	metal-worlds	7	4	550	3446875	1e3abd134a03a0a09d766b75ec1ce4cc17afbc0de1f185333ea0ddea4f512cef
B-1	679ca8568a6fd8577d9b944fbd99d7c54f666601	dense	8	32	scalar	7	5	551	13566541	1e3abd134a03a0a09d766b75ec1ce4cc17afbc0de1f185333ea0ddea4f512cef
B-1	679ca8568a6fd8577d9b944fbd99d7c54f666601	dense	8	32	portable-union	8	0	552	1940125	1e3abd134a03a0a09d766b75ec1ce4cc17afbc0de1f185333ea0ddea4f512cef
B-1	679ca8568a6fd8577d9b944fbd99d7c54f666601	dense	8	32	portable-worlds	8	1	553	1979667	1e3abd134a03a0a09d766b75ec1ce4cc17afbc0de1f185333ea0ddea4f512cef
B-1	679ca8568a6fd8577d9b944fbd99d7c54f666601	dense	8	32	metal-union	8	2	554	3546666	1e3abd134a03a0a09d766b75ec1ce4cc17afbc0de1f185333ea0ddea4f512cef
B-1	679ca8568a6fd8577d9b944fbd99d7c54f666601	dense	8	32	metal-worlds	8	3	555	3394584	1e3abd134a03a0a09d766b75ec1ce4cc17afbc0de1f185333ea0ddea4f512cef
B-1	679ca8568a6fd8577d9b944fbd99d7c54f666601	dense	8	32	scalar	8	4	556	13409291	1e3abd134a03a0a09d766b75ec1ce4cc17afbc0de1f185333ea0ddea4f512cef
B-1	679ca8568a6fd8577d9b944fbd99d7c54f666601	dense	8	32	rayon	8	5	557	3733667	1e3abd134a03a0a09d766b75ec1ce4cc17afbc0de1f185333ea0ddea4f512cef
B-1	679ca8568a6fd8577d9b944fbd99d7c54f666601	dense	8	32	portable-worlds	9	0	558	1972416	1e3abd134a03a0a09d766b75ec1ce4cc17afbc0de1f185333ea0ddea4f512cef
B-1	679ca8568a6fd8577d9b944fbd99d7c54f666601	dense	8	32	metal-union	9	1	559	3594958	1e3abd134a03a0a09d766b75ec1ce4cc17afbc0de1f185333ea0ddea4f512cef
B-1	679ca8568a6fd8577d9b944fbd99d7c54f666601	dense	8	32	metal-worlds	9	2	560	3389625	1e3abd134a03a0a09d766b75ec1ce4cc17afbc0de1f185333ea0ddea4f512cef
B-1	679ca8568a6fd8577d9b944fbd99d7c54f666601	dense	8	32	scalar	9	3	561	13140500	1e3abd134a03a0a09d766b75ec1ce4cc17afbc0de1f185333ea0ddea4f512cef
B-1	679ca8568a6fd8577d9b944fbd99d7c54f666601	dense	8	32	rayon	9	4	562	3740750	1e3abd134a03a0a09d766b75ec1ce4cc17afbc0de1f185333ea0ddea4f512cef
B-1	679ca8568a6fd8577d9b944fbd99d7c54f666601	dense	8	32	portable-union	9	5	563	1870750	1e3abd134a03a0a09d766b75ec1ce4cc17afbc0de1f185333ea0ddea4f512cef
B-1	679ca8568a6fd8577d9b944fbd99d7c54f666601	dense	8	32	metal-union	10	0	564	3551333	1e3abd134a03a0a09d766b75ec1ce4cc17afbc0de1f185333ea0ddea4f512cef
B-1	679ca8568a6fd8577d9b944fbd99d7c54f666601	dense	8	32	metal-worlds	10	1	565	3641708	1e3abd134a03a0a09d766b75ec1ce4cc17afbc0de1f185333ea0ddea4f512cef
B-1	679ca8568a6fd8577d9b944fbd99d7c54f666601	dense	8	32	scalar	10	2	566	13218958	1e3abd134a03a0a09d766b75ec1ce4cc17afbc0de1f185333ea0ddea4f512cef
B-1	679ca8568a6fd8577d9b944fbd99d7c54f666601	dense	8	32	rayon	10	3	567	3725083	1e3abd134a03a0a09d766b75ec1ce4cc17afbc0de1f185333ea0ddea4f512cef
B-1	679ca8568a6fd8577d9b944fbd99d7c54f666601	dense	8	32	portable-union	10	4	568	1800583	1e3abd134a03a0a09d766b75ec1ce4cc17afbc0de1f185333ea0ddea4f512cef
B-1	679ca8568a6fd8577d9b944fbd99d7c54f666601	dense	8	32	portable-worlds	10	5	569	1925916	1e3abd134a03a0a09d766b75ec1ce4cc17afbc0de1f185333ea0ddea4f512cef
B-1	679ca8568a6fd8577d9b944fbd99d7c54f666601	dense	8	32	metal-worlds	11	0	570	4928291	1e3abd134a03a0a09d766b75ec1ce4cc17afbc0de1f185333ea0ddea4f512cef
B-1	679ca8568a6fd8577d9b944fbd99d7c54f666601	dense	8	32	scalar	11	1	571	13587209	1e3abd134a03a0a09d766b75ec1ce4cc17afbc0de1f185333ea0ddea4f512cef
B-1	679ca8568a6fd8577d9b944fbd99d7c54f666601	dense	8	32	rayon	11	2	572	3731708	1e3abd134a03a0a09d766b75ec1ce4cc17afbc0de1f185333ea0ddea4f512cef
B-1	679ca8568a6fd8577d9b944fbd99d7c54f666601	dense	8	32	portable-union	11	3	573	1934458	1e3abd134a03a0a09d766b75ec1ce4cc17afbc0de1f185333ea0ddea4f512cef
B-1	679ca8568a6fd8577d9b944fbd99d7c54f666601	dense	8	32	portable-worlds	11	4	574	1979792	1e3abd134a03a0a09d766b75ec1ce4cc17afbc0de1f185333ea0ddea4f512cef
B-1	679ca8568a6fd8577d9b944fbd99d7c54f666601	dense	8	32	metal-union	11	5	575	4872000	1e3abd134a03a0a09d766b75ec1ce4cc17afbc0de1f185333ea0ddea4f512cef
B-2	679ca8568a6fd8577d9b944fbd99d7c54f666601	sparse	4	1	scalar	0	0	0	5000	9244a8baea9272a0b60f5f04925672ece281b76cb212ece69f5fbe62c51f980d
B-2	679ca8568a6fd8577d9b944fbd99d7c54f666601	sparse	4	1	rayon	0	1	1	13333	9244a8baea9272a0b60f5f04925672ece281b76cb212ece69f5fbe62c51f980d
B-2	679ca8568a6fd8577d9b944fbd99d7c54f666601	sparse	4	1	portable-union	0	2	2	33625	9244a8baea9272a0b60f5f04925672ece281b76cb212ece69f5fbe62c51f980d
B-2	679ca8568a6fd8577d9b944fbd99d7c54f666601	sparse	4	1	portable-worlds	0	3	3	27875	9244a8baea9272a0b60f5f04925672ece281b76cb212ece69f5fbe62c51f980d
B-2	679ca8568a6fd8577d9b944fbd99d7c54f666601	sparse	4	1	metal-union	0	4	4	1298666	9244a8baea9272a0b60f5f04925672ece281b76cb212ece69f5fbe62c51f980d
B-2	679ca8568a6fd8577d9b944fbd99d7c54f666601	sparse	4	1	metal-worlds	0	5	5	927792	9244a8baea9272a0b60f5f04925672ece281b76cb212ece69f5fbe62c51f980d
B-2	679ca8568a6fd8577d9b944fbd99d7c54f666601	sparse	4	1	rayon	1	0	6	18166	9244a8baea9272a0b60f5f04925672ece281b76cb212ece69f5fbe62c51f980d
B-2	679ca8568a6fd8577d9b944fbd99d7c54f666601	sparse	4	1	portable-union	1	1	7	26417	9244a8baea9272a0b60f5f04925672ece281b76cb212ece69f5fbe62c51f980d
B-2	679ca8568a6fd8577d9b944fbd99d7c54f666601	sparse	4	1	portable-worlds	1	2	8	20875	9244a8baea9272a0b60f5f04925672ece281b76cb212ece69f5fbe62c51f980d
B-2	679ca8568a6fd8577d9b944fbd99d7c54f666601	sparse	4	1	metal-union	1	3	9	656792	9244a8baea9272a0b60f5f04925672ece281b76cb212ece69f5fbe62c51f980d
B-2	679ca8568a6fd8577d9b944fbd99d7c54f666601	sparse	4	1	metal-worlds	1	4	10	676000	9244a8baea9272a0b60f5f04925672ece281b76cb212ece69f5fbe62c51f980d
B-2	679ca8568a6fd8577d9b944fbd99d7c54f666601	sparse	4	1	scalar	1	5	11	10250	9244a8baea9272a0b60f5f04925672ece281b76cb212ece69f5fbe62c51f980d
B-2	679ca8568a6fd8577d9b944fbd99d7c54f666601	sparse	4	1	portable-union	2	0	12	18792	9244a8baea9272a0b60f5f04925672ece281b76cb212ece69f5fbe62c51f980d
B-2	679ca8568a6fd8577d9b944fbd99d7c54f666601	sparse	4	1	portable-worlds	2	1	13	20459	9244a8baea9272a0b60f5f04925672ece281b76cb212ece69f5fbe62c51f980d
B-2	679ca8568a6fd8577d9b944fbd99d7c54f666601	sparse	4	1	metal-union	2	2	14	677042	9244a8baea9272a0b60f5f04925672ece281b76cb212ece69f5fbe62c51f980d
B-2	679ca8568a6fd8577d9b944fbd99d7c54f666601	sparse	4	1	metal-worlds	2	3	15	668166	9244a8baea9272a0b60f5f04925672ece281b76cb212ece69f5fbe62c51f980d
B-2	679ca8568a6fd8577d9b944fbd99d7c54f666601	sparse	4	1	scalar	2	4	16	7250	9244a8baea9272a0b60f5f04925672ece281b76cb212ece69f5fbe62c51f980d
B-2	679ca8568a6fd8577d9b944fbd99d7c54f666601	sparse	4	1	rayon	2	5	17	13917	9244a8baea9272a0b60f5f04925672ece281b76cb212ece69f5fbe62c51f980d
B-2	679ca8568a6fd8577d9b944fbd99d7c54f666601	sparse	4	1	portable-worlds	3	0	18	27542	9244a8baea9272a0b60f5f04925672ece281b76cb212ece69f5fbe62c51f980d
B-2	679ca8568a6fd8577d9b944fbd99d7c54f666601	sparse	4	1	metal-union	3	1	19	653375	9244a8baea9272a0b60f5f04925672ece281b76cb212ece69f5fbe62c51f980d
B-2	679ca8568a6fd8577d9b944fbd99d7c54f666601	sparse	4	1	metal-worlds	3	2	20	647125	9244a8baea9272a0b60f5f04925672ece281b76cb212ece69f5fbe62c51f980d
B-2	679ca8568a6fd8577d9b944fbd99d7c54f666601	sparse	4	1	scalar	3	3	21	7542	9244a8baea9272a0b60f5f04925672ece281b76cb212ece69f5fbe62c51f980d
B-2	679ca8568a6fd8577d9b944fbd99d7c54f666601	sparse	4	1	rayon	3	4	22	13458	9244a8baea9272a0b60f5f04925672ece281b76cb212ece69f5fbe62c51f980d
B-2	679ca8568a6fd8577d9b944fbd99d7c54f666601	sparse	4	1	portable-union	3	5	23	31208	9244a8baea9272a0b60f5f04925672ece281b76cb212ece69f5fbe62c51f980d
B-2	679ca8568a6fd8577d9b944fbd99d7c54f666601	sparse	4	1	metal-union	4	0	24	685875	9244a8baea9272a0b60f5f04925672ece281b76cb212ece69f5fbe62c51f980d
B-2	679ca8568a6fd8577d9b944fbd99d7c54f666601	sparse	4	1	metal-worlds	4	1	25	648208	9244a8baea9272a0b60f5f04925672ece281b76cb212ece69f5fbe62c51f980d
B-2	679ca8568a6fd8577d9b944fbd99d7c54f666601	sparse	4	1	scalar	4	2	26	5625	9244a8baea9272a0b60f5f04925672ece281b76cb212ece69f5fbe62c51f980d
B-2	679ca8568a6fd8577d9b944fbd99d7c54f666601	sparse	4	1	rayon	4	3	27	11958	9244a8baea9272a0b60f5f04925672ece281b76cb212ece69f5fbe62c51f980d
B-2	679ca8568a6fd8577d9b944fbd99d7c54f666601	sparse	4	1	portable-union	4	4	28	26459	9244a8baea9272a0b60f5f04925672ece281b76cb212ece69f5fbe62c51f980d
B-2	679ca8568a6fd8577d9b944fbd99d7c54f666601	sparse	4	1	portable-worlds	4	5	29	21417	9244a8baea9272a0b60f5f04925672ece281b76cb212ece69f5fbe62c51f980d
B-2	679ca8568a6fd8577d9b944fbd99d7c54f666601	sparse	4	1	metal-worlds	5	0	30	656709	9244a8baea9272a0b60f5f04925672ece281b76cb212ece69f5fbe62c51f980d
B-2	679ca8568a6fd8577d9b944fbd99d7c54f666601	sparse	4	1	scalar	5	1	31	5584	9244a8baea9272a0b60f5f04925672ece281b76cb212ece69f5fbe62c51f980d
B-2	679ca8568a6fd8577d9b944fbd99d7c54f666601	sparse	4	1	rayon	5	2	32	12000	9244a8baea9272a0b60f5f04925672ece281b76cb212ece69f5fbe62c51f980d
B-2	679ca8568a6fd8577d9b944fbd99d7c54f666601	sparse	4	1	portable-union	5	3	33	27792	9244a8baea9272a0b60f5f04925672ece281b76cb212ece69f5fbe62c51f980d
B-2	679ca8568a6fd8577d9b944fbd99d7c54f666601	sparse	4	1	portable-worlds	5	4	34	23083	9244a8baea9272a0b60f5f04925672ece281b76cb212ece69f5fbe62c51f980d
B-2	679ca8568a6fd8577d9b944fbd99d7c54f666601	sparse	4	1	metal-union	5	5	35	641875	9244a8baea9272a0b60f5f04925672ece281b76cb212ece69f5fbe62c51f980d
B-2	679ca8568a6fd8577d9b944fbd99d7c54f666601	sparse	4	1	scalar	6	0	36	6750	9244a8baea9272a0b60f5f04925672ece281b76cb212ece69f5fbe62c51f980d
B-2	679ca8568a6fd8577d9b944fbd99d7c54f666601	sparse	4	1	rayon	6	1	37	13875	9244a8baea9272a0b60f5f04925672ece281b76cb212ece69f5fbe62c51f980d
B-2	679ca8568a6fd8577d9b944fbd99d7c54f666601	sparse	4	1	portable-union	6	2	38	25833	9244a8baea9272a0b60f5f04925672ece281b76cb212ece69f5fbe62c51f980d
B-2	679ca8568a6fd8577d9b944fbd99d7c54f666601	sparse	4	1	portable-worlds	6	3	39	17084	9244a8baea9272a0b60f5f04925672ece281b76cb212ece69f5fbe62c51f980d
B-2	679ca8568a6fd8577d9b944fbd99d7c54f666601	sparse	4	1	metal-union	6	4	40	735417	9244a8baea9272a0b60f5f04925672ece281b76cb212ece69f5fbe62c51f980d
B-2	679ca8568a6fd8577d9b944fbd99d7c54f666601	sparse	4	1	metal-worlds	6	5	41	633000	9244a8baea9272a0b60f5f04925672ece281b76cb212ece69f5fbe62c51f980d
B-2	679ca8568a6fd8577d9b944fbd99d7c54f666601	sparse	4	1	rayon	7	0	42	14709	9244a8baea9272a0b60f5f04925672ece281b76cb212ece69f5fbe62c51f980d
B-2	679ca8568a6fd8577d9b944fbd99d7c54f666601	sparse	4	1	portable-union	7	1	43	26375	9244a8baea9272a0b60f5f04925672ece281b76cb212ece69f5fbe62c51f980d
B-2	679ca8568a6fd8577d9b944fbd99d7c54f666601	sparse	4	1	portable-worlds	7	2	44	22666	9244a8baea9272a0b60f5f04925672ece281b76cb212ece69f5fbe62c51f980d
B-2	679ca8568a6fd8577d9b944fbd99d7c54f666601	sparse	4	1	metal-union	7	3	45	649750	9244a8baea9272a0b60f5f04925672ece281b76cb212ece69f5fbe62c51f980d
B-2	679ca8568a6fd8577d9b944fbd99d7c54f666601	sparse	4	1	metal-worlds	7	4	46	659167	9244a8baea9272a0b60f5f04925672ece281b76cb212ece69f5fbe62c51f980d
B-2	679ca8568a6fd8577d9b944fbd99d7c54f666601	sparse	4	1	scalar	7	5	47	6750	9244a8baea9272a0b60f5f04925672ece281b76cb212ece69f5fbe62c51f980d
B-2	679ca8568a6fd8577d9b944fbd99d7c54f666601	sparse	4	1	portable-union	8	0	48	23625	9244a8baea9272a0b60f5f04925672ece281b76cb212ece69f5fbe62c51f980d
B-2	679ca8568a6fd8577d9b944fbd99d7c54f666601	sparse	4	1	portable-worlds	8	1	49	18041	9244a8baea9272a0b60f5f04925672ece281b76cb212ece69f5fbe62c51f980d
B-2	679ca8568a6fd8577d9b944fbd99d7c54f666601	sparse	4	1	metal-union	8	2	50	700125	9244a8baea9272a0b60f5f04925672ece281b76cb212ece69f5fbe62c51f980d
B-2	679ca8568a6fd8577d9b944fbd99d7c54f666601	sparse	4	1	metal-worlds	8	3	51	626333	9244a8baea9272a0b60f5f04925672ece281b76cb212ece69f5fbe62c51f980d
B-2	679ca8568a6fd8577d9b944fbd99d7c54f666601	sparse	4	1	scalar	8	4	52	6250	9244a8baea9272a0b60f5f04925672ece281b76cb212ece69f5fbe62c51f980d
B-2	679ca8568a6fd8577d9b944fbd99d7c54f666601	sparse	4	1	rayon	8	5	53	11583	9244a8baea9272a0b60f5f04925672ece281b76cb212ece69f5fbe62c51f980d
B-2	679ca8568a6fd8577d9b944fbd99d7c54f666601	sparse	4	1	portable-worlds	9	0	54	26208	9244a8baea9272a0b60f5f04925672ece281b76cb212ece69f5fbe62c51f980d
B-2	679ca8568a6fd8577d9b944fbd99d7c54f666601	sparse	4	1	metal-union	9	1	55	636083	9244a8baea9272a0b60f5f04925672ece281b76cb212ece69f5fbe62c51f980d
B-2	679ca8568a6fd8577d9b944fbd99d7c54f666601	sparse	4	1	metal-worlds	9	2	56	670292	9244a8baea9272a0b60f5f04925672ece281b76cb212ece69f5fbe62c51f980d
B-2	679ca8568a6fd8577d9b944fbd99d7c54f666601	sparse	4	1	scalar	9	3	57	6584	9244a8baea9272a0b60f5f04925672ece281b76cb212ece69f5fbe62c51f980d
B-2	679ca8568a6fd8577d9b944fbd99d7c54f666601	sparse	4	1	rayon	9	4	58	13541	9244a8baea9272a0b60f5f04925672ece281b76cb212ece69f5fbe62c51f980d
B-2	679ca8568a6fd8577d9b944fbd99d7c54f666601	sparse	4	1	portable-union	9	5	59	26458	9244a8baea9272a0b60f5f04925672ece281b76cb212ece69f5fbe62c51f980d
B-2	679ca8568a6fd8577d9b944fbd99d7c54f666601	sparse	4	1	metal-union	10	0	60	656416	9244a8baea9272a0b60f5f04925672ece281b76cb212ece69f5fbe62c51f980d
B-2	679ca8568a6fd8577d9b944fbd99d7c54f666601	sparse	4	1	metal-worlds	10	1	61	633458	9244a8baea9272a0b60f5f04925672ece281b76cb212ece69f5fbe62c51f980d
B-2	679ca8568a6fd8577d9b944fbd99d7c54f666601	sparse	4	1	scalar	10	2	62	6458	9244a8baea9272a0b60f5f04925672ece281b76cb212ece69f5fbe62c51f980d
B-2	679ca8568a6fd8577d9b944fbd99d7c54f666601	sparse	4	1	rayon	10	3	63	11458	9244a8baea9272a0b60f5f04925672ece281b76cb212ece69f5fbe62c51f980d
B-2	679ca8568a6fd8577d9b944fbd99d7c54f666601	sparse	4	1	portable-union	10	4	64	25916	9244a8baea9272a0b60f5f04925672ece281b76cb212ece69f5fbe62c51f980d
B-2	679ca8568a6fd8577d9b944fbd99d7c54f666601	sparse	4	1	portable-worlds	10	5	65	22917	9244a8baea9272a0b60f5f04925672ece281b76cb212ece69f5fbe62c51f980d
B-2	679ca8568a6fd8577d9b944fbd99d7c54f666601	sparse	4	1	metal-worlds	11	0	66	622416	9244a8baea9272a0b60f5f04925672ece281b76cb212ece69f5fbe62c51f980d
B-2	679ca8568a6fd8577d9b944fbd99d7c54f666601	sparse	4	1	scalar	11	1	67	7291	9244a8baea9272a0b60f5f04925672ece281b76cb212ece69f5fbe62c51f980d
B-2	679ca8568a6fd8577d9b944fbd99d7c54f666601	sparse	4	1	rayon	11	2	68	12792	9244a8baea9272a0b60f5f04925672ece281b76cb212ece69f5fbe62c51f980d
B-2	679ca8568a6fd8577d9b944fbd99d7c54f666601	sparse	4	1	portable-union	11	3	69	26416	9244a8baea9272a0b60f5f04925672ece281b76cb212ece69f5fbe62c51f980d
B-2	679ca8568a6fd8577d9b944fbd99d7c54f666601	sparse	4	1	portable-worlds	11	4	70	23584	9244a8baea9272a0b60f5f04925672ece281b76cb212ece69f5fbe62c51f980d
B-2	679ca8568a6fd8577d9b944fbd99d7c54f666601	sparse	4	1	metal-union	11	5	71	637000	9244a8baea9272a0b60f5f04925672ece281b76cb212ece69f5fbe62c51f980d
B-2	679ca8568a6fd8577d9b944fbd99d7c54f666601	sparse	4	32	scalar	0	0	72	129458	9244a8baea9272a0b60f5f04925672ece281b76cb212ece69f5fbe62c51f980d
B-2	679ca8568a6fd8577d9b944fbd99d7c54f666601	sparse	4	32	rayon	0	1	73	74500	9244a8baea9272a0b60f5f04925672ece281b76cb212ece69f5fbe62c51f980d
B-2	679ca8568a6fd8577d9b944fbd99d7c54f666601	sparse	4	32	portable-union	0	2	74	126916	9244a8baea9272a0b60f5f04925672ece281b76cb212ece69f5fbe62c51f980d
B-2	679ca8568a6fd8577d9b944fbd99d7c54f666601	sparse	4	32	portable-worlds	0	3	75	41417	9244a8baea9272a0b60f5f04925672ece281b76cb212ece69f5fbe62c51f980d
B-2	679ca8568a6fd8577d9b944fbd99d7c54f666601	sparse	4	32	metal-union	0	4	76	713334	9244a8baea9272a0b60f5f04925672ece281b76cb212ece69f5fbe62c51f980d
B-2	679ca8568a6fd8577d9b944fbd99d7c54f666601	sparse	4	32	metal-worlds	0	5	77	616708	9244a8baea9272a0b60f5f04925672ece281b76cb212ece69f5fbe62c51f980d
B-2	679ca8568a6fd8577d9b944fbd99d7c54f666601	sparse	4	32	rayon	1	0	78	71250	9244a8baea9272a0b60f5f04925672ece281b76cb212ece69f5fbe62c51f980d
B-2	679ca8568a6fd8577d9b944fbd99d7c54f666601	sparse	4	32	portable-union	1	1	79	115125	9244a8baea9272a0b60f5f04925672ece281b76cb212ece69f5fbe62c51f980d
B-2	679ca8568a6fd8577d9b944fbd99d7c54f666601	sparse	4	32	portable-worlds	1	2	80	32917	9244a8baea9272a0b60f5f04925672ece281b76cb212ece69f5fbe62c51f980d
B-2	679ca8568a6fd8577d9b944fbd99d7c54f666601	sparse	4	32	metal-union	1	3	81	686959	9244a8baea9272a0b60f5f04925672ece281b76cb212ece69f5fbe62c51f980d
B-2	679ca8568a6fd8577d9b944fbd99d7c54f666601	sparse	4	32	metal-worlds	1	4	82	659666	9244a8baea9272a0b60f5f04925672ece281b76cb212ece69f5fbe62c51f980d
B-2	679ca8568a6fd8577d9b944fbd99d7c54f666601	sparse	4	32	scalar	1	5	83	132042	9244a8baea9272a0b60f5f04925672ece281b76cb212ece69f5fbe62c51f980d
B-2	679ca8568a6fd8577d9b944fbd99d7c54f666601	sparse	4	32	portable-union	2	0	84	113667	9244a8baea9272a0b60f5f04925672ece281b76cb212ece69f5fbe62c51f980d
B-2	679ca8568a6fd8577d9b944fbd99d7c54f666601	sparse	4	32	portable-worlds	2	1	85	34583	9244a8baea9272a0b60f5f04925672ece281b76cb212ece69f5fbe62c51f980d
B-2	679ca8568a6fd8577d9b944fbd99d7c54f666601	sparse	4	32	metal-union	2	2	86	710625	9244a8baea9272a0b60f5f04925672ece281b76cb212ece69f5fbe62c51f980d
B-2	679ca8568a6fd8577d9b944fbd99d7c54f666601	sparse	4	32	metal-worlds	2	3	87	640792	9244a8baea9272a0b60f5f04925672ece281b76cb212ece69f5fbe62c51f980d
B-2	679ca8568a6fd8577d9b944fbd99d7c54f666601	sparse	4	32	scalar	2	4	88	124084	9244a8baea9272a0b60f5f04925672ece281b76cb212ece69f5fbe62c51f980d
B-2	679ca8568a6fd8577d9b944fbd99d7c54f666601	sparse	4	32	rayon	2	5	89	78667	9244a8baea9272a0b60f5f04925672ece281b76cb212ece69f5fbe62c51f980d
B-2	679ca8568a6fd8577d9b944fbd99d7c54f666601	sparse	4	32	portable-worlds	3	0	90	33750	9244a8baea9272a0b60f5f04925672ece281b76cb212ece69f5fbe62c51f980d
B-2	679ca8568a6fd8577d9b944fbd99d7c54f666601	sparse	4	32	metal-union	3	1	91	733959	9244a8baea9272a0b60f5f04925672ece281b76cb212ece69f5fbe62c51f980d
B-2	679ca8568a6fd8577d9b944fbd99d7c54f666601	sparse	4	32	metal-worlds	3	2	92	673417	9244a8baea9272a0b60f5f04925672ece281b76cb212ece69f5fbe62c51f980d
B-2	679ca8568a6fd8577d9b944fbd99d7c54f666601	sparse	4	32	scalar	3	3	93	123166	9244a8baea9272a0b60f5f04925672ece281b76cb212ece69f5fbe62c51f980d
B-2	679ca8568a6fd8577d9b944fbd99d7c54f666601	sparse	4	32	rayon	3	4	94	71333	9244a8baea9272a0b60f5f04925672ece281b76cb212ece69f5fbe62c51f980d
B-2	679ca8568a6fd8577d9b944fbd99d7c54f666601	sparse	4	32	portable-union	3	5	95	119709	9244a8baea9272a0b60f5f04925672ece281b76cb212ece69f5fbe62c51f980d
B-2	679ca8568a6fd8577d9b944fbd99d7c54f666601	sparse	4	32	metal-union	4	0	96	714584	9244a8baea9272a0b60f5f04925672ece281b76cb212ece69f5fbe62c51f980d
B-2	679ca8568a6fd8577d9b944fbd99d7c54f666601	sparse	4	32	metal-worlds	4	1	97	657333	9244a8baea9272a0b60f5f04925672ece281b76cb212ece69f5fbe62c51f980d
B-2	679ca8568a6fd8577d9b944fbd99d7c54f666601	sparse	4	32	scalar	4	2	98	139083	9244a8baea9272a0b60f5f04925672ece281b76cb212ece69f5fbe62c51f980d
B-2	679ca8568a6fd8577d9b944fbd99d7c54f666601	sparse	4	32	rayon	4	3	99	82917	9244a8baea9272a0b60f5f04925672ece281b76cb212ece69f5fbe62c51f980d
B-2	679ca8568a6fd8577d9b944fbd99d7c54f666601	sparse	4	32	portable-union	4	4	100	125083	9244a8baea9272a0b60f5f04925672ece281b76cb212ece69f5fbe62c51f980d
B-2	679ca8568a6fd8577d9b944fbd99d7c54f666601	sparse	4	32	portable-worlds	4	5	101	34583	9244a8baea9272a0b60f5f04925672ece281b76cb212ece69f5fbe62c51f980d
B-2	679ca8568a6fd8577d9b944fbd99d7c54f666601	sparse	4	32	metal-worlds	5	0	102	623208	9244a8baea9272a0b60f5f04925672ece281b76cb212ece69f5fbe62c51f980d
B-2	679ca8568a6fd8577d9b944fbd99d7c54f666601	sparse	4	32	scalar	5	1	103	121167	9244a8baea9272a0b60f5f04925672ece281b76cb212ece69f5fbe62c51f980d
B-2	679ca8568a6fd8577d9b944fbd99d7c54f666601	sparse	4	32	rayon	5	2	104	72292	9244a8baea9272a0b60f5f04925672ece281b76cb212ece69f5fbe62c51f980d
B-2	679ca8568a6fd8577d9b944fbd99d7c54f666601	sparse	4	32	portable-union	5	3	105	111833	9244a8baea9272a0b60f5f04925672ece281b76cb212ece69f5fbe62c51f980d
B-2	679ca8568a6fd8577d9b944fbd99d7c54f666601	sparse	4	32	portable-worlds	5	4	106	32125	9244a8baea9272a0b60f5f04925672ece281b76cb212ece69f5fbe62c51f980d
B-2	679ca8568a6fd8577d9b944fbd99d7c54f666601	sparse	4	32	metal-union	5	5	107	718417	9244a8baea9272a0b60f5f04925672ece281b76cb212ece69f5fbe62c51f980d
B-2	679ca8568a6fd8577d9b944fbd99d7c54f666601	sparse	4	32	scalar	6	0	108	131209	9244a8baea9272a0b60f5f04925672ece281b76cb212ece69f5fbe62c51f980d
B-2	679ca8568a6fd8577d9b944fbd99d7c54f666601	sparse	4	32	rayon	6	1	109	64083	9244a8baea9272a0b60f5f04925672ece281b76cb212ece69f5fbe62c51f980d
B-2	679ca8568a6fd8577d9b944fbd99d7c54f666601	sparse	4	32	portable-union	6	2	110	117000	9244a8baea9272a0b60f5f04925672ece281b76cb212ece69f5fbe62c51f980d
B-2	679ca8568a6fd8577d9b944fbd99d7c54f666601	sparse	4	32	portable-worlds	6	3	111	41708	9244a8baea9272a0b60f5f04925672ece281b76cb212ece69f5fbe62c51f980d
B-2	679ca8568a6fd8577d9b944fbd99d7c54f666601	sparse	4	32	metal-union	6	4	112	737750	9244a8baea9272a0b60f5f04925672ece281b76cb212ece69f5fbe62c51f980d
B-2	679ca8568a6fd8577d9b944fbd99d7c54f666601	sparse	4	32	metal-worlds	6	5	113	724250	9244a8baea9272a0b60f5f04925672ece281b76cb212ece69f5fbe62c51f980d
B-2	679ca8568a6fd8577d9b944fbd99d7c54f666601	sparse	4	32	rayon	7	0	114	62958	9244a8baea9272a0b60f5f04925672ece281b76cb212ece69f5fbe62c51f980d
B-2	679ca8568a6fd8577d9b944fbd99d7c54f666601	sparse	4	32	portable-union	7	1	115	111625	9244a8baea9272a0b60f5f04925672ece281b76cb212ece69f5fbe62c51f980d
B-2	679ca8568a6fd8577d9b944fbd99d7c54f666601	sparse	4	32	portable-worlds	7	2	116	32125	9244a8baea9272a0b60f5f04925672ece281b76cb212ece69f5fbe62c51f980d
B-2	679ca8568a6fd8577d9b944fbd99d7c54f666601	sparse	4	32	metal-union	7	3	117	737708	9244a8baea9272a0b60f5f04925672ece281b76cb212ece69f5fbe62c51f980d
B-2	679ca8568a6fd8577d9b944fbd99d7c54f666601	sparse	4	32	metal-worlds	7	4	118	684792	9244a8baea9272a0b60f5f04925672ece281b76cb212ece69f5fbe62c51f980d
B-2	679ca8568a6fd8577d9b944fbd99d7c54f666601	sparse	4	32	scalar	7	5	119	130667	9244a8baea9272a0b60f5f04925672ece281b76cb212ece69f5fbe62c51f980d
B-2	679ca8568a6fd8577d9b944fbd99d7c54f666601	sparse	4	32	portable-union	8	0	120	115459	9244a8baea9272a0b60f5f04925672ece281b76cb212ece69f5fbe62c51f980d
B-2	679ca8568a6fd8577d9b944fbd99d7c54f666601	sparse	4	32	portable-worlds	8	1	121	35875	9244a8baea9272a0b60f5f04925672ece281b76cb212ece69f5fbe62c51f980d
B-2	679ca8568a6fd8577d9b944fbd99d7c54f666601	sparse	4	32	metal-union	8	2	122	753083	9244a8baea9272a0b60f5f04925672ece281b76cb212ece69f5fbe62c51f980d
B-2	679ca8568a6fd8577d9b944fbd99d7c54f666601	sparse	4	32	metal-worlds	8	3	123	632250	9244a8baea9272a0b60f5f04925672ece281b76cb212ece69f5fbe62c51f980d
B-2	679ca8568a6fd8577d9b944fbd99d7c54f666601	sparse	4	32	scalar	8	4	124	123667	9244a8baea9272a0b60f5f04925672ece281b76cb212ece69f5fbe62c51f980d
B-2	679ca8568a6fd8577d9b944fbd99d7c54f666601	sparse	4	32	rayon	8	5	125	59167	9244a8baea9272a0b60f5f04925672ece281b76cb212ece69f5fbe62c51f980d
B-2	679ca8568a6fd8577d9b944fbd99d7c54f666601	sparse	4	32	portable-worlds	9	0	126	44292	9244a8baea9272a0b60f5f04925672ece281b76cb212ece69f5fbe62c51f980d
B-2	679ca8568a6fd8577d9b944fbd99d7c54f666601	sparse	4	32	metal-union	9	1	127	747667	9244a8baea9272a0b60f5f04925672ece281b76cb212ece69f5fbe62c51f980d
B-2	679ca8568a6fd8577d9b944fbd99d7c54f666601	sparse	4	32	metal-worlds	9	2	128	685541	9244a8baea9272a0b60f5f04925672ece281b76cb212ece69f5fbe62c51f980d
B-2	679ca8568a6fd8577d9b944fbd99d7c54f666601	sparse	4	32	scalar	9	3	129	124666	9244a8baea9272a0b60f5f04925672ece281b76cb212ece69f5fbe62c51f980d
B-2	679ca8568a6fd8577d9b944fbd99d7c54f666601	sparse	4	32	rayon	9	4	130	62375	9244a8baea9272a0b60f5f04925672ece281b76cb212ece69f5fbe62c51f980d
B-2	679ca8568a6fd8577d9b944fbd99d7c54f666601	sparse	4	32	portable-union	9	5	131	114166	9244a8baea9272a0b60f5f04925672ece281b76cb212ece69f5fbe62c51f980d
B-2	679ca8568a6fd8577d9b944fbd99d7c54f666601	sparse	4	32	metal-union	10	0	132	757083	9244a8baea9272a0b60f5f04925672ece281b76cb212ece69f5fbe62c51f980d
B-2	679ca8568a6fd8577d9b944fbd99d7c54f666601	sparse	4	32	metal-worlds	10	1	133	735125	9244a8baea9272a0b60f5f04925672ece281b76cb212ece69f5fbe62c51f980d
B-2	679ca8568a6fd8577d9b944fbd99d7c54f666601	sparse	4	32	scalar	10	2	134	131083	9244a8baea9272a0b60f5f04925672ece281b76cb212ece69f5fbe62c51f980d
B-2	679ca8568a6fd8577d9b944fbd99d7c54f666601	sparse	4	32	rayon	10	3	135	67834	9244a8baea9272a0b60f5f04925672ece281b76cb212ece69f5fbe62c51f980d
B-2	679ca8568a6fd8577d9b944fbd99d7c54f666601	sparse	4	32	portable-union	10	4	136	131750	9244a8baea9272a0b60f5f04925672ece281b76cb212ece69f5fbe62c51f980d
B-2	679ca8568a6fd8577d9b944fbd99d7c54f666601	sparse	4	32	portable-worlds	10	5	137	32084	9244a8baea9272a0b60f5f04925672ece281b76cb212ece69f5fbe62c51f980d
B-2	679ca8568a6fd8577d9b944fbd99d7c54f666601	sparse	4	32	metal-worlds	11	0	138	665541	9244a8baea9272a0b60f5f04925672ece281b76cb212ece69f5fbe62c51f980d
B-2	679ca8568a6fd8577d9b944fbd99d7c54f666601	sparse	4	32	scalar	11	1	139	122166	9244a8baea9272a0b60f5f04925672ece281b76cb212ece69f5fbe62c51f980d
B-2	679ca8568a6fd8577d9b944fbd99d7c54f666601	sparse	4	32	rayon	11	2	140	60792	9244a8baea9272a0b60f5f04925672ece281b76cb212ece69f5fbe62c51f980d
B-2	679ca8568a6fd8577d9b944fbd99d7c54f666601	sparse	4	32	portable-union	11	3	141	150291	9244a8baea9272a0b60f5f04925672ece281b76cb212ece69f5fbe62c51f980d
B-2	679ca8568a6fd8577d9b944fbd99d7c54f666601	sparse	4	32	portable-worlds	11	4	142	32583	9244a8baea9272a0b60f5f04925672ece281b76cb212ece69f5fbe62c51f980d
B-2	679ca8568a6fd8577d9b944fbd99d7c54f666601	sparse	4	32	metal-union	11	5	143	984833	9244a8baea9272a0b60f5f04925672ece281b76cb212ece69f5fbe62c51f980d
B-2	679ca8568a6fd8577d9b944fbd99d7c54f666601	sparse	8	1	scalar	0	0	144	4958	9244a8baea9272a0b60f5f04925672ece281b76cb212ece69f5fbe62c51f980d
B-2	679ca8568a6fd8577d9b944fbd99d7c54f666601	sparse	8	1	rayon	0	1	145	12083	9244a8baea9272a0b60f5f04925672ece281b76cb212ece69f5fbe62c51f980d
B-2	679ca8568a6fd8577d9b944fbd99d7c54f666601	sparse	8	1	portable-union	0	2	146	45959	9244a8baea9272a0b60f5f04925672ece281b76cb212ece69f5fbe62c51f980d
B-2	679ca8568a6fd8577d9b944fbd99d7c54f666601	sparse	8	1	portable-worlds	0	3	147	30334	9244a8baea9272a0b60f5f04925672ece281b76cb212ece69f5fbe62c51f980d
B-2	679ca8568a6fd8577d9b944fbd99d7c54f666601	sparse	8	1	metal-union	0	4	148	684625	9244a8baea9272a0b60f5f04925672ece281b76cb212ece69f5fbe62c51f980d
B-2	679ca8568a6fd8577d9b944fbd99d7c54f666601	sparse	8	1	metal-worlds	0	5	149	696792	9244a8baea9272a0b60f5f04925672ece281b76cb212ece69f5fbe62c51f980d
B-2	679ca8568a6fd8577d9b944fbd99d7c54f666601	sparse	8	1	rayon	1	0	150	11916	9244a8baea9272a0b60f5f04925672ece281b76cb212ece69f5fbe62c51f980d
B-2	679ca8568a6fd8577d9b944fbd99d7c54f666601	sparse	8	1	portable-union	1	1	151	44208	9244a8baea9272a0b60f5f04925672ece281b76cb212ece69f5fbe62c51f980d
B-2	679ca8568a6fd8577d9b944fbd99d7c54f666601	sparse	8	1	portable-worlds	1	2	152	30875	9244a8baea9272a0b60f5f04925672ece281b76cb212ece69f5fbe62c51f980d
B-2	679ca8568a6fd8577d9b944fbd99d7c54f666601	sparse	8	1	metal-union	1	3	153	688833	9244a8baea9272a0b60f5f04925672ece281b76cb212ece69f5fbe62c51f980d
B-2	679ca8568a6fd8577d9b944fbd99d7c54f666601	sparse	8	1	metal-worlds	1	4	154	689291	9244a8baea9272a0b60f5f04925672ece281b76cb212ece69f5fbe62c51f980d
B-2	679ca8568a6fd8577d9b944fbd99d7c54f666601	sparse	8	1	scalar	1	5	155	5666	9244a8baea9272a0b60f5f04925672ece281b76cb212ece69f5fbe62c51f980d
B-2	679ca8568a6fd8577d9b944fbd99d7c54f666601	sparse	8	1	portable-union	2	0	156	30458	9244a8baea9272a0b60f5f04925672ece281b76cb212ece69f5fbe62c51f980d
B-2	679ca8568a6fd8577d9b944fbd99d7c54f666601	sparse	8	1	portable-worlds	2	1	157	29959	9244a8baea9272a0b60f5f04925672ece281b76cb212ece69f5fbe62c51f980d
B-2	679ca8568a6fd8577d9b944fbd99d7c54f666601	sparse	8	1	metal-union	2	2	158	718958	9244a8baea9272a0b60f5f04925672ece281b76cb212ece69f5fbe62c51f980d
B-2	679ca8568a6fd8577d9b944fbd99d7c54f666601	sparse	8	1	metal-worlds	2	3	159	673416	9244a8baea9272a0b60f5f04925672ece281b76cb212ece69f5fbe62c51f980d
B-2	679ca8568a6fd8577d9b944fbd99d7c54f666601	sparse	8	1	scalar	2	4	160	6083	9244a8baea9272a0b60f5f04925672ece281b76cb212ece69f5fbe62c51f980d
B-2	679ca8568a6fd8577d9b944fbd99d7c54f666601	sparse	8	1	rayon	2	5	161	12000	9244a8baea9272a0b60f5f04925672ece281b76cb212ece69f5fbe62c51f980d
B-2	679ca8568a6fd8577d9b944fbd99d7c54f666601	sparse	8	1	portable-worlds	3	0	162	44541	9244a8baea9272a0b60f5f04925672ece281b76cb212ece69f5fbe62c51f980d
B-2	679ca8568a6fd8577d9b944fbd99d7c54f666601	sparse	8	1	metal-union	3	1	163	705167	9244a8baea9272a0b60f5f04925672ece281b76cb212ece69f5fbe62c51f980d
B-2	679ca8568a6fd8577d9b944fbd99d7c54f666601	sparse	8	1	metal-worlds	3	2	164	690375	9244a8baea9272a0b60f5f04925672ece281b76cb212ece69f5fbe62c51f980d
B-2	679ca8568a6fd8577d9b944fbd99d7c54f666601	sparse	8	1	scalar	3	3	165	6167	9244a8baea9272a0b60f5f04925672ece281b76cb212ece69f5fbe62c51f980d
B-2	679ca8568a6fd8577d9b944fbd99d7c54f666601	sparse	8	1	rayon	3	4	166	11750	9244a8baea9272a0b60f5f04925672ece281b76cb212ece69f5fbe62c51f980d
B-2	679ca8568a6fd8577d9b944fbd99d7c54f666601	sparse	8	1	portable-union	3	5	167	44125	9244a8baea9272a0b60f5f04925672ece281b76cb212ece69f5fbe62c51f980d
B-2	679ca8568a6fd8577d9b944fbd99d7c54f666601	sparse	8	1	metal-union	4	0	168	665667	9244a8baea9272a0b60f5f04925672ece281b76cb212ece69f5fbe62c51f980d
B-2	679ca8568a6fd8577d9b944fbd99d7c54f666601	sparse	8	1	metal-worlds	4	1	169	680208	9244a8baea9272a0b60f5f04925672ece281b76cb212ece69f5fbe62c51f980d
B-2	679ca8568a6fd8577d9b944fbd99d7c54f666601	sparse	8	1	scalar	4	2	170	6334	9244a8baea9272a0b60f5f04925672ece281b76cb212ece69f5fbe62c51f980d
B-2	679ca8568a6fd8577d9b944fbd99d7c54f666601	sparse	8	1	rayon	4	3	171	11541	9244a8baea9272a0b60f5f04925672ece281b76cb212ece69f5fbe62c51f980d
B-2	679ca8568a6fd8577d9b944fbd99d7c54f666601	sparse	8	1	portable-union	4	4	172	44000	9244a8baea9272a0b60f5f04925672ece281b76cb212ece69f5fbe62c51f980d
B-2	679ca8568a6fd8577d9b944fbd99d7c54f666601	sparse	8	1	portable-worlds	4	5	173	30625	9244a8baea9272a0b60f5f04925672ece281b76cb212ece69f5fbe62c51f980d
B-2	679ca8568a6fd8577d9b944fbd99d7c54f666601	sparse	8	1	metal-worlds	5	0	174	770041	9244a8baea9272a0b60f5f04925672ece281b76cb212ece69f5fbe62c51f980d
B-2	679ca8568a6fd8577d9b944fbd99d7c54f666601	sparse	8	1	scalar	5	1	175	6208	9244a8baea9272a0b60f5f04925672ece281b76cb212ece69f5fbe62c51f980d
B-2	679ca8568a6fd8577d9b944fbd99d7c54f666601	sparse	8	1	rayon	5	2	176	11459	9244a8baea9272a0b60f5f04925672ece281b76cb212ece69f5fbe62c51f980d
B-2	679ca8568a6fd8577d9b944fbd99d7c54f666601	sparse	8	1	portable-union	5	3	177	45083	9244a8baea9272a0b60f5f04925672ece281b76cb212ece69f5fbe62c51f980d
B-2	679ca8568a6fd8577d9b944fbd99d7c54f666601	sparse	8	1	portable-worlds	5	4	178	30625	9244a8baea9272a0b60f5f04925672ece281b76cb212ece69f5fbe62c51f980d
B-2	679ca8568a6fd8577d9b944fbd99d7c54f666601	sparse	8	1	metal-union	5	5	179	709209	9244a8baea9272a0b60f5f04925672ece281b76cb212ece69f5fbe62c51f980d
B-2	679ca8568a6fd8577d9b944fbd99d7c54f666601	sparse	8	1	scalar	6	0	180	6083	9244a8baea9272a0b60f5f04925672ece281b76cb212ece69f5fbe62c51f980d
B-2	679ca8568a6fd8577d9b944fbd99d7c54f666601	sparse	8	1	rayon	6	1	181	11750	9244a8baea9272a0b60f5f04925672ece281b76cb212ece69f5fbe62c51f980d
B-2	679ca8568a6fd8577d9b944fbd99d7c54f666601	sparse	8	1	portable-union	6	2	182	47125	9244a8baea9272a0b60f5f04925672ece281b76cb212ece69f5fbe62c51f980d
B-2	679ca8568a6fd8577d9b944fbd99d7c54f666601	sparse	8	1	portable-worlds	6	3	183	30875	9244a8baea9272a0b60f5f04925672ece281b76cb212ece69f5fbe62c51f980d
B-2	679ca8568a6fd8577d9b944fbd99d7c54f666601	sparse	8	1	metal-union	6	4	184	699917	9244a8baea9272a0b60f5f04925672ece281b76cb212ece69f5fbe62c51f980d
B-2	679ca8568a6fd8577d9b944fbd99d7c54f666601	sparse	8	1	metal-worlds	6	5	185	682667	9244a8baea9272a0b60f5f04925672ece281b76cb212ece69f5fbe62c51f980d
B-2	679ca8568a6fd8577d9b944fbd99d7c54f666601	sparse	8	1	rayon	7	0	186	11584	9244a8baea9272a0b60f5f04925672ece281b76cb212ece69f5fbe62c51f980d
B-2	679ca8568a6fd8577d9b944fbd99d7c54f666601	sparse	8	1	portable-union	7	1	187	42459	9244a8baea9272a0b60f5f04925672ece281b76cb212ece69f5fbe62c51f980d
B-2	679ca8568a6fd8577d9b944fbd99d7c54f666601	sparse	8	1	portable-worlds	7	2	188	29958	9244a8baea9272a0b60f5f04925672ece281b76cb212ece69f5fbe62c51f980d
B-2	679ca8568a6fd8577d9b944fbd99d7c54f666601	sparse	8	1	metal-union	7	3	189	663292	9244a8baea9272a0b60f5f04925672ece281b76cb212ece69f5fbe62c51f980d
B-2	679ca8568a6fd8577d9b944fbd99d7c54f666601	sparse	8	1	metal-worlds	7	4	190	703208	9244a8baea9272a0b60f5f04925672ece281b76cb212ece69f5fbe62c51f980d
B-2	679ca8568a6fd8577d9b944fbd99d7c54f666601	sparse	8	1	scalar	7	5	191	5792	9244a8baea9272a0b60f5f04925672ece281b76cb212ece69f5fbe62c51f980d
B-2	679ca8568a6fd8577d9b944fbd99d7c54f666601	sparse	8	1	portable-union	8	0	192	30834	9244a8baea9272a0b60f5f04925672ece281b76cb212ece69f5fbe62c51f980d
B-2	679ca8568a6fd8577d9b944fbd99d7c54f666601	sparse	8	1	portable-worlds	8	1	193	30291	9244a8baea9272a0b60f5f04925672ece281b76cb212ece69f5fbe62c51f980d
B-2	679ca8568a6fd8577d9b944fbd99d7c54f666601	sparse	8	1	metal-union	8	2	194	663042	9244a8baea9272a0b60f5f04925672ece281b76cb212ece69f5fbe62c51f980d
B-2	679ca8568a6fd8577d9b944fbd99d7c54f666601	sparse	8	1	metal-worlds	8	3	195	643375	9244a8baea9272a0b60f5f04925672ece281b76cb212ece69f5fbe62c51f980d
B-2	679ca8568a6fd8577d9b944fbd99d7c54f666601	sparse	8	1	scalar	8	4	196	5500	9244a8baea9272a0b60f5f04925672ece281b76cb212ece69f5fbe62c51f980d
B-2	679ca8568a6fd8577d9b944fbd99d7c54f666601	sparse	8	1	rayon	8	5	197	11667	9244a8baea9272a0b60f5f04925672ece281b76cb212ece69f5fbe62c51f980d
B-2	679ca8568a6fd8577d9b944fbd99d7c54f666601	sparse	8	1	portable-worlds	9	0	198	44625	9244a8baea9272a0b60f5f04925672ece281b76cb212ece69f5fbe62c51f980d
B-2	679ca8568a6fd8577d9b944fbd99d7c54f666601	sparse	8	1	metal-union	9	1	199	638167	9244a8baea9272a0b60f5f04925672ece281b76cb212ece69f5fbe62c51f980d
B-2	679ca8568a6fd8577d9b944fbd99d7c54f666601	sparse	8	1	metal-worlds	9	2	200	614667	9244a8baea9272a0b60f5f04925672ece281b76cb212ece69f5fbe62c51f980d
B-2	679ca8568a6fd8577d9b944fbd99d7c54f666601	sparse	8	1	scalar	9	3	201	6000	9244a8baea9272a0b60f5f04925672ece281b76cb212ece69f5fbe62c51f980d
B-2	679ca8568a6fd8577d9b944fbd99d7c54f666601	sparse	8	1	rayon	9	4	202	11584	9244a8baea9272a0b60f5f04925672ece281b76cb212ece69f5fbe62c51f980d
B-2	679ca8568a6fd8577d9b944fbd99d7c54f666601	sparse	8	1	portable-union	9	5	203	44542	9244a8baea9272a0b60f5f04925672ece281b76cb212ece69f5fbe62c51f980d
B-2	679ca8568a6fd8577d9b944fbd99d7c54f666601	sparse	8	1	metal-union	10	0	204	619125	9244a8baea9272a0b60f5f04925672ece281b76cb212ece69f5fbe62c51f980d
B-2	679ca8568a6fd8577d9b944fbd99d7c54f666601	sparse	8	1	metal-worlds	10	1	205	714000	9244a8baea9272a0b60f5f04925672ece281b76cb212ece69f5fbe62c51f980d
B-2	679ca8568a6fd8577d9b944fbd99d7c54f666601	sparse	8	1	scalar	10	2	206	19834	9244a8baea9272a0b60f5f04925672ece281b76cb212ece69f5fbe62c51f980d
B-2	679ca8568a6fd8577d9b944fbd99d7c54f666601	sparse	8	1	rayon	10	3	207	27875	9244a8baea9272a0b60f5f04925672ece281b76cb212ece69f5fbe62c51f980d
B-2	679ca8568a6fd8577d9b944fbd99d7c54f666601	sparse	8	1	portable-union	10	4	208	44500	9244a8baea9272a0b60f5f04925672ece281b76cb212ece69f5fbe62c51f980d
B-2	679ca8568a6fd8577d9b944fbd99d7c54f666601	sparse	8	1	portable-worlds	10	5	209	31958	9244a8baea9272a0b60f5f04925672ece281b76cb212ece69f5fbe62c51f980d
B-2	679ca8568a6fd8577d9b944fbd99d7c54f666601	sparse	8	1	metal-worlds	11	0	210	622000	9244a8baea9272a0b60f5f04925672ece281b76cb212ece69f5fbe62c51f980d
B-2	679ca8568a6fd8577d9b944fbd99d7c54f666601	sparse	8	1	scalar	11	1	211	6291	9244a8baea9272a0b60f5f04925672ece281b76cb212ece69f5fbe62c51f980d
B-2	679ca8568a6fd8577d9b944fbd99d7c54f666601	sparse	8	1	rayon	11	2	212	11250	9244a8baea9272a0b60f5f04925672ece281b76cb212ece69f5fbe62c51f980d
B-2	679ca8568a6fd8577d9b944fbd99d7c54f666601	sparse	8	1	portable-union	11	3	213	44416	9244a8baea9272a0b60f5f04925672ece281b76cb212ece69f5fbe62c51f980d
B-2	679ca8568a6fd8577d9b944fbd99d7c54f666601	sparse	8	1	portable-worlds	11	4	214	31958	9244a8baea9272a0b60f5f04925672ece281b76cb212ece69f5fbe62c51f980d
B-2	679ca8568a6fd8577d9b944fbd99d7c54f666601	sparse	8	1	metal-union	11	5	215	641250	9244a8baea9272a0b60f5f04925672ece281b76cb212ece69f5fbe62c51f980d
B-2	679ca8568a6fd8577d9b944fbd99d7c54f666601	sparse	8	32	scalar	0	0	216	125833	9244a8baea9272a0b60f5f04925672ece281b76cb212ece69f5fbe62c51f980d
B-2	679ca8568a6fd8577d9b944fbd99d7c54f666601	sparse	8	32	rayon	0	1	217	59417	9244a8baea9272a0b60f5f04925672ece281b76cb212ece69f5fbe62c51f980d
B-2	679ca8568a6fd8577d9b944fbd99d7c54f666601	sparse	8	32	portable-union	0	2	218	779792	9244a8baea9272a0b60f5f04925672ece281b76cb212ece69f5fbe62c51f980d
B-2	679ca8568a6fd8577d9b944fbd99d7c54f666601	sparse	8	32	portable-worlds	0	3	219	60583	9244a8baea9272a0b60f5f04925672ece281b76cb212ece69f5fbe62c51f980d
B-2	679ca8568a6fd8577d9b944fbd99d7c54f666601	sparse	8	32	metal-union	0	4	220	2090375	9244a8baea9272a0b60f5f04925672ece281b76cb212ece69f5fbe62c51f980d
B-2	679ca8568a6fd8577d9b944fbd99d7c54f666601	sparse	8	32	metal-worlds	0	5	221	724417	9244a8baea9272a0b60f5f04925672ece281b76cb212ece69f5fbe62c51f980d
B-2	679ca8568a6fd8577d9b944fbd99d7c54f666601	sparse	8	32	rayon	1	0	222	58750	9244a8baea9272a0b60f5f04925672ece281b76cb212ece69f5fbe62c51f980d
B-2	679ca8568a6fd8577d9b944fbd99d7c54f666601	sparse	8	32	portable-union	1	1	223	785375	9244a8baea9272a0b60f5f04925672ece281b76cb212ece69f5fbe62c51f980d
B-2	679ca8568a6fd8577d9b944fbd99d7c54f666601	sparse	8	32	portable-worlds	1	2	224	59458	9244a8baea9272a0b60f5f04925672ece281b76cb212ece69f5fbe62c51f980d
B-2	679ca8568a6fd8577d9b944fbd99d7c54f666601	sparse	8	32	metal-union	1	3	225	2190250	9244a8baea9272a0b60f5f04925672ece281b76cb212ece69f5fbe62c51f980d
B-2	679ca8568a6fd8577d9b944fbd99d7c54f666601	sparse	8	32	metal-worlds	1	4	226	759792	9244a8baea9272a0b60f5f04925672ece281b76cb212ece69f5fbe62c51f980d
B-2	679ca8568a6fd8577d9b944fbd99d7c54f666601	sparse	8	32	scalar	1	5	227	129541	9244a8baea9272a0b60f5f04925672ece281b76cb212ece69f5fbe62c51f980d
B-2	679ca8568a6fd8577d9b944fbd99d7c54f666601	sparse	8	32	portable-union	2	0	228	783333	9244a8baea9272a0b60f5f04925672ece281b76cb212ece69f5fbe62c51f980d
B-2	679ca8568a6fd8577d9b944fbd99d7c54f666601	sparse	8	32	portable-worlds	2	1	229	62666	9244a8baea9272a0b60f5f04925672ece281b76cb212ece69f5fbe62c51f980d
B-2	679ca8568a6fd8577d9b944fbd99d7c54f666601	sparse	8	32	metal-union	2	2	230	2150875	9244a8baea9272a0b60f5f04925672ece281b76cb212ece69f5fbe62c51f980d
B-2	679ca8568a6fd8577d9b944fbd99d7c54f666601	sparse	8	32	metal-worlds	2	3	231	686792	9244a8baea9272a0b60f5f04925672ece281b76cb212ece69f5fbe62c51f980d
B-2	679ca8568a6fd8577d9b944fbd99d7c54f666601	sparse	8	32	scalar	2	4	232	129459	9244a8baea9272a0b60f5f04925672ece281b76cb212ece69f5fbe62c51f980d
B-2	679ca8568a6fd8577d9b944fbd99d7c54f666601	sparse	8	32	rayon	2	5	233	60250	9244a8baea9272a0b60f5f04925672ece281b76cb212ece69f5fbe62c51f980d
B-2	679ca8568a6fd8577d9b944fbd99d7c54f666601	sparse	8	32	portable-worlds	3	0	234	64708	9244a8baea9272a0b60f5f04925672ece281b76cb212ece69f5fbe62c51f980d
B-2	679ca8568a6fd8577d9b944fbd99d7c54f666601	sparse	8	32	metal-union	3	1	235	2135875	9244a8baea9272a0b60f5f04925672ece281b76cb212ece69f5fbe62c51f980d
B-2	679ca8568a6fd8577d9b944fbd99d7c54f666601	sparse	8	32	metal-worlds	3	2	236	712333	9244a8baea9272a0b60f5f04925672ece281b76cb212ece69f5fbe62c51f980d
B-2	679ca8568a6fd8577d9b944fbd99d7c54f666601	sparse	8	32	scalar	3	3	237	129250	9244a8baea9272a0b60f5f04925672ece281b76cb212ece69f5fbe62c51f980d
B-2	679ca8568a6fd8577d9b944fbd99d7c54f666601	sparse	8	32	rayon	3	4	238	60167	9244a8baea9272a0b60f5f04925672ece281b76cb212ece69f5fbe62c51f980d
B-2	679ca8568a6fd8577d9b944fbd99d7c54f666601	sparse	8	32	portable-union	3	5	239	775167	9244a8baea9272a0b60f5f04925672ece281b76cb212ece69f5fbe62c51f980d
B-2	679ca8568a6fd8577d9b944fbd99d7c54f666601	sparse	8	32	metal-union	4	0	240	2168750	9244a8baea9272a0b60f5f04925672ece281b76cb212ece69f5fbe62c51f980d
B-2	679ca8568a6fd8577d9b944fbd99d7c54f666601	sparse	8	32	metal-worlds	4	1	241	712667	9244a8baea9272a0b60f5f04925672ece281b76cb212ece69f5fbe62c51f980d
B-2	679ca8568a6fd8577d9b944fbd99d7c54f666601	sparse	8	32	scalar	4	2	242	125917	9244a8baea9272a0b60f5f04925672ece281b76cb212ece69f5fbe62c51f980d
B-2	679ca8568a6fd8577d9b944fbd99d7c54f666601	sparse	8	32	rayon	4	3	243	61125	9244a8baea9272a0b60f5f04925672ece281b76cb212ece69f5fbe62c51f980d
B-2	679ca8568a6fd8577d9b944fbd99d7c54f666601	sparse	8	32	portable-union	4	4	244	761791	9244a8baea9272a0b60f5f04925672ece281b76cb212ece69f5fbe62c51f980d
B-2	679ca8568a6fd8577d9b944fbd99d7c54f666601	sparse	8	32	portable-worlds	4	5	245	59458	9244a8baea9272a0b60f5f04925672ece281b76cb212ece69f5fbe62c51f980d
B-2	679ca8568a6fd8577d9b944fbd99d7c54f666601	sparse	8	32	metal-worlds	5	0	246	714542	9244a8baea9272a0b60f5f04925672ece281b76cb212ece69f5fbe62c51f980d
B-2	679ca8568a6fd8577d9b944fbd99d7c54f666601	sparse	8	32	scalar	5	1	247	124167	9244a8baea9272a0b60f5f04925672ece281b76cb212ece69f5fbe62c51f980d
B-2	679ca8568a6fd8577d9b944fbd99d7c54f666601	sparse	8	32	rayon	5	2	248	58250	9244a8baea9272a0b60f5f04925672ece281b76cb212ece69f5fbe62c51f980d
B-2	679ca8568a6fd8577d9b944fbd99d7c54f666601	sparse	8	32	portable-union	5	3	249	771958	9244a8baea9272a0b60f5f04925672ece281b76cb212ece69f5fbe62c51f980d
B-2	679ca8568a6fd8577d9b944fbd99d7c54f666601	sparse	8	32	portable-worlds	5	4	250	62042	9244a8baea9272a0b60f5f04925672ece281b76cb212ece69f5fbe62c51f980d
B-2	679ca8568a6fd8577d9b944fbd99d7c54f666601	sparse	8	32	metal-union	5	5	251	2218458	9244a8baea9272a0b60f5f04925672ece281b76cb212ece69f5fbe62c51f980d
B-2	679ca8568a6fd8577d9b944fbd99d7c54f666601	sparse	8	32	scalar	6	0	252	121250	9244a8baea9272a0b60f5f04925672ece281b76cb212ece69f5fbe62c51f980d
B-2	679ca8568a6fd8577d9b944fbd99d7c54f666601	sparse	8	32	rayon	6	1	253	56291	9244a8baea9272a0b60f5f04925672ece281b76cb212ece69f5fbe62c51f980d
B-2	679ca8568a6fd8577d9b944fbd99d7c54f666601	sparse	8	32	portable-union	6	2	254	782917	9244a8baea9272a0b60f5f04925672ece281b76cb212ece69f5fbe62c51f980d
B-2	679ca8568a6fd8577d9b944fbd99d7c54f666601	sparse	8	32	portable-worlds	6	3	255	60084	9244a8baea9272a0b60f5f04925672ece281b76cb212ece69f5fbe62c51f980d
B-2	679ca8568a6fd8577d9b944fbd99d7c54f666601	sparse	8	32	metal-union	6	4	256	2111792	9244a8baea9272a0b60f5f04925672ece281b76cb212ece69f5fbe62c51f980d
B-2	679ca8568a6fd8577d9b944fbd99d7c54f666601	sparse	8	32	metal-worlds	6	5	257	704958	9244a8baea9272a0b60f5f04925672ece281b76cb212ece69f5fbe62c51f980d
B-2	679ca8568a6fd8577d9b944fbd99d7c54f666601	sparse	8	32	rayon	7	0	258	56750	9244a8baea9272a0b60f5f04925672ece281b76cb212ece69f5fbe62c51f980d
B-2	679ca8568a6fd8577d9b944fbd99d7c54f666601	sparse	8	32	portable-union	7	1	259	777750	9244a8baea9272a0b60f5f04925672ece281b76cb212ece69f5fbe62c51f980d
B-2	679ca8568a6fd8577d9b944fbd99d7c54f666601	sparse	8	32	portable-worlds	7	2	260	59000	9244a8baea9272a0b60f5f04925672ece281b76cb212ece69f5fbe62c51f980d
B-2	679ca8568a6fd8577d9b944fbd99d7c54f666601	sparse	8	32	metal-union	7	3	261	2061666	9244a8baea9272a0b60f5f04925672ece281b76cb212ece69f5fbe62c51f980d
B-2	679ca8568a6fd8577d9b944fbd99d7c54f666601	sparse	8	32	metal-worlds	7	4	262	707042	9244a8baea9272a0b60f5f04925672ece281b76cb212ece69f5fbe62c51f980d
B-2	679ca8568a6fd8577d9b944fbd99d7c54f666601	sparse	8	32	scalar	7	5	263	121416	9244a8baea9272a0b60f5f04925672ece281b76cb212ece69f5fbe62c51f980d
B-2	679ca8568a6fd8577d9b944fbd99d7c54f666601	sparse	8	32	portable-union	8	0	264	786417	9244a8baea9272a0b60f5f04925672ece281b76cb212ece69f5fbe62c51f980d
B-2	679ca8568a6fd8577d9b944fbd99d7c54f666601	sparse	8	32	portable-worlds	8	1	265	65458	9244a8baea9272a0b60f5f04925672ece281b76cb212ece69f5fbe62c51f980d
B-2	679ca8568a6fd8577d9b944fbd99d7c54f666601	sparse	8	32	metal-union	8	2	266	2164667	9244a8baea9272a0b60f5f04925672ece281b76cb212ece69f5fbe62c51f980d
B-2	679ca8568a6fd8577d9b944fbd99d7c54f666601	sparse	8	32	metal-worlds	8	3	267	676250	9244a8baea9272a0b60f5f04925672ece281b76cb212ece69f5fbe62c51f980d
B-2	679ca8568a6fd8577d9b944fbd99d7c54f666601	sparse	8	32	scalar	8	4	268	123625	9244a8baea9272a0b60f5f04925672ece281b76cb212ece69f5fbe62c51f980d
B-2	679ca8568a6fd8577d9b944fbd99d7c54f666601	sparse	8	32	rayon	8	5	269	58083	9244a8baea9272a0b60f5f04925672ece281b76cb212ece69f5fbe62c51f980d
B-2	679ca8568a6fd8577d9b944fbd99d7c54f666601	sparse	8	32	portable-worlds	9	0	270	68208	9244a8baea9272a0b60f5f04925672ece281b76cb212ece69f5fbe62c51f980d
B-2	679ca8568a6fd8577d9b944fbd99d7c54f666601	sparse	8	32	metal-union	9	1	271	2163209	9244a8baea9272a0b60f5f04925672ece281b76cb212ece69f5fbe62c51f980d
B-2	679ca8568a6fd8577d9b944fbd99d7c54f666601	sparse	8	32	metal-worlds	9	2	272	663708	9244a8baea9272a0b60f5f04925672ece281b76cb212ece69f5fbe62c51f980d
B-2	679ca8568a6fd8577d9b944fbd99d7c54f666601	sparse	8	32	scalar	9	3	273	123000	9244a8baea9272a0b60f5f04925672ece281b76cb212ece69f5fbe62c51f980d
B-2	679ca8568a6fd8577d9b944fbd99d7c54f666601	sparse	8	32	rayon	9	4	274	52125	9244a8baea9272a0b60f5f04925672ece281b76cb212ece69f5fbe62c51f980d
B-2	679ca8568a6fd8577d9b944fbd99d7c54f666601	sparse	8	32	portable-union	9	5	275	804000	9244a8baea9272a0b60f5f04925672ece281b76cb212ece69f5fbe62c51f980d
B-2	679ca8568a6fd8577d9b944fbd99d7c54f666601	sparse	8	32	metal-union	10	0	276	2225834	9244a8baea9272a0b60f5f04925672ece281b76cb212ece69f5fbe62c51f980d
B-2	679ca8568a6fd8577d9b944fbd99d7c54f666601	sparse	8	32	metal-worlds	10	1	277	718083	9244a8baea9272a0b60f5f04925672ece281b76cb212ece69f5fbe62c51f980d
B-2	679ca8568a6fd8577d9b944fbd99d7c54f666601	sparse	8	32	scalar	10	2	278	122291	9244a8baea9272a0b60f5f04925672ece281b76cb212ece69f5fbe62c51f980d
B-2	679ca8568a6fd8577d9b944fbd99d7c54f666601	sparse	8	32	rayon	10	3	279	57083	9244a8baea9272a0b60f5f04925672ece281b76cb212ece69f5fbe62c51f980d
B-2	679ca8568a6fd8577d9b944fbd99d7c54f666601	sparse	8	32	portable-union	10	4	280	771250	9244a8baea9272a0b60f5f04925672ece281b76cb212ece69f5fbe62c51f980d
B-2	679ca8568a6fd8577d9b944fbd99d7c54f666601	sparse	8	32	portable-worlds	10	5	281	60667	9244a8baea9272a0b60f5f04925672ece281b76cb212ece69f5fbe62c51f980d
B-2	679ca8568a6fd8577d9b944fbd99d7c54f666601	sparse	8	32	metal-worlds	11	0	282	732750	9244a8baea9272a0b60f5f04925672ece281b76cb212ece69f5fbe62c51f980d
B-2	679ca8568a6fd8577d9b944fbd99d7c54f666601	sparse	8	32	scalar	11	1	283	121166	9244a8baea9272a0b60f5f04925672ece281b76cb212ece69f5fbe62c51f980d
B-2	679ca8568a6fd8577d9b944fbd99d7c54f666601	sparse	8	32	rayon	11	2	284	56250	9244a8baea9272a0b60f5f04925672ece281b76cb212ece69f5fbe62c51f980d
B-2	679ca8568a6fd8577d9b944fbd99d7c54f666601	sparse	8	32	portable-union	11	3	285	782583	9244a8baea9272a0b60f5f04925672ece281b76cb212ece69f5fbe62c51f980d
B-2	679ca8568a6fd8577d9b944fbd99d7c54f666601	sparse	8	32	portable-worlds	11	4	286	59584	9244a8baea9272a0b60f5f04925672ece281b76cb212ece69f5fbe62c51f980d
B-2	679ca8568a6fd8577d9b944fbd99d7c54f666601	sparse	8	32	metal-union	11	5	287	2150166	9244a8baea9272a0b60f5f04925672ece281b76cb212ece69f5fbe62c51f980d
B-2	679ca8568a6fd8577d9b944fbd99d7c54f666601	dense	4	1	scalar	0	0	288	51792	9244a8baea9272a0b60f5f04925672ece281b76cb212ece69f5fbe62c51f980d
B-2	679ca8568a6fd8577d9b944fbd99d7c54f666601	dense	4	1	rayon	0	1	289	59625	9244a8baea9272a0b60f5f04925672ece281b76cb212ece69f5fbe62c51f980d
B-2	679ca8568a6fd8577d9b944fbd99d7c54f666601	dense	4	1	portable-union	0	2	290	99334	9244a8baea9272a0b60f5f04925672ece281b76cb212ece69f5fbe62c51f980d
B-2	679ca8568a6fd8577d9b944fbd99d7c54f666601	dense	4	1	portable-worlds	0	3	291	93334	9244a8baea9272a0b60f5f04925672ece281b76cb212ece69f5fbe62c51f980d
B-2	679ca8568a6fd8577d9b944fbd99d7c54f666601	dense	4	1	metal-union	0	4	292	714333	9244a8baea9272a0b60f5f04925672ece281b76cb212ece69f5fbe62c51f980d
B-2	679ca8568a6fd8577d9b944fbd99d7c54f666601	dense	4	1	metal-worlds	0	5	293	711833	9244a8baea9272a0b60f5f04925672ece281b76cb212ece69f5fbe62c51f980d
B-2	679ca8568a6fd8577d9b944fbd99d7c54f666601	dense	4	1	rayon	1	0	294	59334	9244a8baea9272a0b60f5f04925672ece281b76cb212ece69f5fbe62c51f980d
B-2	679ca8568a6fd8577d9b944fbd99d7c54f666601	dense	4	1	portable-union	1	1	295	96708	9244a8baea9272a0b60f5f04925672ece281b76cb212ece69f5fbe62c51f980d
B-2	679ca8568a6fd8577d9b944fbd99d7c54f666601	dense	4	1	portable-worlds	1	2	296	93542	9244a8baea9272a0b60f5f04925672ece281b76cb212ece69f5fbe62c51f980d
B-2	679ca8568a6fd8577d9b944fbd99d7c54f666601	dense	4	1	metal-union	1	3	297	712458	9244a8baea9272a0b60f5f04925672ece281b76cb212ece69f5fbe62c51f980d
B-2	679ca8568a6fd8577d9b944fbd99d7c54f666601	dense	4	1	metal-worlds	1	4	298	716792	9244a8baea9272a0b60f5f04925672ece281b76cb212ece69f5fbe62c51f980d
B-2	679ca8568a6fd8577d9b944fbd99d7c54f666601	dense	4	1	scalar	1	5	299	54292	9244a8baea9272a0b60f5f04925672ece281b76cb212ece69f5fbe62c51f980d
B-2	679ca8568a6fd8577d9b944fbd99d7c54f666601	dense	4	1	portable-union	2	0	300	95000	9244a8baea9272a0b60f5f04925672ece281b76cb212ece69f5fbe62c51f980d
B-2	679ca8568a6fd8577d9b944fbd99d7c54f666601	dense	4	1	portable-worlds	2	1	301	94667	9244a8baea9272a0b60f5f04925672ece281b76cb212ece69f5fbe62c51f980d
B-2	679ca8568a6fd8577d9b944fbd99d7c54f666601	dense	4	1	metal-union	2	2	302	734125	9244a8baea9272a0b60f5f04925672ece281b76cb212ece69f5fbe62c51f980d
B-2	679ca8568a6fd8577d9b944fbd99d7c54f666601	dense	4	1	metal-worlds	2	3	303	810250	9244a8baea9272a0b60f5f04925672ece281b76cb212ece69f5fbe62c51f980d
B-2	679ca8568a6fd8577d9b944fbd99d7c54f666601	dense	4	1	scalar	2	4	304	51083	9244a8baea9272a0b60f5f04925672ece281b76cb212ece69f5fbe62c51f980d
B-2	679ca8568a6fd8577d9b944fbd99d7c54f666601	dense	4	1	rayon	2	5	305	60958	9244a8baea9272a0b60f5f04925672ece281b76cb212ece69f5fbe62c51f980d
B-2	679ca8568a6fd8577d9b944fbd99d7c54f666601	dense	4	1	portable-worlds	3	0	306	100041	9244a8baea9272a0b60f5f04925672ece281b76cb212ece69f5fbe62c51f980d
B-2	679ca8568a6fd8577d9b944fbd99d7c54f666601	dense	4	1	metal-union	3	1	307	717042	9244a8baea9272a0b60f5f04925672ece281b76cb212ece69f5fbe62c51f980d
B-2	679ca8568a6fd8577d9b944fbd99d7c54f666601	dense	4	1	metal-worlds	3	2	308	700625	9244a8baea9272a0b60f5f04925672ece281b76cb212ece69f5fbe62c51f980d
B-2	679ca8568a6fd8577d9b944fbd99d7c54f666601	dense	4	1	scalar	3	3	309	50750	9244a8baea9272a0b60f5f04925672ece281b76cb212ece69f5fbe62c51f980d
B-2	679ca8568a6fd8577d9b944fbd99d7c54f666601	dense	4	1	rayon	3	4	310	58959	9244a8baea9272a0b60f5f04925672ece281b76cb212ece69f5fbe62c51f980d
B-2	679ca8568a6fd8577d9b944fbd99d7c54f666601	dense	4	1	portable-union	3	5	311	95792	9244a8baea9272a0b60f5f04925672ece281b76cb212ece69f5fbe62c51f980d
B-2	679ca8568a6fd8577d9b944fbd99d7c54f666601	dense	4	1	metal-union	4	0	312	684375	9244a8baea9272a0b60f5f04925672ece281b76cb212ece69f5fbe62c51f980d
B-2	679ca8568a6fd8577d9b944fbd99d7c54f666601	dense	4	1	metal-worlds	4	1	313	694833	9244a8baea9272a0b60f5f04925672ece281b76cb212ece69f5fbe62c51f980d
B-2	679ca8568a6fd8577d9b944fbd99d7c54f666601	dense	4	1	scalar	4	2	314	49542	9244a8baea9272a0b60f5f04925672ece281b76cb212ece69f5fbe62c51f980d
B-2	679ca8568a6fd8577d9b944fbd99d7c54f666601	dense	4	1	rayon	4	3	315	58334	9244a8baea9272a0b60f5f04925672ece281b76cb212ece69f5fbe62c51f980d
B-2	679ca8568a6fd8577d9b944fbd99d7c54f666601	dense	4	1	portable-union	4	4	316	95750	9244a8baea9272a0b60f5f04925672ece281b76cb212ece69f5fbe62c51f980d
B-2	679ca8568a6fd8577d9b944fbd99d7c54f666601	dense	4	1	portable-worlds	4	5	317	90667	9244a8baea9272a0b60f5f04925672ece281b76cb212ece69f5fbe62c51f980d
B-2	679ca8568a6fd8577d9b944fbd99d7c54f666601	dense	4	1	metal-worlds	5	0	318	686417	9244a8baea9272a0b60f5f04925672ece281b76cb212ece69f5fbe62c51f980d
B-2	679ca8568a6fd8577d9b944fbd99d7c54f666601	dense	4	1	scalar	5	1	319	51500	9244a8baea9272a0b60f5f04925672ece281b76cb212ece69f5fbe62c51f980d
B-2	679ca8568a6fd8577d9b944fbd99d7c54f666601	dense	4	1	rayon	5	2	320	63166	9244a8baea9272a0b60f5f04925672ece281b76cb212ece69f5fbe62c51f980d
B-2	679ca8568a6fd8577d9b944fbd99d7c54f666601	dense	4	1	portable-union	5	3	321	96959	9244a8baea9272a0b60f5f04925672ece281b76cb212ece69f5fbe62c51f980d
B-2	679ca8568a6fd8577d9b944fbd99d7c54f666601	dense	4	1	portable-worlds	5	4	322	92916	9244a8baea9272a0b60f5f04925672ece281b76cb212ece69f5fbe62c51f980d
B-2	679ca8568a6fd8577d9b944fbd99d7c54f666601	dense	4	1	metal-union	5	5	323	693416	9244a8baea9272a0b60f5f04925672ece281b76cb212ece69f5fbe62c51f980d
B-2	679ca8568a6fd8577d9b944fbd99d7c54f666601	dense	4	1	scalar	6	0	324	50458	9244a8baea9272a0b60f5f04925672ece281b76cb212ece69f5fbe62c51f980d
B-2	679ca8568a6fd8577d9b944fbd99d7c54f666601	dense	4	1	rayon	6	1	325	59333	9244a8baea9272a0b60f5f04925672ece281b76cb212ece69f5fbe62c51f980d
B-2	679ca8568a6fd8577d9b944fbd99d7c54f666601	dense	4	1	portable-union	6	2	326	96208	9244a8baea9272a0b60f5f04925672ece281b76cb212ece69f5fbe62c51f980d
B-2	679ca8568a6fd8577d9b944fbd99d7c54f666601	dense	4	1	portable-worlds	6	3	327	112750	9244a8baea9272a0b60f5f04925672ece281b76cb212ece69f5fbe62c51f980d
B-2	679ca8568a6fd8577d9b944fbd99d7c54f666601	dense	4	1	metal-union	6	4	328	687791	9244a8baea9272a0b60f5f04925672ece281b76cb212ece69f5fbe62c51f980d
B-2	679ca8568a6fd8577d9b944fbd99d7c54f666601	dense	4	1	metal-worlds	6	5	329	702584	9244a8baea9272a0b60f5f04925672ece281b76cb212ece69f5fbe62c51f980d
B-2	679ca8568a6fd8577d9b944fbd99d7c54f666601	dense	4	1	rayon	7	0	330	58833	9244a8baea9272a0b60f5f04925672ece281b76cb212ece69f5fbe62c51f980d
B-2	679ca8568a6fd8577d9b944fbd99d7c54f666601	dense	4	1	portable-union	7	1	331	95458	9244a8baea9272a0b60f5f04925672ece281b76cb212ece69f5fbe62c51f980d
B-2	679ca8568a6fd8577d9b944fbd99d7c54f666601	dense	4	1	portable-worlds	7	2	332	90709	9244a8baea9272a0b60f5f04925672ece281b76cb212ece69f5fbe62c51f980d
B-2	679ca8568a6fd8577d9b944fbd99d7c54f666601	dense	4	1	metal-union	7	3	333	705000	9244a8baea9272a0b60f5f04925672ece281b76cb212ece69f5fbe62c51f980d
B-2	679ca8568a6fd8577d9b944fbd99d7c54f666601	dense	4	1	metal-worlds	7	4	334	743208	9244a8baea9272a0b60f5f04925672ece281b76cb212ece69f5fbe62c51f980d
B-2	679ca8568a6fd8577d9b944fbd99d7c54f666601	dense	4	1	scalar	7	5	335	50042	9244a8baea9272a0b60f5f04925672ece281b76cb212ece69f5fbe62c51f980d
B-2	679ca8568a6fd8577d9b944fbd99d7c54f666601	dense	4	1	portable-union	8	0	336	91542	9244a8baea9272a0b60f5f04925672ece281b76cb212ece69f5fbe62c51f980d
B-2	679ca8568a6fd8577d9b944fbd99d7c54f666601	dense	4	1	portable-worlds	8	1	337	91084	9244a8baea9272a0b60f5f04925672ece281b76cb212ece69f5fbe62c51f980d
B-2	679ca8568a6fd8577d9b944fbd99d7c54f666601	dense	4	1	metal-union	8	2	338	693125	9244a8baea9272a0b60f5f04925672ece281b76cb212ece69f5fbe62c51f980d
B-2	679ca8568a6fd8577d9b944fbd99d7c54f666601	dense	4	1	metal-worlds	8	3	339	703042	9244a8baea9272a0b60f5f04925672ece281b76cb212ece69f5fbe62c51f980d
B-2	679ca8568a6fd8577d9b944fbd99d7c54f666601	dense	4	1	scalar	8	4	340	50417	9244a8baea9272a0b60f5f04925672ece281b76cb212ece69f5fbe62c51f980d
B-2	679ca8568a6fd8577d9b944fbd99d7c54f666601	dense	4	1	rayon	8	5	341	59708	9244a8baea9272a0b60f5f04925672ece281b76cb212ece69f5fbe62c51f980d
B-2	679ca8568a6fd8577d9b944fbd99d7c54f666601	dense	4	1	portable-worlds	9	0	342	98375	9244a8baea9272a0b60f5f04925672ece281b76cb212ece69f5fbe62c51f980d
B-2	679ca8568a6fd8577d9b944fbd99d7c54f666601	dense	4	1	metal-union	9	1	343	708833	9244a8baea9272a0b60f5f04925672ece281b76cb212ece69f5fbe62c51f980d
B-2	679ca8568a6fd8577d9b944fbd99d7c54f666601	dense	4	1	metal-worlds	9	2	344	704000	9244a8baea9272a0b60f5f04925672ece281b76cb212ece69f5fbe62c51f980d
B-2	679ca8568a6fd8577d9b944fbd99d7c54f666601	dense	4	1	scalar	9	3	345	49875	9244a8baea9272a0b60f5f04925672ece281b76cb212ece69f5fbe62c51f980d
B-2	679ca8568a6fd8577d9b944fbd99d7c54f666601	dense	4	1	rayon	9	4	346	58791	9244a8baea9272a0b60f5f04925672ece281b76cb212ece69f5fbe62c51f980d
B-2	679ca8568a6fd8577d9b944fbd99d7c54f666601	dense	4	1	portable-union	9	5	347	94458	9244a8baea9272a0b60f5f04925672ece281b76cb212ece69f5fbe62c51f980d
B-2	679ca8568a6fd8577d9b944fbd99d7c54f666601	dense	4	1	metal-union	10	0	348	708833	9244a8baea9272a0b60f5f04925672ece281b76cb212ece69f5fbe62c51f980d
B-2	679ca8568a6fd8577d9b944fbd99d7c54f666601	dense	4	1	metal-worlds	10	1	349	707542	9244a8baea9272a0b60f5f04925672ece281b76cb212ece69f5fbe62c51f980d
B-2	679ca8568a6fd8577d9b944fbd99d7c54f666601	dense	4	1	scalar	10	2	350	48917	9244a8baea9272a0b60f5f04925672ece281b76cb212ece69f5fbe62c51f980d
B-2	679ca8568a6fd8577d9b944fbd99d7c54f666601	dense	4	1	rayon	10	3	351	64958	9244a8baea9272a0b60f5f04925672ece281b76cb212ece69f5fbe62c51f980d
B-2	679ca8568a6fd8577d9b944fbd99d7c54f666601	dense	4	1	portable-union	10	4	352	100958	9244a8baea9272a0b60f5f04925672ece281b76cb212ece69f5fbe62c51f980d
B-2	679ca8568a6fd8577d9b944fbd99d7c54f666601	dense	4	1	portable-worlds	10	5	353	91959	9244a8baea9272a0b60f5f04925672ece281b76cb212ece69f5fbe62c51f980d
B-2	679ca8568a6fd8577d9b944fbd99d7c54f666601	dense	4	1	metal-worlds	11	0	354	694666	9244a8baea9272a0b60f5f04925672ece281b76cb212ece69f5fbe62c51f980d
B-2	679ca8568a6fd8577d9b944fbd99d7c54f666601	dense	4	1	scalar	11	1	355	49792	9244a8baea9272a0b60f5f04925672ece281b76cb212ece69f5fbe62c51f980d
B-2	679ca8568a6fd8577d9b944fbd99d7c54f666601	dense	4	1	rayon	11	2	356	57584	9244a8baea9272a0b60f5f04925672ece281b76cb212ece69f5fbe62c51f980d
B-2	679ca8568a6fd8577d9b944fbd99d7c54f666601	dense	4	1	portable-union	11	3	357	96541	9244a8baea9272a0b60f5f04925672ece281b76cb212ece69f5fbe62c51f980d
B-2	679ca8568a6fd8577d9b944fbd99d7c54f666601	dense	4	1	portable-worlds	11	4	358	92084	9244a8baea9272a0b60f5f04925672ece281b76cb212ece69f5fbe62c51f980d
B-2	679ca8568a6fd8577d9b944fbd99d7c54f666601	dense	4	1	metal-union	11	5	359	699291	9244a8baea9272a0b60f5f04925672ece281b76cb212ece69f5fbe62c51f980d
B-2	679ca8568a6fd8577d9b944fbd99d7c54f666601	dense	4	32	scalar	0	0	360	1586417	9244a8baea9272a0b60f5f04925672ece281b76cb212ece69f5fbe62c51f980d
B-2	679ca8568a6fd8577d9b944fbd99d7c54f666601	dense	4	32	rayon	0	1	361	488500	9244a8baea9272a0b60f5f04925672ece281b76cb212ece69f5fbe62c51f980d
B-2	679ca8568a6fd8577d9b944fbd99d7c54f666601	dense	4	32	portable-union	0	2	362	226042	9244a8baea9272a0b60f5f04925672ece281b76cb212ece69f5fbe62c51f980d
B-2	679ca8568a6fd8577d9b944fbd99d7c54f666601	dense	4	32	portable-worlds	0	3	363	231125	9244a8baea9272a0b60f5f04925672ece281b76cb212ece69f5fbe62c51f980d
B-2	679ca8568a6fd8577d9b944fbd99d7c54f666601	dense	4	32	metal-union	0	4	364	1129375	9244a8baea9272a0b60f5f04925672ece281b76cb212ece69f5fbe62c51f980d
B-2	679ca8568a6fd8577d9b944fbd99d7c54f666601	dense	4	32	metal-worlds	0	5	365	825000	9244a8baea9272a0b60f5f04925672ece281b76cb212ece69f5fbe62c51f980d
B-2	679ca8568a6fd8577d9b944fbd99d7c54f666601	dense	4	32	rayon	1	0	366	488166	9244a8baea9272a0b60f5f04925672ece281b76cb212ece69f5fbe62c51f980d
B-2	679ca8568a6fd8577d9b944fbd99d7c54f666601	dense	4	32	portable-union	1	1	367	225125	9244a8baea9272a0b60f5f04925672ece281b76cb212ece69f5fbe62c51f980d
B-2	679ca8568a6fd8577d9b944fbd99d7c54f666601	dense	4	32	portable-worlds	1	2	368	228542	9244a8baea9272a0b60f5f04925672ece281b76cb212ece69f5fbe62c51f980d
B-2	679ca8568a6fd8577d9b944fbd99d7c54f666601	dense	4	32	metal-union	1	3	369	814875	9244a8baea9272a0b60f5f04925672ece281b76cb212ece69f5fbe62c51f980d
B-2	679ca8568a6fd8577d9b944fbd99d7c54f666601	dense	4	32	metal-worlds	1	4	370	832583	9244a8baea9272a0b60f5f04925672ece281b76cb212ece69f5fbe62c51f980d
B-2	679ca8568a6fd8577d9b944fbd99d7c54f666601	dense	4	32	scalar	1	5	371	1535708	9244a8baea9272a0b60f5f04925672ece281b76cb212ece69f5fbe62c51f980d
B-2	679ca8568a6fd8577d9b944fbd99d7c54f666601	dense	4	32	portable-union	2	0	372	218875	9244a8baea9272a0b60f5f04925672ece281b76cb212ece69f5fbe62c51f980d
B-2	679ca8568a6fd8577d9b944fbd99d7c54f666601	dense	4	32	portable-worlds	2	1	373	240583	9244a8baea9272a0b60f5f04925672ece281b76cb212ece69f5fbe62c51f980d
B-2	679ca8568a6fd8577d9b944fbd99d7c54f666601	dense	4	32	metal-union	2	2	374	1195167	9244a8baea9272a0b60f5f04925672ece281b76cb212ece69f5fbe62c51f980d
B-2	679ca8568a6fd8577d9b944fbd99d7c54f666601	dense	4	32	metal-worlds	2	3	375	820458	9244a8baea9272a0b60f5f04925672ece281b76cb212ece69f5fbe62c51f980d
B-2	679ca8568a6fd8577d9b944fbd99d7c54f666601	dense	4	32	scalar	2	4	376	1503458	9244a8baea9272a0b60f5f04925672ece281b76cb212ece69f5fbe62c51f980d
B-2	679ca8568a6fd8577d9b944fbd99d7c54f666601	dense	4	32	rayon	2	5	377	471500	9244a8baea9272a0b60f5f04925672ece281b76cb212ece69f5fbe62c51f980d
B-2	679ca8568a6fd8577d9b944fbd99d7c54f666601	dense	4	32	portable-worlds	3	0	378	228541	9244a8baea9272a0b60f5f04925672ece281b76cb212ece69f5fbe62c51f980d
B-2	679ca8568a6fd8577d9b944fbd99d7c54f666601	dense	4	32	metal-union	3	1	379	1063875	9244a8baea9272a0b60f5f04925672ece281b76cb212ece69f5fbe62c51f980d
B-2	679ca8568a6fd8577d9b944fbd99d7c54f666601	dense	4	32	metal-worlds	3	2	380	844500	9244a8baea9272a0b60f5f04925672ece281b76cb212ece69f5fbe62c51f980d
B-2	679ca8568a6fd8577d9b944fbd99d7c54f666601	dense	4	32	scalar	3	3	381	1512000	9244a8baea9272a0b60f5f04925672ece281b76cb212ece69f5fbe62c51f980d
B-2	679ca8568a6fd8577d9b944fbd99d7c54f666601	dense	4	32	rayon	3	4	382	460958	9244a8baea9272a0b60f5f04925672ece281b76cb212ece69f5fbe62c51f980d
B-2	679ca8568a6fd8577d9b944fbd99d7c54f666601	dense	4	32	portable-union	3	5	383	223875	9244a8baea9272a0b60f5f04925672ece281b76cb212ece69f5fbe62c51f980d
B-2	679ca8568a6fd8577d9b944fbd99d7c54f666601	dense	4	32	metal-union	4	0	384	1121083	9244a8baea9272a0b60f5f04925672ece281b76cb212ece69f5fbe62c51f980d
B-2	679ca8568a6fd8577d9b944fbd99d7c54f666601	dense	4	32	metal-worlds	4	1	385	825250	9244a8baea9272a0b60f5f04925672ece281b76cb212ece69f5fbe62c51f980d
B-2	679ca8568a6fd8577d9b944fbd99d7c54f666601	dense	4	32	scalar	4	2	386	1499042	9244a8baea9272a0b60f5f04925672ece281b76cb212ece69f5fbe62c51f980d
B-2	679ca8568a6fd8577d9b944fbd99d7c54f666601	dense	4	32	rayon	4	3	387	465917	9244a8baea9272a0b60f5f04925672ece281b76cb212ece69f5fbe62c51f980d
B-2	679ca8568a6fd8577d9b944fbd99d7c54f666601	dense	4	32	portable-union	4	4	388	222625	9244a8baea9272a0b60f5f04925672ece281b76cb212ece69f5fbe62c51f980d
B-2	679ca8568a6fd8577d9b944fbd99d7c54f666601	dense	4	32	portable-worlds	4	5	389	227416	9244a8baea9272a0b60f5f04925672ece281b76cb212ece69f5fbe62c51f980d
B-2	679ca8568a6fd8577d9b944fbd99d7c54f666601	dense	4	32	metal-worlds	5	0	390	1085375	9244a8baea9272a0b60f5f04925672ece281b76cb212ece69f5fbe62c51f980d
B-2	679ca8568a6fd8577d9b944fbd99d7c54f666601	dense	4	32	scalar	5	1	391	1569000	9244a8baea9272a0b60f5f04925672ece281b76cb212ece69f5fbe62c51f980d
B-2	679ca8568a6fd8577d9b944fbd99d7c54f666601	dense	4	32	rayon	5	2	392	461708	9244a8baea9272a0b60f5f04925672ece281b76cb212ece69f5fbe62c51f980d
B-2	679ca8568a6fd8577d9b944fbd99d7c54f666601	dense	4	32	portable-union	5	3	393	218417	9244a8baea9272a0b60f5f04925672ece281b76cb212ece69f5fbe62c51f980d
B-2	679ca8568a6fd8577d9b944fbd99d7c54f666601	dense	4	32	portable-worlds	5	4	394	220875	9244a8baea9272a0b60f5f04925672ece281b76cb212ece69f5fbe62c51f980d
B-2	679ca8568a6fd8577d9b944fbd99d7c54f666601	dense	4	32	metal-union	5	5	395	1114125	9244a8baea9272a0b60f5f04925672ece281b76cb212ece69f5fbe62c51f980d
B-2	679ca8568a6fd8577d9b944fbd99d7c54f666601	dense	4	32	scalar	6	0	396	1528125	9244a8baea9272a0b60f5f04925672ece281b76cb212ece69f5fbe62c51f980d
B-2	679ca8568a6fd8577d9b944fbd99d7c54f666601	dense	4	32	rayon	6	1	397	467208	9244a8baea9272a0b60f5f04925672ece281b76cb212ece69f5fbe62c51f980d
B-2	679ca8568a6fd8577d9b944fbd99d7c54f666601	dense	4	32	portable-union	6	2	398	223292	9244a8baea9272a0b60f5f04925672ece281b76cb212ece69f5fbe62c51f980d
B-2	679ca8568a6fd8577d9b944fbd99d7c54f666601	dense	4	32	portable-worlds	6	3	399	229458	9244a8baea9272a0b60f5f04925672ece281b76cb212ece69f5fbe62c51f980d
B-2	679ca8568a6fd8577d9b944fbd99d7c54f666601	dense	4	32	metal-union	6	4	400	1094917	9244a8baea9272a0b60f5f04925672ece281b76cb212ece69f5fbe62c51f980d
B-2	679ca8568a6fd8577d9b944fbd99d7c54f666601	dense	4	32	metal-worlds	6	5	401	824000	9244a8baea9272a0b60f5f04925672ece281b76cb212ece69f5fbe62c51f980d
B-2	679ca8568a6fd8577d9b944fbd99d7c54f666601	dense	4	32	rayon	7	0	402	472042	9244a8baea9272a0b60f5f04925672ece281b76cb212ece69f5fbe62c51f980d
B-2	679ca8568a6fd8577d9b944fbd99d7c54f666601	dense	4	32	portable-union	7	1	403	224833	9244a8baea9272a0b60f5f04925672ece281b76cb212ece69f5fbe62c51f980d
B-2	679ca8568a6fd8577d9b944fbd99d7c54f666601	dense	4	32	portable-worlds	7	2	404	227542	9244a8baea9272a0b60f5f04925672ece281b76cb212ece69f5fbe62c51f980d
B-2	679ca8568a6fd8577d9b944fbd99d7c54f666601	dense	4	32	metal-union	7	3	405	805500	9244a8baea9272a0b60f5f04925672ece281b76cb212ece69f5fbe62c51f980d
B-2	679ca8568a6fd8577d9b944fbd99d7c54f666601	dense	4	32	metal-worlds	7	4	406	814083	9244a8baea9272a0b60f5f04925672ece281b76cb212ece69f5fbe62c51f980d
B-2	679ca8568a6fd8577d9b944fbd99d7c54f666601	dense	4	32	scalar	7	5	407	1504167	9244a8baea9272a0b60f5f04925672ece281b76cb212ece69f5fbe62c51f980d
B-2	679ca8568a6fd8577d9b944fbd99d7c54f666601	dense	4	32	portable-union	8	0	408	226917	9244a8baea9272a0b60f5f04925672ece281b76cb212ece69f5fbe62c51f980d
B-2	679ca8568a6fd8577d9b944fbd99d7c54f666601	dense	4	32	portable-worlds	8	1	409	253542	9244a8baea9272a0b60f5f04925672ece281b76cb212ece69f5fbe62c51f980d
B-2	679ca8568a6fd8577d9b944fbd99d7c54f666601	dense	4	32	metal-union	8	2	410	1063792	9244a8baea9272a0b60f5f04925672ece281b76cb212ece69f5fbe62c51f980d
B-2	679ca8568a6fd8577d9b944fbd99d7c54f666601	dense	4	32	metal-worlds	8	3	411	834917	9244a8baea9272a0b60f5f04925672ece281b76cb212ece69f5fbe62c51f980d
B-2	679ca8568a6fd8577d9b944fbd99d7c54f666601	dense	4	32	scalar	8	4	412	1553083	9244a8baea9272a0b60f5f04925672ece281b76cb212ece69f5fbe62c51f980d
B-2	679ca8568a6fd8577d9b944fbd99d7c54f666601	dense	4	32	rayon	8	5	413	470792	9244a8baea9272a0b60f5f04925672ece281b76cb212ece69f5fbe62c51f980d
B-2	679ca8568a6fd8577d9b944fbd99d7c54f666601	dense	4	32	portable-worlds	9	0	414	221208	9244a8baea9272a0b60f5f04925672ece281b76cb212ece69f5fbe62c51f980d
B-2	679ca8568a6fd8577d9b944fbd99d7c54f666601	dense	4	32	metal-union	9	1	415	1082042	9244a8baea9272a0b60f5f04925672ece281b76cb212ece69f5fbe62c51f980d
B-2	679ca8568a6fd8577d9b944fbd99d7c54f666601	dense	4	32	metal-worlds	9	2	416	921500	9244a8baea9272a0b60f5f04925672ece281b76cb212ece69f5fbe62c51f980d
B-2	679ca8568a6fd8577d9b944fbd99d7c54f666601	dense	4	32	scalar	9	3	417	1511042	9244a8baea9272a0b60f5f04925672ece281b76cb212ece69f5fbe62c51f980d
B-2	679ca8568a6fd8577d9b944fbd99d7c54f666601	dense	4	32	rayon	9	4	418	466292	9244a8baea9272a0b60f5f04925672ece281b76cb212ece69f5fbe62c51f980d
B-2	679ca8568a6fd8577d9b944fbd99d7c54f666601	dense	4	32	portable-union	9	5	419	223833	9244a8baea9272a0b60f5f04925672ece281b76cb212ece69f5fbe62c51f980d
B-2	679ca8568a6fd8577d9b944fbd99d7c54f666601	dense	4	32	metal-union	10	0	420	1084875	9244a8baea9272a0b60f5f04925672ece281b76cb212ece69f5fbe62c51f980d
B-2	679ca8568a6fd8577d9b944fbd99d7c54f666601	dense	4	32	metal-worlds	10	1	421	810750	9244a8baea9272a0b60f5f04925672ece281b76cb212ece69f5fbe62c51f980d
B-2	679ca8568a6fd8577d9b944fbd99d7c54f666601	dense	4	32	scalar	10	2	422	1535333	9244a8baea9272a0b60f5f04925672ece281b76cb212ece69f5fbe62c51f980d
B-2	679ca8568a6fd8577d9b944fbd99d7c54f666601	dense	4	32	rayon	10	3	423	464334	9244a8baea9272a0b60f5f04925672ece281b76cb212ece69f5fbe62c51f980d
B-2	679ca8568a6fd8577d9b944fbd99d7c54f666601	dense	4	32	portable-union	10	4	424	222958	9244a8baea9272a0b60f5f04925672ece281b76cb212ece69f5fbe62c51f980d
B-2	679ca8568a6fd8577d9b944fbd99d7c54f666601	dense	4	32	portable-worlds	10	5	425	227750	9244a8baea9272a0b60f5f04925672ece281b76cb212ece69f5fbe62c51f980d
B-2	679ca8568a6fd8577d9b944fbd99d7c54f666601	dense	4	32	metal-worlds	11	0	426	1081125	9244a8baea9272a0b60f5f04925672ece281b76cb212ece69f5fbe62c51f980d
B-2	679ca8568a6fd8577d9b944fbd99d7c54f666601	dense	4	32	scalar	11	1	427	1526167	9244a8baea9272a0b60f5f04925672ece281b76cb212ece69f5fbe62c51f980d
B-2	679ca8568a6fd8577d9b944fbd99d7c54f666601	dense	4	32	rayon	11	2	428	464250	9244a8baea9272a0b60f5f04925672ece281b76cb212ece69f5fbe62c51f980d
B-2	679ca8568a6fd8577d9b944fbd99d7c54f666601	dense	4	32	portable-union	11	3	429	215208	9244a8baea9272a0b60f5f04925672ece281b76cb212ece69f5fbe62c51f980d
B-2	679ca8568a6fd8577d9b944fbd99d7c54f666601	dense	4	32	portable-worlds	11	4	430	234333	9244a8baea9272a0b60f5f04925672ece281b76cb212ece69f5fbe62c51f980d
B-2	679ca8568a6fd8577d9b944fbd99d7c54f666601	dense	4	32	metal-union	11	5	431	1086666	9244a8baea9272a0b60f5f04925672ece281b76cb212ece69f5fbe62c51f980d
B-2	679ca8568a6fd8577d9b944fbd99d7c54f666601	dense	8	1	scalar	0	0	432	390167	9244a8baea9272a0b60f5f04925672ece281b76cb212ece69f5fbe62c51f980d
B-2	679ca8568a6fd8577d9b944fbd99d7c54f666601	dense	8	1	rayon	0	1	433	418541	9244a8baea9272a0b60f5f04925672ece281b76cb212ece69f5fbe62c51f980d
B-2	679ca8568a6fd8577d9b944fbd99d7c54f666601	dense	8	1	portable-union	0	2	434	756000	9244a8baea9272a0b60f5f04925672ece281b76cb212ece69f5fbe62c51f980d
B-2	679ca8568a6fd8577d9b944fbd99d7c54f666601	dense	8	1	portable-worlds	0	3	435	796125	9244a8baea9272a0b60f5f04925672ece281b76cb212ece69f5fbe62c51f980d
B-2	679ca8568a6fd8577d9b944fbd99d7c54f666601	dense	8	1	metal-union	0	4	436	2358917	9244a8baea9272a0b60f5f04925672ece281b76cb212ece69f5fbe62c51f980d
B-2	679ca8568a6fd8577d9b944fbd99d7c54f666601	dense	8	1	metal-worlds	0	5	437	2130083	9244a8baea9272a0b60f5f04925672ece281b76cb212ece69f5fbe62c51f980d
B-2	679ca8568a6fd8577d9b944fbd99d7c54f666601	dense	8	1	rayon	1	0	438	416542	9244a8baea9272a0b60f5f04925672ece281b76cb212ece69f5fbe62c51f980d
B-2	679ca8568a6fd8577d9b944fbd99d7c54f666601	dense	8	1	portable-union	1	1	439	730042	9244a8baea9272a0b60f5f04925672ece281b76cb212ece69f5fbe62c51f980d
B-2	679ca8568a6fd8577d9b944fbd99d7c54f666601	dense	8	1	portable-worlds	1	2	440	785625	9244a8baea9272a0b60f5f04925672ece281b76cb212ece69f5fbe62c51f980d
B-2	679ca8568a6fd8577d9b944fbd99d7c54f666601	dense	8	1	metal-union	1	3	441	2364875	9244a8baea9272a0b60f5f04925672ece281b76cb212ece69f5fbe62c51f980d
B-2	679ca8568a6fd8577d9b944fbd99d7c54f666601	dense	8	1	metal-worlds	1	4	442	2108208	9244a8baea9272a0b60f5f04925672ece281b76cb212ece69f5fbe62c51f980d
B-2	679ca8568a6fd8577d9b944fbd99d7c54f666601	dense	8	1	scalar	1	5	443	397458	9244a8baea9272a0b60f5f04925672ece281b76cb212ece69f5fbe62c51f980d
B-2	679ca8568a6fd8577d9b944fbd99d7c54f666601	dense	8	1	portable-union	2	0	444	745792	9244a8baea9272a0b60f5f04925672ece281b76cb212ece69f5fbe62c51f980d
B-2	679ca8568a6fd8577d9b944fbd99d7c54f666601	dense	8	1	portable-worlds	2	1	445	750958	9244a8baea9272a0b60f5f04925672ece281b76cb212ece69f5fbe62c51f980d
B-2	679ca8568a6fd8577d9b944fbd99d7c54f666601	dense	8	1	metal-union	2	2	446	2445042	9244a8baea9272a0b60f5f04925672ece281b76cb212ece69f5fbe62c51f980d
B-2	679ca8568a6fd8577d9b944fbd99d7c54f666601	dense	8	1	metal-worlds	2	3	447	2119916	9244a8baea9272a0b60f5f04925672ece281b76cb212ece69f5fbe62c51f980d
B-2	679ca8568a6fd8577d9b944fbd99d7c54f666601	dense	8	1	scalar	2	4	448	399458	9244a8baea9272a0b60f5f04925672ece281b76cb212ece69f5fbe62c51f980d
B-2	679ca8568a6fd8577d9b944fbd99d7c54f666601	dense	8	1	rayon	2	5	449	434666	9244a8baea9272a0b60f5f04925672ece281b76cb212ece69f5fbe62c51f980d
B-2	679ca8568a6fd8577d9b944fbd99d7c54f666601	dense	8	1	portable-worlds	3	0	450	764375	9244a8baea9272a0b60f5f04925672ece281b76cb212ece69f5fbe62c51f980d
B-2	679ca8568a6fd8577d9b944fbd99d7c54f666601	dense	8	1	metal-union	3	1	451	2395042	9244a8baea9272a0b60f5f04925672ece281b76cb212ece69f5fbe62c51f980d
B-2	679ca8568a6fd8577d9b944fbd99d7c54f666601	dense	8	1	metal-worlds	3	2	452	2156750	9244a8baea9272a0b60f5f04925672ece281b76cb212ece69f5fbe62c51f980d
B-2	679ca8568a6fd8577d9b944fbd99d7c54f666601	dense	8	1	scalar	3	3	453	395292	9244a8baea9272a0b60f5f04925672ece281b76cb212ece69f5fbe62c51f980d
B-2	679ca8568a6fd8577d9b944fbd99d7c54f666601	dense	8	1	rayon	3	4	454	412250	9244a8baea9272a0b60f5f04925672ece281b76cb212ece69f5fbe62c51f980d
B-2	679ca8568a6fd8577d9b944fbd99d7c54f666601	dense	8	1	portable-union	3	5	455	714917	9244a8baea9272a0b60f5f04925672ece281b76cb212ece69f5fbe62c51f980d
B-2	679ca8568a6fd8577d9b944fbd99d7c54f666601	dense	8	1	metal-union	4	0	456	2330500	9244a8baea9272a0b60f5f04925672ece281b76cb212ece69f5fbe62c51f980d
B-2	679ca8568a6fd8577d9b944fbd99d7c54f666601	dense	8	1	metal-worlds	4	1	457	2085458	9244a8baea9272a0b60f5f04925672ece281b76cb212ece69f5fbe62c51f980d
B-2	679ca8568a6fd8577d9b944fbd99d7c54f666601	dense	8	1	scalar	4	2	458	392416	9244a8baea9272a0b60f5f04925672ece281b76cb212ece69f5fbe62c51f980d
B-2	679ca8568a6fd8577d9b944fbd99d7c54f666601	dense	8	1	rayon	4	3	459	407292	9244a8baea9272a0b60f5f04925672ece281b76cb212ece69f5fbe62c51f980d
B-2	679ca8568a6fd8577d9b944fbd99d7c54f666601	dense	8	1	portable-union	4	4	460	780125	9244a8baea9272a0b60f5f04925672ece281b76cb212ece69f5fbe62c51f980d
B-2	679ca8568a6fd8577d9b944fbd99d7c54f666601	dense	8	1	portable-worlds	4	5	461	761250	9244a8baea9272a0b60f5f04925672ece281b76cb212ece69f5fbe62c51f980d
B-2	679ca8568a6fd8577d9b944fbd99d7c54f666601	dense	8	1	metal-worlds	5	0	462	2355291	9244a8baea9272a0b60f5f04925672ece281b76cb212ece69f5fbe62c51f980d
B-2	679ca8568a6fd8577d9b944fbd99d7c54f666601	dense	8	1	scalar	5	1	463	391917	9244a8baea9272a0b60f5f04925672ece281b76cb212ece69f5fbe62c51f980d
B-2	679ca8568a6fd8577d9b944fbd99d7c54f666601	dense	8	1	rayon	5	2	464	443000	9244a8baea9272a0b60f5f04925672ece281b76cb212ece69f5fbe62c51f980d
B-2	679ca8568a6fd8577d9b944fbd99d7c54f666601	dense	8	1	portable-union	5	3	465	773125	9244a8baea9272a0b60f5f04925672ece281b76cb212ece69f5fbe62c51f980d
B-2	679ca8568a6fd8577d9b944fbd99d7c54f666601	dense	8	1	portable-worlds	5	4	466	802542	9244a8baea9272a0b60f5f04925672ece281b76cb212ece69f5fbe62c51f980d
B-2	679ca8568a6fd8577d9b944fbd99d7c54f666601	dense	8	1	metal-union	5	5	467	2429709	9244a8baea9272a0b60f5f04925672ece281b76cb212ece69f5fbe62c51f980d
B-2	679ca8568a6fd8577d9b944fbd99d7c54f666601	dense	8	1	scalar	6	0	468	391667	9244a8baea9272a0b60f5f04925672ece281b76cb212ece69f5fbe62c51f980d
B-2	679ca8568a6fd8577d9b944fbd99d7c54f666601	dense	8	1	rayon	6	1	469	431333	9244a8baea9272a0b60f5f04925672ece281b76cb212ece69f5fbe62c51f980d
B-2	679ca8568a6fd8577d9b944fbd99d7c54f666601	dense	8	1	portable-union	6	2	470	772959	9244a8baea9272a0b60f5f04925672ece281b76cb212ece69f5fbe62c51f980d
B-2	679ca8568a6fd8577d9b944fbd99d7c54f666601	dense	8	1	portable-worlds	6	3	471	784958	9244a8baea9272a0b60f5f04925672ece281b76cb212ece69f5fbe62c51f980d
B-2	679ca8568a6fd8577d9b944fbd99d7c54f666601	dense	8	1	metal-union	6	4	472	2391708	9244a8baea9272a0b60f5f04925672ece281b76cb212ece69f5fbe62c51f980d
B-2	679ca8568a6fd8577d9b944fbd99d7c54f666601	dense	8	1	metal-worlds	6	5	473	2117042	9244a8baea9272a0b60f5f04925672ece281b76cb212ece69f5fbe62c51f980d
B-2	679ca8568a6fd8577d9b944fbd99d7c54f666601	dense	8	1	rayon	7	0	474	413125	9244a8baea9272a0b60f5f04925672ece281b76cb212ece69f5fbe62c51f980d
B-2	679ca8568a6fd8577d9b944fbd99d7c54f666601	dense	8	1	portable-union	7	1	475	725334	9244a8baea9272a0b60f5f04925672ece281b76cb212ece69f5fbe62c51f980d
B-2	679ca8568a6fd8577d9b944fbd99d7c54f666601	dense	8	1	portable-worlds	7	2	476	750875	9244a8baea9272a0b60f5f04925672ece281b76cb212ece69f5fbe62c51f980d
B-2	679ca8568a6fd8577d9b944fbd99d7c54f666601	dense	8	1	metal-union	7	3	477	2300709	9244a8baea9272a0b60f5f04925672ece281b76cb212ece69f5fbe62c51f980d
B-2	679ca8568a6fd8577d9b944fbd99d7c54f666601	dense	8	1	metal-worlds	7	4	478	2112291	9244a8baea9272a0b60f5f04925672ece281b76cb212ece69f5fbe62c51f980d
B-2	679ca8568a6fd8577d9b944fbd99d7c54f666601	dense	8	1	scalar	7	5	479	421542	9244a8baea9272a0b60f5f04925672ece281b76cb212ece69f5fbe62c51f980d
B-2	679ca8568a6fd8577d9b944fbd99d7c54f666601	dense	8	1	portable-union	8	0	480	719458	9244a8baea9272a0b60f5f04925672ece281b76cb212ece69f5fbe62c51f980d
B-2	679ca8568a6fd8577d9b944fbd99d7c54f666601	dense	8	1	portable-worlds	8	1	481	733209	9244a8baea9272a0b60f5f04925672ece281b76cb212ece69f5fbe62c51f980d
B-2	679ca8568a6fd8577d9b944fbd99d7c54f666601	dense	8	1	metal-union	8	2	482	2353625	9244a8baea9272a0b60f5f04925672ece281b76cb212ece69f5fbe62c51f980d
B-2	679ca8568a6fd8577d9b944fbd99d7c54f666601	dense	8	1	metal-worlds	8	3	483	2122625	9244a8baea9272a0b60f5f04925672ece281b76cb212ece69f5fbe62c51f980d
B-2	679ca8568a6fd8577d9b944fbd99d7c54f666601	dense	8	1	scalar	8	4	484	395208	9244a8baea9272a0b60f5f04925672ece281b76cb212ece69f5fbe62c51f980d
B-2	679ca8568a6fd8577d9b944fbd99d7c54f666601	dense	8	1	rayon	8	5	485	410125	9244a8baea9272a0b60f5f04925672ece281b76cb212ece69f5fbe62c51f980d
B-2	679ca8568a6fd8577d9b944fbd99d7c54f666601	dense	8	1	portable-worlds	9	0	486	760042	9244a8baea9272a0b60f5f04925672ece281b76cb212ece69f5fbe62c51f980d
B-2	679ca8568a6fd8577d9b944fbd99d7c54f666601	dense	8	1	metal-union	9	1	487	2364292	9244a8baea9272a0b60f5f04925672ece281b76cb212ece69f5fbe62c51f980d
B-2	679ca8568a6fd8577d9b944fbd99d7c54f666601	dense	8	1	metal-worlds	9	2	488	2122833	9244a8baea9272a0b60f5f04925672ece281b76cb212ece69f5fbe62c51f980d
B-2	679ca8568a6fd8577d9b944fbd99d7c54f666601	dense	8	1	scalar	9	3	489	389375	9244a8baea9272a0b60f5f04925672ece281b76cb212ece69f5fbe62c51f980d
B-2	679ca8568a6fd8577d9b944fbd99d7c54f666601	dense	8	1	rayon	9	4	490	404375	9244a8baea9272a0b60f5f04925672ece281b76cb212ece69f5fbe62c51f980d
B-2	679ca8568a6fd8577d9b944fbd99d7c54f666601	dense	8	1	portable-union	9	5	491	712959	9244a8baea9272a0b60f5f04925672ece281b76cb212ece69f5fbe62c51f980d
B-2	679ca8568a6fd8577d9b944fbd99d7c54f666601	dense	8	1	metal-union	10	0	492	2343833	9244a8baea9272a0b60f5f04925672ece281b76cb212ece69f5fbe62c51f980d
B-2	679ca8568a6fd8577d9b944fbd99d7c54f666601	dense	8	1	metal-worlds	10	1	493	2070292	9244a8baea9272a0b60f5f04925672ece281b76cb212ece69f5fbe62c51f980d
B-2	679ca8568a6fd8577d9b944fbd99d7c54f666601	dense	8	1	scalar	10	2	494	393667	9244a8baea9272a0b60f5f04925672ece281b76cb212ece69f5fbe62c51f980d
B-2	679ca8568a6fd8577d9b944fbd99d7c54f666601	dense	8	1	rayon	10	3	495	408875	9244a8baea9272a0b60f5f04925672ece281b76cb212ece69f5fbe62c51f980d
B-2	679ca8568a6fd8577d9b944fbd99d7c54f666601	dense	8	1	portable-union	10	4	496	741583	9244a8baea9272a0b60f5f04925672ece281b76cb212ece69f5fbe62c51f980d
B-2	679ca8568a6fd8577d9b944fbd99d7c54f666601	dense	8	1	portable-worlds	10	5	497	773167	9244a8baea9272a0b60f5f04925672ece281b76cb212ece69f5fbe62c51f980d
B-2	679ca8568a6fd8577d9b944fbd99d7c54f666601	dense	8	1	metal-worlds	11	0	498	2380417	9244a8baea9272a0b60f5f04925672ece281b76cb212ece69f5fbe62c51f980d
B-2	679ca8568a6fd8577d9b944fbd99d7c54f666601	dense	8	1	scalar	11	1	499	389250	9244a8baea9272a0b60f5f04925672ece281b76cb212ece69f5fbe62c51f980d
B-2	679ca8568a6fd8577d9b944fbd99d7c54f666601	dense	8	1	rayon	11	2	500	407792	9244a8baea9272a0b60f5f04925672ece281b76cb212ece69f5fbe62c51f980d
B-2	679ca8568a6fd8577d9b944fbd99d7c54f666601	dense	8	1	portable-union	11	3	501	756417	9244a8baea9272a0b60f5f04925672ece281b76cb212ece69f5fbe62c51f980d
B-2	679ca8568a6fd8577d9b944fbd99d7c54f666601	dense	8	1	portable-worlds	11	4	502	777875	9244a8baea9272a0b60f5f04925672ece281b76cb212ece69f5fbe62c51f980d
B-2	679ca8568a6fd8577d9b944fbd99d7c54f666601	dense	8	1	metal-union	11	5	503	2430750	9244a8baea9272a0b60f5f04925672ece281b76cb212ece69f5fbe62c51f980d
B-2	679ca8568a6fd8577d9b944fbd99d7c54f666601	dense	8	32	scalar	0	0	504	13579709	9244a8baea9272a0b60f5f04925672ece281b76cb212ece69f5fbe62c51f980d
B-2	679ca8568a6fd8577d9b944fbd99d7c54f666601	dense	8	32	rayon	0	1	505	3751875	9244a8baea9272a0b60f5f04925672ece281b76cb212ece69f5fbe62c51f980d
B-2	679ca8568a6fd8577d9b944fbd99d7c54f666601	dense	8	32	portable-union	0	2	506	2011208	9244a8baea9272a0b60f5f04925672ece281b76cb212ece69f5fbe62c51f980d
B-2	679ca8568a6fd8577d9b944fbd99d7c54f666601	dense	8	32	portable-worlds	0	3	507	2062542	9244a8baea9272a0b60f5f04925672ece281b76cb212ece69f5fbe62c51f980d
B-2	679ca8568a6fd8577d9b944fbd99d7c54f666601	dense	8	32	metal-union	0	4	508	5034042	9244a8baea9272a0b60f5f04925672ece281b76cb212ece69f5fbe62c51f980d
B-2	679ca8568a6fd8577d9b944fbd99d7c54f666601	dense	8	32	metal-worlds	0	5	509	4480458	9244a8baea9272a0b60f5f04925672ece281b76cb212ece69f5fbe62c51f980d
B-2	679ca8568a6fd8577d9b944fbd99d7c54f666601	dense	8	32	rayon	1	0	510	3787333	9244a8baea9272a0b60f5f04925672ece281b76cb212ece69f5fbe62c51f980d
B-2	679ca8568a6fd8577d9b944fbd99d7c54f666601	dense	8	32	portable-union	1	1	511	1893041	9244a8baea9272a0b60f5f04925672ece281b76cb212ece69f5fbe62c51f980d
B-2	679ca8568a6fd8577d9b944fbd99d7c54f666601	dense	8	32	portable-worlds	1	2	512	1987084	9244a8baea9272a0b60f5f04925672ece281b76cb212ece69f5fbe62c51f980d
B-2	679ca8568a6fd8577d9b944fbd99d7c54f666601	dense	8	32	metal-union	1	3	513	3575833	9244a8baea9272a0b60f5f04925672ece281b76cb212ece69f5fbe62c51f980d
B-2	679ca8568a6fd8577d9b944fbd99d7c54f666601	dense	8	32	metal-worlds	1	4	514	3526042	9244a8baea9272a0b60f5f04925672ece281b76cb212ece69f5fbe62c51f980d
B-2	679ca8568a6fd8577d9b944fbd99d7c54f666601	dense	8	32	scalar	1	5	515	13763125	9244a8baea9272a0b60f5f04925672ece281b76cb212ece69f5fbe62c51f980d
B-2	679ca8568a6fd8577d9b944fbd99d7c54f666601	dense	8	32	portable-union	2	0	516	1983500	9244a8baea9272a0b60f5f04925672ece281b76cb212ece69f5fbe62c51f980d
B-2	679ca8568a6fd8577d9b944fbd99d7c54f666601	dense	8	32	portable-worlds	2	1	517	2032625	9244a8baea9272a0b60f5f04925672ece281b76cb212ece69f5fbe62c51f980d
B-2	679ca8568a6fd8577d9b944fbd99d7c54f666601	dense	8	32	metal-union	2	2	518	3489958	9244a8baea9272a0b60f5f04925672ece281b76cb212ece69f5fbe62c51f980d
B-2	679ca8568a6fd8577d9b944fbd99d7c54f666601	dense	8	32	metal-worlds	2	3	519	3288208	9244a8baea9272a0b60f5f04925672ece281b76cb212ece69f5fbe62c51f980d
B-2	679ca8568a6fd8577d9b944fbd99d7c54f666601	dense	8	32	scalar	2	4	520	13771042	9244a8baea9272a0b60f5f04925672ece281b76cb212ece69f5fbe62c51f980d
B-2	679ca8568a6fd8577d9b944fbd99d7c54f666601	dense	8	32	rayon	2	5	521	3765459	9244a8baea9272a0b60f5f04925672ece281b76cb212ece69f5fbe62c51f980d
B-2	679ca8568a6fd8577d9b944fbd99d7c54f666601	dense	8	32	portable-worlds	3	0	522	2008084	9244a8baea9272a0b60f5f04925672ece281b76cb212ece69f5fbe62c51f980d
B-2	679ca8568a6fd8577d9b944fbd99d7c54f666601	dense	8	32	metal-union	3	1	523	3528583	9244a8baea9272a0b60f5f04925672ece281b76cb212ece69f5fbe62c51f980d
B-2	679ca8568a6fd8577d9b944fbd99d7c54f666601	dense	8	32	metal-worlds	3	2	524	3431542	9244a8baea9272a0b60f5f04925672ece281b76cb212ece69f5fbe62c51f980d
B-2	679ca8568a6fd8577d9b944fbd99d7c54f666601	dense	8	32	scalar	3	3	525	13441375	9244a8baea9272a0b60f5f04925672ece281b76cb212ece69f5fbe62c51f980d
B-2	679ca8568a6fd8577d9b944fbd99d7c54f666601	dense	8	32	rayon	3	4	526	3741166	9244a8baea9272a0b60f5f04925672ece281b76cb212ece69f5fbe62c51f980d
B-2	679ca8568a6fd8577d9b944fbd99d7c54f666601	dense	8	32	portable-union	3	5	527	1874834	9244a8baea9272a0b60f5f04925672ece281b76cb212ece69f5fbe62c51f980d
B-2	679ca8568a6fd8577d9b944fbd99d7c54f666601	dense	8	32	metal-union	4	0	528	4234041	9244a8baea9272a0b60f5f04925672ece281b76cb212ece69f5fbe62c51f980d
B-2	679ca8568a6fd8577d9b944fbd99d7c54f666601	dense	8	32	metal-worlds	4	1	529	4262209	9244a8baea9272a0b60f5f04925672ece281b76cb212ece69f5fbe62c51f980d
B-2	679ca8568a6fd8577d9b944fbd99d7c54f666601	dense	8	32	scalar	4	2	530	13519292	9244a8baea9272a0b60f5f04925672ece281b76cb212ece69f5fbe62c51f980d
B-2	679ca8568a6fd8577d9b944fbd99d7c54f666601	dense	8	32	rayon	4	3	531	3759042	9244a8baea9272a0b60f5f04925672ece281b76cb212ece69f5fbe62c51f980d
B-2	679ca8568a6fd8577d9b944fbd99d7c54f666601	dense	8	32	portable-union	4	4	532	1857250	9244a8baea9272a0b60f5f04925672ece281b76cb212ece69f5fbe62c51f980d
B-2	679ca8568a6fd8577d9b944fbd99d7c54f666601	dense	8	32	portable-worlds	4	5	533	1996250	9244a8baea9272a0b60f5f04925672ece281b76cb212ece69f5fbe62c51f980d
B-2	679ca8568a6fd8577d9b944fbd99d7c54f666601	dense	8	32	metal-worlds	5	0	534	3589625	9244a8baea9272a0b60f5f04925672ece281b76cb212ece69f5fbe62c51f980d
B-2	679ca8568a6fd8577d9b944fbd99d7c54f666601	dense	8	32	scalar	5	1	535	13635625	9244a8baea9272a0b60f5f04925672ece281b76cb212ece69f5fbe62c51f980d
B-2	679ca8568a6fd8577d9b944fbd99d7c54f666601	dense	8	32	rayon	5	2	536	3748708	9244a8baea9272a0b60f5f04925672ece281b76cb212ece69f5fbe62c51f980d
B-2	679ca8568a6fd8577d9b944fbd99d7c54f666601	dense	8	32	portable-union	5	3	537	1926209	9244a8baea9272a0b60f5f04925672ece281b76cb212ece69f5fbe62c51f980d
B-2	679ca8568a6fd8577d9b944fbd99d7c54f666601	dense	8	32	portable-worlds	5	4	538	2012500	9244a8baea9272a0b60f5f04925672ece281b76cb212ece69f5fbe62c51f980d
B-2	679ca8568a6fd8577d9b944fbd99d7c54f666601	dense	8	32	metal-union	5	5	539	4266042	9244a8baea9272a0b60f5f04925672ece281b76cb212ece69f5fbe62c51f980d
B-2	679ca8568a6fd8577d9b944fbd99d7c54f666601	dense	8	32	scalar	6	0	540	13510375	9244a8baea9272a0b60f5f04925672ece281b76cb212ece69f5fbe62c51f980d
B-2	679ca8568a6fd8577d9b944fbd99d7c54f666601	dense	8	32	rayon	6	1	541	3771292	9244a8baea9272a0b60f5f04925672ece281b76cb212ece69f5fbe62c51f980d
B-2	679ca8568a6fd8577d9b944fbd99d7c54f666601	dense	8	32	portable-union	6	2	542	1924916	9244a8baea9272a0b60f5f04925672ece281b76cb212ece69f5fbe62c51f980d
B-2	679ca8568a6fd8577d9b944fbd99d7c54f666601	dense	8	32	portable-worlds	6	3	543	1999541	9244a8baea9272a0b60f5f04925672ece281b76cb212ece69f5fbe62c51f980d
B-2	679ca8568a6fd8577d9b944fbd99d7c54f666601	dense	8	32	metal-union	6	4	544	4924375	9244a8baea9272a0b60f5f04925672ece281b76cb212ece69f5fbe62c51f980d
B-2	679ca8568a6fd8577d9b944fbd99d7c54f666601	dense	8	32	metal-worlds	6	5	545	4685875	9244a8baea9272a0b60f5f04925672ece281b76cb212ece69f5fbe62c51f980d
B-2	679ca8568a6fd8577d9b944fbd99d7c54f666601	dense	8	32	rayon	7	0	546	3753834	9244a8baea9272a0b60f5f04925672ece281b76cb212ece69f5fbe62c51f980d
B-2	679ca8568a6fd8577d9b944fbd99d7c54f666601	dense	8	32	portable-union	7	1	547	1871167	9244a8baea9272a0b60f5f04925672ece281b76cb212ece69f5fbe62c51f980d
B-2	679ca8568a6fd8577d9b944fbd99d7c54f666601	dense	8	32	portable-worlds	7	2	548	1996334	9244a8baea9272a0b60f5f04925672ece281b76cb212ece69f5fbe62c51f980d
B-2	679ca8568a6fd8577d9b944fbd99d7c54f666601	dense	8	32	metal-union	7	3	549	4725416	9244a8baea9272a0b60f5f04925672ece281b76cb212ece69f5fbe62c51f980d
B-2	679ca8568a6fd8577d9b944fbd99d7c54f666601	dense	8	32	metal-worlds	7	4	550	3134167	9244a8baea9272a0b60f5f04925672ece281b76cb212ece69f5fbe62c51f980d
B-2	679ca8568a6fd8577d9b944fbd99d7c54f666601	dense	8	32	scalar	7	5	551	13462000	9244a8baea9272a0b60f5f04925672ece281b76cb212ece69f5fbe62c51f980d
B-2	679ca8568a6fd8577d9b944fbd99d7c54f666601	dense	8	32	portable-union	8	0	552	1993750	9244a8baea9272a0b60f5f04925672ece281b76cb212ece69f5fbe62c51f980d
B-2	679ca8568a6fd8577d9b944fbd99d7c54f666601	dense	8	32	portable-worlds	8	1	553	2026417	9244a8baea9272a0b60f5f04925672ece281b76cb212ece69f5fbe62c51f980d
B-2	679ca8568a6fd8577d9b944fbd99d7c54f666601	dense	8	32	metal-union	8	2	554	4195791	9244a8baea9272a0b60f5f04925672ece281b76cb212ece69f5fbe62c51f980d
B-2	679ca8568a6fd8577d9b944fbd99d7c54f666601	dense	8	32	metal-worlds	8	3	555	3223958	9244a8baea9272a0b60f5f04925672ece281b76cb212ece69f5fbe62c51f980d
B-2	679ca8568a6fd8577d9b944fbd99d7c54f666601	dense	8	32	scalar	8	4	556	13591208	9244a8baea9272a0b60f5f04925672ece281b76cb212ece69f5fbe62c51f980d
B-2	679ca8568a6fd8577d9b944fbd99d7c54f666601	dense	8	32	rayon	8	5	557	3751500	9244a8baea9272a0b60f5f04925672ece281b76cb212ece69f5fbe62c51f980d
B-2	679ca8568a6fd8577d9b944fbd99d7c54f666601	dense	8	32	portable-worlds	9	0	558	1954625	9244a8baea9272a0b60f5f04925672ece281b76cb212ece69f5fbe62c51f980d
B-2	679ca8568a6fd8577d9b944fbd99d7c54f666601	dense	8	32	metal-union	9	1	559	3486625	9244a8baea9272a0b60f5f04925672ece281b76cb212ece69f5fbe62c51f980d
B-2	679ca8568a6fd8577d9b944fbd99d7c54f666601	dense	8	32	metal-worlds	9	2	560	4157292	9244a8baea9272a0b60f5f04925672ece281b76cb212ece69f5fbe62c51f980d
B-2	679ca8568a6fd8577d9b944fbd99d7c54f666601	dense	8	32	scalar	9	3	561	13545084	9244a8baea9272a0b60f5f04925672ece281b76cb212ece69f5fbe62c51f980d
B-2	679ca8568a6fd8577d9b944fbd99d7c54f666601	dense	8	32	rayon	9	4	562	3769250	9244a8baea9272a0b60f5f04925672ece281b76cb212ece69f5fbe62c51f980d
B-2	679ca8568a6fd8577d9b944fbd99d7c54f666601	dense	8	32	portable-union	9	5	563	1988208	9244a8baea9272a0b60f5f04925672ece281b76cb212ece69f5fbe62c51f980d
B-2	679ca8568a6fd8577d9b944fbd99d7c54f666601	dense	8	32	metal-union	10	0	564	3433958	9244a8baea9272a0b60f5f04925672ece281b76cb212ece69f5fbe62c51f980d
B-2	679ca8568a6fd8577d9b944fbd99d7c54f666601	dense	8	32	metal-worlds	10	1	565	3867834	9244a8baea9272a0b60f5f04925672ece281b76cb212ece69f5fbe62c51f980d
B-2	679ca8568a6fd8577d9b944fbd99d7c54f666601	dense	8	32	scalar	10	2	566	13501958	9244a8baea9272a0b60f5f04925672ece281b76cb212ece69f5fbe62c51f980d
B-2	679ca8568a6fd8577d9b944fbd99d7c54f666601	dense	8	32	rayon	10	3	567	3752458	9244a8baea9272a0b60f5f04925672ece281b76cb212ece69f5fbe62c51f980d
B-2	679ca8568a6fd8577d9b944fbd99d7c54f666601	dense	8	32	portable-union	10	4	568	1911958	9244a8baea9272a0b60f5f04925672ece281b76cb212ece69f5fbe62c51f980d
B-2	679ca8568a6fd8577d9b944fbd99d7c54f666601	dense	8	32	portable-worlds	10	5	569	1996083	9244a8baea9272a0b60f5f04925672ece281b76cb212ece69f5fbe62c51f980d
B-2	679ca8568a6fd8577d9b944fbd99d7c54f666601	dense	8	32	metal-worlds	11	0	570	3794166	9244a8baea9272a0b60f5f04925672ece281b76cb212ece69f5fbe62c51f980d
B-2	679ca8568a6fd8577d9b944fbd99d7c54f666601	dense	8	32	scalar	11	1	571	13602875	9244a8baea9272a0b60f5f04925672ece281b76cb212ece69f5fbe62c51f980d
B-2	679ca8568a6fd8577d9b944fbd99d7c54f666601	dense	8	32	rayon	11	2	572	3755500	9244a8baea9272a0b60f5f04925672ece281b76cb212ece69f5fbe62c51f980d
B-2	679ca8568a6fd8577d9b944fbd99d7c54f666601	dense	8	32	portable-union	11	3	573	2011000	9244a8baea9272a0b60f5f04925672ece281b76cb212ece69f5fbe62c51f980d
B-2	679ca8568a6fd8577d9b944fbd99d7c54f666601	dense	8	32	portable-worlds	11	4	574	2031917	9244a8baea9272a0b60f5f04925672ece281b76cb212ece69f5fbe62c51f980d
B-2	679ca8568a6fd8577d9b944fbd99d7c54f666601	dense	8	32	metal-union	11	5	575	4094041	9244a8baea9272a0b60f5f04925672ece281b76cb212ece69f5fbe62c51f980d
A-2	f56a5a2496f519d7b71b7c4c8fdc166c355874ff	sparse	4	1	scalar	0	0	0	5458	1f919ff82fa1f5d36ee7fb452183f64bf4af9af081cd7becbbc70ee7b62edbba
A-2	f56a5a2496f519d7b71b7c4c8fdc166c355874ff	sparse	4	1	rayon	0	1	1	13167	1f919ff82fa1f5d36ee7fb452183f64bf4af9af081cd7becbbc70ee7b62edbba
A-2	f56a5a2496f519d7b71b7c4c8fdc166c355874ff	sparse	4	1	portable-union	0	2	2	28291	1f919ff82fa1f5d36ee7fb452183f64bf4af9af081cd7becbbc70ee7b62edbba
A-2	f56a5a2496f519d7b71b7c4c8fdc166c355874ff	sparse	4	1	portable-worlds	0	3	3	22750	1f919ff82fa1f5d36ee7fb452183f64bf4af9af081cd7becbbc70ee7b62edbba
A-2	f56a5a2496f519d7b71b7c4c8fdc166c355874ff	sparse	4	1	metal-union	0	4	4	646209	1f919ff82fa1f5d36ee7fb452183f64bf4af9af081cd7becbbc70ee7b62edbba
A-2	f56a5a2496f519d7b71b7c4c8fdc166c355874ff	sparse	4	1	metal-worlds	0	5	5	632167	1f919ff82fa1f5d36ee7fb452183f64bf4af9af081cd7becbbc70ee7b62edbba
A-2	f56a5a2496f519d7b71b7c4c8fdc166c355874ff	sparse	4	1	rayon	1	0	6	18209	1f919ff82fa1f5d36ee7fb452183f64bf4af9af081cd7becbbc70ee7b62edbba
A-2	f56a5a2496f519d7b71b7c4c8fdc166c355874ff	sparse	4	1	portable-union	1	1	7	27542	1f919ff82fa1f5d36ee7fb452183f64bf4af9af081cd7becbbc70ee7b62edbba
A-2	f56a5a2496f519d7b71b7c4c8fdc166c355874ff	sparse	4	1	portable-worlds	1	2	8	21458	1f919ff82fa1f5d36ee7fb452183f64bf4af9af081cd7becbbc70ee7b62edbba
A-2	f56a5a2496f519d7b71b7c4c8fdc166c355874ff	sparse	4	1	metal-union	1	3	9	643709	1f919ff82fa1f5d36ee7fb452183f64bf4af9af081cd7becbbc70ee7b62edbba
A-2	f56a5a2496f519d7b71b7c4c8fdc166c355874ff	sparse	4	1	metal-worlds	1	4	10	627042	1f919ff82fa1f5d36ee7fb452183f64bf4af9af081cd7becbbc70ee7b62edbba
A-2	f56a5a2496f519d7b71b7c4c8fdc166c355874ff	sparse	4	1	scalar	1	5	11	8834	1f919ff82fa1f5d36ee7fb452183f64bf4af9af081cd7becbbc70ee7b62edbba
A-2	f56a5a2496f519d7b71b7c4c8fdc166c355874ff	sparse	4	1	portable-union	2	0	12	18125	1f919ff82fa1f5d36ee7fb452183f64bf4af9af081cd7becbbc70ee7b62edbba
A-2	f56a5a2496f519d7b71b7c4c8fdc166c355874ff	sparse	4	1	portable-worlds	2	1	13	16958	1f919ff82fa1f5d36ee7fb452183f64bf4af9af081cd7becbbc70ee7b62edbba
A-2	f56a5a2496f519d7b71b7c4c8fdc166c355874ff	sparse	4	1	metal-union	2	2	14	621459	1f919ff82fa1f5d36ee7fb452183f64bf4af9af081cd7becbbc70ee7b62edbba
A-2	f56a5a2496f519d7b71b7c4c8fdc166c355874ff	sparse	4	1	metal-worlds	2	3	15	630333	1f919ff82fa1f5d36ee7fb452183f64bf4af9af081cd7becbbc70ee7b62edbba
A-2	f56a5a2496f519d7b71b7c4c8fdc166c355874ff	sparse	4	1	scalar	2	4	16	9250	1f919ff82fa1f5d36ee7fb452183f64bf4af9af081cd7becbbc70ee7b62edbba
A-2	f56a5a2496f519d7b71b7c4c8fdc166c355874ff	sparse	4	1	rayon	2	5	17	13917	1f919ff82fa1f5d36ee7fb452183f64bf4af9af081cd7becbbc70ee7b62edbba
A-2	f56a5a2496f519d7b71b7c4c8fdc166c355874ff	sparse	4	1	portable-worlds	3	0	18	33791	1f919ff82fa1f5d36ee7fb452183f64bf4af9af081cd7becbbc70ee7b62edbba
A-2	f56a5a2496f519d7b71b7c4c8fdc166c355874ff	sparse	4	1	metal-union	3	1	19	643792	1f919ff82fa1f5d36ee7fb452183f64bf4af9af081cd7becbbc70ee7b62edbba
A-2	f56a5a2496f519d7b71b7c4c8fdc166c355874ff	sparse	4	1	metal-worlds	3	2	20	638291	1f919ff82fa1f5d36ee7fb452183f64bf4af9af081cd7becbbc70ee7b62edbba
A-2	f56a5a2496f519d7b71b7c4c8fdc166c355874ff	sparse	4	1	scalar	3	3	21	7459	1f919ff82fa1f5d36ee7fb452183f64bf4af9af081cd7becbbc70ee7b62edbba
A-2	f56a5a2496f519d7b71b7c4c8fdc166c355874ff	sparse	4	1	rayon	3	4	22	13000	1f919ff82fa1f5d36ee7fb452183f64bf4af9af081cd7becbbc70ee7b62edbba
A-2	f56a5a2496f519d7b71b7c4c8fdc166c355874ff	sparse	4	1	portable-union	3	5	23	28666	1f919ff82fa1f5d36ee7fb452183f64bf4af9af081cd7becbbc70ee7b62edbba
A-2	f56a5a2496f519d7b71b7c4c8fdc166c355874ff	sparse	4	1	metal-union	4	0	24	624583	1f919ff82fa1f5d36ee7fb452183f64bf4af9af081cd7becbbc70ee7b62edbba
A-2	f56a5a2496f519d7b71b7c4c8fdc166c355874ff	sparse	4	1	metal-worlds	4	1	25	625000	1f919ff82fa1f5d36ee7fb452183f64bf4af9af081cd7becbbc70ee7b62edbba
A-2	f56a5a2496f519d7b71b7c4c8fdc166c355874ff	sparse	4	1	scalar	4	2	26	7125	1f919ff82fa1f5d36ee7fb452183f64bf4af9af081cd7becbbc70ee7b62edbba
A-2	f56a5a2496f519d7b71b7c4c8fdc166c355874ff	sparse	4	1	rayon	4	3	27	12500	1f919ff82fa1f5d36ee7fb452183f64bf4af9af081cd7becbbc70ee7b62edbba
A-2	f56a5a2496f519d7b71b7c4c8fdc166c355874ff	sparse	4	1	portable-union	4	4	28	26417	1f919ff82fa1f5d36ee7fb452183f64bf4af9af081cd7becbbc70ee7b62edbba
A-2	f56a5a2496f519d7b71b7c4c8fdc166c355874ff	sparse	4	1	portable-worlds	4	5	29	20625	1f919ff82fa1f5d36ee7fb452183f64bf4af9af081cd7becbbc70ee7b62edbba
A-2	f56a5a2496f519d7b71b7c4c8fdc166c355874ff	sparse	4	1	metal-worlds	5	0	30	622250	1f919ff82fa1f5d36ee7fb452183f64bf4af9af081cd7becbbc70ee7b62edbba
A-2	f56a5a2496f519d7b71b7c4c8fdc166c355874ff	sparse	4	1	scalar	5	1	31	6791	1f919ff82fa1f5d36ee7fb452183f64bf4af9af081cd7becbbc70ee7b62edbba
A-2	f56a5a2496f519d7b71b7c4c8fdc166c355874ff	sparse	4	1	rayon	5	2	32	12791	1f919ff82fa1f5d36ee7fb452183f64bf4af9af081cd7becbbc70ee7b62edbba
A-2	f56a5a2496f519d7b71b7c4c8fdc166c355874ff	sparse	4	1	portable-union	5	3	33	26167	1f919ff82fa1f5d36ee7fb452183f64bf4af9af081cd7becbbc70ee7b62edbba
A-2	f56a5a2496f519d7b71b7c4c8fdc166c355874ff	sparse	4	1	portable-worlds	5	4	34	23084	1f919ff82fa1f5d36ee7fb452183f64bf4af9af081cd7becbbc70ee7b62edbba
A-2	f56a5a2496f519d7b71b7c4c8fdc166c355874ff	sparse	4	1	metal-union	5	5	35	723666	1f919ff82fa1f5d36ee7fb452183f64bf4af9af081cd7becbbc70ee7b62edbba
A-2	f56a5a2496f519d7b71b7c4c8fdc166c355874ff	sparse	4	1	scalar	6	0	36	6666	1f919ff82fa1f5d36ee7fb452183f64bf4af9af081cd7becbbc70ee7b62edbba
A-2	f56a5a2496f519d7b71b7c4c8fdc166c355874ff	sparse	4	1	rayon	6	1	37	11958	1f919ff82fa1f5d36ee7fb452183f64bf4af9af081cd7becbbc70ee7b62edbba
A-2	f56a5a2496f519d7b71b7c4c8fdc166c355874ff	sparse	4	1	portable-union	6	2	38	25333	1f919ff82fa1f5d36ee7fb452183f64bf4af9af081cd7becbbc70ee7b62edbba
A-2	f56a5a2496f519d7b71b7c4c8fdc166c355874ff	sparse	4	1	portable-worlds	6	3	39	23041	1f919ff82fa1f5d36ee7fb452183f64bf4af9af081cd7becbbc70ee7b62edbba
A-2	f56a5a2496f519d7b71b7c4c8fdc166c355874ff	sparse	4	1	metal-union	6	4	40	627500	1f919ff82fa1f5d36ee7fb452183f64bf4af9af081cd7becbbc70ee7b62edbba
A-2	f56a5a2496f519d7b71b7c4c8fdc166c355874ff	sparse	4	1	metal-worlds	6	5	41	613917	1f919ff82fa1f5d36ee7fb452183f64bf4af9af081cd7becbbc70ee7b62edbba
A-2	f56a5a2496f519d7b71b7c4c8fdc166c355874ff	sparse	4	1	rayon	7	0	42	12625	1f919ff82fa1f5d36ee7fb452183f64bf4af9af081cd7becbbc70ee7b62edbba
A-2	f56a5a2496f519d7b71b7c4c8fdc166c355874ff	sparse	4	1	portable-union	7	1	43	26375	1f919ff82fa1f5d36ee7fb452183f64bf4af9af081cd7becbbc70ee7b62edbba
A-2	f56a5a2496f519d7b71b7c4c8fdc166c355874ff	sparse	4	1	portable-worlds	7	2	44	21292	1f919ff82fa1f5d36ee7fb452183f64bf4af9af081cd7becbbc70ee7b62edbba
A-2	f56a5a2496f519d7b71b7c4c8fdc166c355874ff	sparse	4	1	metal-union	7	3	45	614333	1f919ff82fa1f5d36ee7fb452183f64bf4af9af081cd7becbbc70ee7b62edbba
A-2	f56a5a2496f519d7b71b7c4c8fdc166c355874ff	sparse	4	1	metal-worlds	7	4	46	618167	1f919ff82fa1f5d36ee7fb452183f64bf4af9af081cd7becbbc70ee7b62edbba
A-2	f56a5a2496f519d7b71b7c4c8fdc166c355874ff	sparse	4	1	scalar	7	5	47	6792	1f919ff82fa1f5d36ee7fb452183f64bf4af9af081cd7becbbc70ee7b62edbba
A-2	f56a5a2496f519d7b71b7c4c8fdc166c355874ff	sparse	4	1	portable-union	8	0	48	17792	1f919ff82fa1f5d36ee7fb452183f64bf4af9af081cd7becbbc70ee7b62edbba
A-2	f56a5a2496f519d7b71b7c4c8fdc166c355874ff	sparse	4	1	portable-worlds	8	1	49	17083	1f919ff82fa1f5d36ee7fb452183f64bf4af9af081cd7becbbc70ee7b62edbba
A-2	f56a5a2496f519d7b71b7c4c8fdc166c355874ff	sparse	4	1	metal-union	8	2	50	606333	1f919ff82fa1f5d36ee7fb452183f64bf4af9af081cd7becbbc70ee7b62edbba
A-2	f56a5a2496f519d7b71b7c4c8fdc166c355874ff	sparse	4	1	metal-worlds	8	3	51	610459	1f919ff82fa1f5d36ee7fb452183f64bf4af9af081cd7becbbc70ee7b62edbba
A-2	f56a5a2496f519d7b71b7c4c8fdc166c355874ff	sparse	4	1	scalar	8	4	52	6208	1f919ff82fa1f5d36ee7fb452183f64bf4af9af081cd7becbbc70ee7b62edbba
A-2	f56a5a2496f519d7b71b7c4c8fdc166c355874ff	sparse	4	1	rayon	8	5	53	11625	1f919ff82fa1f5d36ee7fb452183f64bf4af9af081cd7becbbc70ee7b62edbba
A-2	f56a5a2496f519d7b71b7c4c8fdc166c355874ff	sparse	4	1	portable-worlds	9	0	54	28917	1f919ff82fa1f5d36ee7fb452183f64bf4af9af081cd7becbbc70ee7b62edbba
A-2	f56a5a2496f519d7b71b7c4c8fdc166c355874ff	sparse	4	1	metal-union	9	1	55	642250	1f919ff82fa1f5d36ee7fb452183f64bf4af9af081cd7becbbc70ee7b62edbba
A-2	f56a5a2496f519d7b71b7c4c8fdc166c355874ff	sparse	4	1	metal-worlds	9	2	56	636750	1f919ff82fa1f5d36ee7fb452183f64bf4af9af081cd7becbbc70ee7b62edbba
A-2	f56a5a2496f519d7b71b7c4c8fdc166c355874ff	sparse	4	1	scalar	9	3	57	7958	1f919ff82fa1f5d36ee7fb452183f64bf4af9af081cd7becbbc70ee7b62edbba
A-2	f56a5a2496f519d7b71b7c4c8fdc166c355874ff	sparse	4	1	rayon	9	4	58	12709	1f919ff82fa1f5d36ee7fb452183f64bf4af9af081cd7becbbc70ee7b62edbba
A-2	f56a5a2496f519d7b71b7c4c8fdc166c355874ff	sparse	4	1	portable-union	9	5	59	25083	1f919ff82fa1f5d36ee7fb452183f64bf4af9af081cd7becbbc70ee7b62edbba
A-2	f56a5a2496f519d7b71b7c4c8fdc166c355874ff	sparse	4	1	metal-union	10	0	60	627875	1f919ff82fa1f5d36ee7fb452183f64bf4af9af081cd7becbbc70ee7b62edbba
A-2	f56a5a2496f519d7b71b7c4c8fdc166c355874ff	sparse	4	1	metal-worlds	10	1	61	673459	1f919ff82fa1f5d36ee7fb452183f64bf4af9af081cd7becbbc70ee7b62edbba
A-2	f56a5a2496f519d7b71b7c4c8fdc166c355874ff	sparse	4	1	scalar	10	2	62	5625	1f919ff82fa1f5d36ee7fb452183f64bf4af9af081cd7becbbc70ee7b62edbba
A-2	f56a5a2496f519d7b71b7c4c8fdc166c355874ff	sparse	4	1	rayon	10	3	63	12250	1f919ff82fa1f5d36ee7fb452183f64bf4af9af081cd7becbbc70ee7b62edbba
A-2	f56a5a2496f519d7b71b7c4c8fdc166c355874ff	sparse	4	1	portable-union	10	4	64	26333	1f919ff82fa1f5d36ee7fb452183f64bf4af9af081cd7becbbc70ee7b62edbba
A-2	f56a5a2496f519d7b71b7c4c8fdc166c355874ff	sparse	4	1	portable-worlds	10	5	65	22667	1f919ff82fa1f5d36ee7fb452183f64bf4af9af081cd7becbbc70ee7b62edbba
A-2	f56a5a2496f519d7b71b7c4c8fdc166c355874ff	sparse	4	1	metal-worlds	11	0	66	630667	1f919ff82fa1f5d36ee7fb452183f64bf4af9af081cd7becbbc70ee7b62edbba
A-2	f56a5a2496f519d7b71b7c4c8fdc166c355874ff	sparse	4	1	scalar	11	1	67	6375	1f919ff82fa1f5d36ee7fb452183f64bf4af9af081cd7becbbc70ee7b62edbba
A-2	f56a5a2496f519d7b71b7c4c8fdc166c355874ff	sparse	4	1	rayon	11	2	68	14250	1f919ff82fa1f5d36ee7fb452183f64bf4af9af081cd7becbbc70ee7b62edbba
A-2	f56a5a2496f519d7b71b7c4c8fdc166c355874ff	sparse	4	1	portable-union	11	3	69	25375	1f919ff82fa1f5d36ee7fb452183f64bf4af9af081cd7becbbc70ee7b62edbba
A-2	f56a5a2496f519d7b71b7c4c8fdc166c355874ff	sparse	4	1	portable-worlds	11	4	70	22209	1f919ff82fa1f5d36ee7fb452183f64bf4af9af081cd7becbbc70ee7b62edbba
A-2	f56a5a2496f519d7b71b7c4c8fdc166c355874ff	sparse	4	1	metal-union	11	5	71	648667	1f919ff82fa1f5d36ee7fb452183f64bf4af9af081cd7becbbc70ee7b62edbba
A-2	f56a5a2496f519d7b71b7c4c8fdc166c355874ff	sparse	4	32	scalar	0	0	72	165292	1f919ff82fa1f5d36ee7fb452183f64bf4af9af081cd7becbbc70ee7b62edbba
A-2	f56a5a2496f519d7b71b7c4c8fdc166c355874ff	sparse	4	32	rayon	0	1	73	74541	1f919ff82fa1f5d36ee7fb452183f64bf4af9af081cd7becbbc70ee7b62edbba
A-2	f56a5a2496f519d7b71b7c4c8fdc166c355874ff	sparse	4	32	portable-union	0	2	74	129000	1f919ff82fa1f5d36ee7fb452183f64bf4af9af081cd7becbbc70ee7b62edbba
A-2	f56a5a2496f519d7b71b7c4c8fdc166c355874ff	sparse	4	32	portable-worlds	0	3	75	35250	1f919ff82fa1f5d36ee7fb452183f64bf4af9af081cd7becbbc70ee7b62edbba
A-2	f56a5a2496f519d7b71b7c4c8fdc166c355874ff	sparse	4	32	metal-union	0	4	76	715709	1f919ff82fa1f5d36ee7fb452183f64bf4af9af081cd7becbbc70ee7b62edbba
A-2	f56a5a2496f519d7b71b7c4c8fdc166c355874ff	sparse	4	32	metal-worlds	0	5	77	636500	1f919ff82fa1f5d36ee7fb452183f64bf4af9af081cd7becbbc70ee7b62edbba
A-2	f56a5a2496f519d7b71b7c4c8fdc166c355874ff	sparse	4	32	rayon	1	0	78	77541	1f919ff82fa1f5d36ee7fb452183f64bf4af9af081cd7becbbc70ee7b62edbba
A-2	f56a5a2496f519d7b71b7c4c8fdc166c355874ff	sparse	4	32	portable-union	1	1	79	121333	1f919ff82fa1f5d36ee7fb452183f64bf4af9af081cd7becbbc70ee7b62edbba
A-2	f56a5a2496f519d7b71b7c4c8fdc166c355874ff	sparse	4	32	portable-worlds	1	2	80	39875	1f919ff82fa1f5d36ee7fb452183f64bf4af9af081cd7becbbc70ee7b62edbba
A-2	f56a5a2496f519d7b71b7c4c8fdc166c355874ff	sparse	4	32	metal-union	1	3	81	808250	1f919ff82fa1f5d36ee7fb452183f64bf4af9af081cd7becbbc70ee7b62edbba
A-2	f56a5a2496f519d7b71b7c4c8fdc166c355874ff	sparse	4	32	metal-worlds	1	4	82	635083	1f919ff82fa1f5d36ee7fb452183f64bf4af9af081cd7becbbc70ee7b62edbba
A-2	f56a5a2496f519d7b71b7c4c8fdc166c355874ff	sparse	4	32	scalar	1	5	83	144167	1f919ff82fa1f5d36ee7fb452183f64bf4af9af081cd7becbbc70ee7b62edbba
A-2	f56a5a2496f519d7b71b7c4c8fdc166c355874ff	sparse	4	32	portable-union	2	0	84	110333	1f919ff82fa1f5d36ee7fb452183f64bf4af9af081cd7becbbc70ee7b62edbba
A-2	f56a5a2496f519d7b71b7c4c8fdc166c355874ff	sparse	4	32	portable-worlds	2	1	85	32917	1f919ff82fa1f5d36ee7fb452183f64bf4af9af081cd7becbbc70ee7b62edbba
A-2	f56a5a2496f519d7b71b7c4c8fdc166c355874ff	sparse	4	32	metal-union	2	2	86	711291	1f919ff82fa1f5d36ee7fb452183f64bf4af9af081cd7becbbc70ee7b62edbba
A-2	f56a5a2496f519d7b71b7c4c8fdc166c355874ff	sparse	4	32	metal-worlds	2	3	87	660542	1f919ff82fa1f5d36ee7fb452183f64bf4af9af081cd7becbbc70ee7b62edbba
A-2	f56a5a2496f519d7b71b7c4c8fdc166c355874ff	sparse	4	32	scalar	2	4	88	150292	1f919ff82fa1f5d36ee7fb452183f64bf4af9af081cd7becbbc70ee7b62edbba
A-2	f56a5a2496f519d7b71b7c4c8fdc166c355874ff	sparse	4	32	rayon	2	5	89	66583	1f919ff82fa1f5d36ee7fb452183f64bf4af9af081cd7becbbc70ee7b62edbba
A-2	f56a5a2496f519d7b71b7c4c8fdc166c355874ff	sparse	4	32	portable-worlds	3	0	90	39541	1f919ff82fa1f5d36ee7fb452183f64bf4af9af081cd7becbbc70ee7b62edbba
A-2	f56a5a2496f519d7b71b7c4c8fdc166c355874ff	sparse	4	32	metal-union	3	1	91	729875	1f919ff82fa1f5d36ee7fb452183f64bf4af9af081cd7becbbc70ee7b62edbba
A-2	f56a5a2496f519d7b71b7c4c8fdc166c355874ff	sparse	4	32	metal-worlds	3	2	92	641750	1f919ff82fa1f5d36ee7fb452183f64bf4af9af081cd7becbbc70ee7b62edbba
A-2	f56a5a2496f519d7b71b7c4c8fdc166c355874ff	sparse	4	32	scalar	3	3	93	144541	1f919ff82fa1f5d36ee7fb452183f64bf4af9af081cd7becbbc70ee7b62edbba
A-2	f56a5a2496f519d7b71b7c4c8fdc166c355874ff	sparse	4	32	rayon	3	4	94	75334	1f919ff82fa1f5d36ee7fb452183f64bf4af9af081cd7becbbc70ee7b62edbba
A-2	f56a5a2496f519d7b71b7c4c8fdc166c355874ff	sparse	4	32	portable-union	3	5	95	121625	1f919ff82fa1f5d36ee7fb452183f64bf4af9af081cd7becbbc70ee7b62edbba
A-2	f56a5a2496f519d7b71b7c4c8fdc166c355874ff	sparse	4	32	metal-union	4	0	96	718417	1f919ff82fa1f5d36ee7fb452183f64bf4af9af081cd7becbbc70ee7b62edbba
A-2	f56a5a2496f519d7b71b7c4c8fdc166c355874ff	sparse	4	32	metal-worlds	4	1	97	643709	1f919ff82fa1f5d36ee7fb452183f64bf4af9af081cd7becbbc70ee7b62edbba
A-2	f56a5a2496f519d7b71b7c4c8fdc166c355874ff	sparse	4	32	scalar	4	2	98	145000	1f919ff82fa1f5d36ee7fb452183f64bf4af9af081cd7becbbc70ee7b62edbba
A-2	f56a5a2496f519d7b71b7c4c8fdc166c355874ff	sparse	4	32	rayon	4	3	99	77000	1f919ff82fa1f5d36ee7fb452183f64bf4af9af081cd7becbbc70ee7b62edbba
A-2	f56a5a2496f519d7b71b7c4c8fdc166c355874ff	sparse	4	32	portable-union	4	4	100	115834	1f919ff82fa1f5d36ee7fb452183f64bf4af9af081cd7becbbc70ee7b62edbba
A-2	f56a5a2496f519d7b71b7c4c8fdc166c355874ff	sparse	4	32	portable-worlds	4	5	101	33208	1f919ff82fa1f5d36ee7fb452183f64bf4af9af081cd7becbbc70ee7b62edbba
A-2	f56a5a2496f519d7b71b7c4c8fdc166c355874ff	sparse	4	32	metal-worlds	5	0	102	615250	1f919ff82fa1f5d36ee7fb452183f64bf4af9af081cd7becbbc70ee7b62edbba
A-2	f56a5a2496f519d7b71b7c4c8fdc166c355874ff	sparse	4	32	scalar	5	1	103	152500	1f919ff82fa1f5d36ee7fb452183f64bf4af9af081cd7becbbc70ee7b62edbba
A-2	f56a5a2496f519d7b71b7c4c8fdc166c355874ff	sparse	4	32	rayon	5	2	104	83459	1f919ff82fa1f5d36ee7fb452183f64bf4af9af081cd7becbbc70ee7b62edbba
A-2	f56a5a2496f519d7b71b7c4c8fdc166c355874ff	sparse	4	32	portable-union	5	3	105	120708	1f919ff82fa1f5d36ee7fb452183f64bf4af9af081cd7becbbc70ee7b62edbba
A-2	f56a5a2496f519d7b71b7c4c8fdc166c355874ff	sparse	4	32	portable-worlds	5	4	106	34000	1f919ff82fa1f5d36ee7fb452183f64bf4af9af081cd7becbbc70ee7b62edbba
A-2	f56a5a2496f519d7b71b7c4c8fdc166c355874ff	sparse	4	32	metal-union	5	5	107	791750	1f919ff82fa1f5d36ee7fb452183f64bf4af9af081cd7becbbc70ee7b62edbba
A-2	f56a5a2496f519d7b71b7c4c8fdc166c355874ff	sparse	4	32	scalar	6	0	108	150916	1f919ff82fa1f5d36ee7fb452183f64bf4af9af081cd7becbbc70ee7b62edbba
A-2	f56a5a2496f519d7b71b7c4c8fdc166c355874ff	sparse	4	32	rayon	6	1	109	77334	1f919ff82fa1f5d36ee7fb452183f64bf4af9af081cd7becbbc70ee7b62edbba
A-2	f56a5a2496f519d7b71b7c4c8fdc166c355874ff	sparse	4	32	portable-union	6	2	110	115542	1f919ff82fa1f5d36ee7fb452183f64bf4af9af081cd7becbbc70ee7b62edbba
A-2	f56a5a2496f519d7b71b7c4c8fdc166c355874ff	sparse	4	32	portable-worlds	6	3	111	31459	1f919ff82fa1f5d36ee7fb452183f64bf4af9af081cd7becbbc70ee7b62edbba
A-2	f56a5a2496f519d7b71b7c4c8fdc166c355874ff	sparse	4	32	metal-union	6	4	112	717958	1f919ff82fa1f5d36ee7fb452183f64bf4af9af081cd7becbbc70ee7b62edbba
A-2	f56a5a2496f519d7b71b7c4c8fdc166c355874ff	sparse	4	32	metal-worlds	6	5	113	641417	1f919ff82fa1f5d36ee7fb452183f64bf4af9af081cd7becbbc70ee7b62edbba
A-2	f56a5a2496f519d7b71b7c4c8fdc166c355874ff	sparse	4	32	rayon	7	0	114	70750	1f919ff82fa1f5d36ee7fb452183f64bf4af9af081cd7becbbc70ee7b62edbba
A-2	f56a5a2496f519d7b71b7c4c8fdc166c355874ff	sparse	4	32	portable-union	7	1	115	120708	1f919ff82fa1f5d36ee7fb452183f64bf4af9af081cd7becbbc70ee7b62edbba
A-2	f56a5a2496f519d7b71b7c4c8fdc166c355874ff	sparse	4	32	portable-worlds	7	2	116	32750	1f919ff82fa1f5d36ee7fb452183f64bf4af9af081cd7becbbc70ee7b62edbba
A-2	f56a5a2496f519d7b71b7c4c8fdc166c355874ff	sparse	4	32	metal-union	7	3	117	714542	1f919ff82fa1f5d36ee7fb452183f64bf4af9af081cd7becbbc70ee7b62edbba
A-2	f56a5a2496f519d7b71b7c4c8fdc166c355874ff	sparse	4	32	metal-worlds	7	4	118	632208	1f919ff82fa1f5d36ee7fb452183f64bf4af9af081cd7becbbc70ee7b62edbba
A-2	f56a5a2496f519d7b71b7c4c8fdc166c355874ff	sparse	4	32	scalar	7	5	119	146041	1f919ff82fa1f5d36ee7fb452183f64bf4af9af081cd7becbbc70ee7b62edbba
A-2	f56a5a2496f519d7b71b7c4c8fdc166c355874ff	sparse	4	32	portable-union	8	0	120	106833	1f919ff82fa1f5d36ee7fb452183f64bf4af9af081cd7becbbc70ee7b62edbba
A-2	f56a5a2496f519d7b71b7c4c8fdc166c355874ff	sparse	4	32	portable-worlds	8	1	121	31916	1f919ff82fa1f5d36ee7fb452183f64bf4af9af081cd7becbbc70ee7b62edbba
A-2	f56a5a2496f519d7b71b7c4c8fdc166c355874ff	sparse	4	32	metal-union	8	2	122	714750	1f919ff82fa1f5d36ee7fb452183f64bf4af9af081cd7becbbc70ee7b62edbba
A-2	f56a5a2496f519d7b71b7c4c8fdc166c355874ff	sparse	4	32	metal-worlds	8	3	123	641250	1f919ff82fa1f5d36ee7fb452183f64bf4af9af081cd7becbbc70ee7b62edbba
A-2	f56a5a2496f519d7b71b7c4c8fdc166c355874ff	sparse	4	32	scalar	8	4	124	145958	1f919ff82fa1f5d36ee7fb452183f64bf4af9af081cd7becbbc70ee7b62edbba
A-2	f56a5a2496f519d7b71b7c4c8fdc166c355874ff	sparse	4	32	rayon	8	5	125	73292	1f919ff82fa1f5d36ee7fb452183f64bf4af9af081cd7becbbc70ee7b62edbba
A-2	f56a5a2496f519d7b71b7c4c8fdc166c355874ff	sparse	4	32	portable-worlds	9	0	126	45042	1f919ff82fa1f5d36ee7fb452183f64bf4af9af081cd7becbbc70ee7b62edbba
A-2	f56a5a2496f519d7b71b7c4c8fdc166c355874ff	sparse	4	32	metal-union	9	1	127	712584	1f919ff82fa1f5d36ee7fb452183f64bf4af9af081cd7becbbc70ee7b62edbba
A-2	f56a5a2496f519d7b71b7c4c8fdc166c355874ff	sparse	4	32	metal-worlds	9	2	128	647042	1f919ff82fa1f5d36ee7fb452183f64bf4af9af081cd7becbbc70ee7b62edbba
A-2	f56a5a2496f519d7b71b7c4c8fdc166c355874ff	sparse	4	32	scalar	9	3	129	151834	1f919ff82fa1f5d36ee7fb452183f64bf4af9af081cd7becbbc70ee7b62edbba
A-2	f56a5a2496f519d7b71b7c4c8fdc166c355874ff	sparse	4	32	rayon	9	4	130	67625	1f919ff82fa1f5d36ee7fb452183f64bf4af9af081cd7becbbc70ee7b62edbba
A-2	f56a5a2496f519d7b71b7c4c8fdc166c355874ff	sparse	4	32	portable-union	9	5	131	123708	1f919ff82fa1f5d36ee7fb452183f64bf4af9af081cd7becbbc70ee7b62edbba
A-2	f56a5a2496f519d7b71b7c4c8fdc166c355874ff	sparse	4	32	metal-union	10	0	132	725750	1f919ff82fa1f5d36ee7fb452183f64bf4af9af081cd7becbbc70ee7b62edbba
A-2	f56a5a2496f519d7b71b7c4c8fdc166c355874ff	sparse	4	32	metal-worlds	10	1	133	649459	1f919ff82fa1f5d36ee7fb452183f64bf4af9af081cd7becbbc70ee7b62edbba
A-2	f56a5a2496f519d7b71b7c4c8fdc166c355874ff	sparse	4	32	scalar	10	2	134	147375	1f919ff82fa1f5d36ee7fb452183f64bf4af9af081cd7becbbc70ee7b62edbba
A-2	f56a5a2496f519d7b71b7c4c8fdc166c355874ff	sparse	4	32	rayon	10	3	135	59458	1f919ff82fa1f5d36ee7fb452183f64bf4af9af081cd7becbbc70ee7b62edbba
A-2	f56a5a2496f519d7b71b7c4c8fdc166c355874ff	sparse	4	32	portable-union	10	4	136	125875	1f919ff82fa1f5d36ee7fb452183f64bf4af9af081cd7becbbc70ee7b62edbba
A-2	f56a5a2496f519d7b71b7c4c8fdc166c355874ff	sparse	4	32	portable-worlds	10	5	137	32333	1f919ff82fa1f5d36ee7fb452183f64bf4af9af081cd7becbbc70ee7b62edbba
A-2	f56a5a2496f519d7b71b7c4c8fdc166c355874ff	sparse	4	32	metal-worlds	11	0	138	639209	1f919ff82fa1f5d36ee7fb452183f64bf4af9af081cd7becbbc70ee7b62edbba
A-2	f56a5a2496f519d7b71b7c4c8fdc166c355874ff	sparse	4	32	scalar	11	1	139	147750	1f919ff82fa1f5d36ee7fb452183f64bf4af9af081cd7becbbc70ee7b62edbba
A-2	f56a5a2496f519d7b71b7c4c8fdc166c355874ff	sparse	4	32	rayon	11	2	140	65667	1f919ff82fa1f5d36ee7fb452183f64bf4af9af081cd7becbbc70ee7b62edbba
A-2	f56a5a2496f519d7b71b7c4c8fdc166c355874ff	sparse	4	32	portable-union	11	3	141	112875	1f919ff82fa1f5d36ee7fb452183f64bf4af9af081cd7becbbc70ee7b62edbba
A-2	f56a5a2496f519d7b71b7c4c8fdc166c355874ff	sparse	4	32	portable-worlds	11	4	142	31666	1f919ff82fa1f5d36ee7fb452183f64bf4af9af081cd7becbbc70ee7b62edbba
A-2	f56a5a2496f519d7b71b7c4c8fdc166c355874ff	sparse	4	32	metal-union	11	5	143	702750	1f919ff82fa1f5d36ee7fb452183f64bf4af9af081cd7becbbc70ee7b62edbba
A-2	f56a5a2496f519d7b71b7c4c8fdc166c355874ff	sparse	8	1	scalar	0	0	144	5666	1f919ff82fa1f5d36ee7fb452183f64bf4af9af081cd7becbbc70ee7b62edbba
A-2	f56a5a2496f519d7b71b7c4c8fdc166c355874ff	sparse	8	1	rayon	0	1	145	13000	1f919ff82fa1f5d36ee7fb452183f64bf4af9af081cd7becbbc70ee7b62edbba
A-2	f56a5a2496f519d7b71b7c4c8fdc166c355874ff	sparse	8	1	portable-union	0	2	146	45917	1f919ff82fa1f5d36ee7fb452183f64bf4af9af081cd7becbbc70ee7b62edbba
A-2	f56a5a2496f519d7b71b7c4c8fdc166c355874ff	sparse	8	1	portable-worlds	0	3	147	30875	1f919ff82fa1f5d36ee7fb452183f64bf4af9af081cd7becbbc70ee7b62edbba
A-2	f56a5a2496f519d7b71b7c4c8fdc166c355874ff	sparse	8	1	metal-union	0	4	148	639750	1f919ff82fa1f5d36ee7fb452183f64bf4af9af081cd7becbbc70ee7b62edbba
A-2	f56a5a2496f519d7b71b7c4c8fdc166c355874ff	sparse	8	1	metal-worlds	0	5	149	776209	1f919ff82fa1f5d36ee7fb452183f64bf4af9af081cd7becbbc70ee7b62edbba
A-2	f56a5a2496f519d7b71b7c4c8fdc166c355874ff	sparse	8	1	rayon	1	0	150	14541	1f919ff82fa1f5d36ee7fb452183f64bf4af9af081cd7becbbc70ee7b62edbba
A-2	f56a5a2496f519d7b71b7c4c8fdc166c355874ff	sparse	8	1	portable-union	1	1	151	44458	1f919ff82fa1f5d36ee7fb452183f64bf4af9af081cd7becbbc70ee7b62edbba
A-2	f56a5a2496f519d7b71b7c4c8fdc166c355874ff	sparse	8	1	portable-worlds	1	2	152	30500	1f919ff82fa1f5d36ee7fb452183f64bf4af9af081cd7becbbc70ee7b62edbba
A-2	f56a5a2496f519d7b71b7c4c8fdc166c355874ff	sparse	8	1	metal-union	1	3	153	643625	1f919ff82fa1f5d36ee7fb452183f64bf4af9af081cd7becbbc70ee7b62edbba
A-2	f56a5a2496f519d7b71b7c4c8fdc166c355874ff	sparse	8	1	metal-worlds	1	4	154	640083	1f919ff82fa1f5d36ee7fb452183f64bf4af9af081cd7becbbc70ee7b62edbba
A-2	f56a5a2496f519d7b71b7c4c8fdc166c355874ff	sparse	8	1	scalar	1	5	155	7500	1f919ff82fa1f5d36ee7fb452183f64bf4af9af081cd7becbbc70ee7b62edbba
A-2	f56a5a2496f519d7b71b7c4c8fdc166c355874ff	sparse	8	1	portable-union	2	0	156	31833	1f919ff82fa1f5d36ee7fb452183f64bf4af9af081cd7becbbc70ee7b62edbba
A-2	f56a5a2496f519d7b71b7c4c8fdc166c355874ff	sparse	8	1	portable-worlds	2	1	157	30167	1f919ff82fa1f5d36ee7fb452183f64bf4af9af081cd7becbbc70ee7b62edbba
A-2	f56a5a2496f519d7b71b7c4c8fdc166c355874ff	sparse	8	1	metal-union	2	2	158	639042	1f919ff82fa1f5d36ee7fb452183f64bf4af9af081cd7becbbc70ee7b62edbba
A-2	f56a5a2496f519d7b71b7c4c8fdc166c355874ff	sparse	8	1	metal-worlds	2	3	159	629791	1f919ff82fa1f5d36ee7fb452183f64bf4af9af081cd7becbbc70ee7b62edbba
A-2	f56a5a2496f519d7b71b7c4c8fdc166c355874ff	sparse	8	1	scalar	2	4	160	6833	1f919ff82fa1f5d36ee7fb452183f64bf4af9af081cd7becbbc70ee7b62edbba
A-2	f56a5a2496f519d7b71b7c4c8fdc166c355874ff	sparse	8	1	rayon	2	5	161	12666	1f919ff82fa1f5d36ee7fb452183f64bf4af9af081cd7becbbc70ee7b62edbba
A-2	f56a5a2496f519d7b71b7c4c8fdc166c355874ff	sparse	8	1	portable-worlds	3	0	162	48750	1f919ff82fa1f5d36ee7fb452183f64bf4af9af081cd7becbbc70ee7b62edbba
A-2	f56a5a2496f519d7b71b7c4c8fdc166c355874ff	sparse	8	1	metal-union	3	1	163	642583	1f919ff82fa1f5d36ee7fb452183f64bf4af9af081cd7becbbc70ee7b62edbba
A-2	f56a5a2496f519d7b71b7c4c8fdc166c355874ff	sparse	8	1	metal-worlds	3	2	164	631083	1f919ff82fa1f5d36ee7fb452183f64bf4af9af081cd7becbbc70ee7b62edbba
A-2	f56a5a2496f519d7b71b7c4c8fdc166c355874ff	sparse	8	1	scalar	3	3	165	7250	1f919ff82fa1f5d36ee7fb452183f64bf4af9af081cd7becbbc70ee7b62edbba
A-2	f56a5a2496f519d7b71b7c4c8fdc166c355874ff	sparse	8	1	rayon	3	4	166	12709	1f919ff82fa1f5d36ee7fb452183f64bf4af9af081cd7becbbc70ee7b62edbba
A-2	f56a5a2496f519d7b71b7c4c8fdc166c355874ff	sparse	8	1	portable-union	3	5	167	44584	1f919ff82fa1f5d36ee7fb452183f64bf4af9af081cd7becbbc70ee7b62edbba
A-2	f56a5a2496f519d7b71b7c4c8fdc166c355874ff	sparse	8	1	metal-union	4	0	168	649208	1f919ff82fa1f5d36ee7fb452183f64bf4af9af081cd7becbbc70ee7b62edbba
A-2	f56a5a2496f519d7b71b7c4c8fdc166c355874ff	sparse	8	1	metal-worlds	4	1	169	636500	1f919ff82fa1f5d36ee7fb452183f64bf4af9af081cd7becbbc70ee7b62edbba
A-2	f56a5a2496f519d7b71b7c4c8fdc166c355874ff	sparse	8	1	scalar	4	2	170	5916	1f919ff82fa1f5d36ee7fb452183f64bf4af9af081cd7becbbc70ee7b62edbba
A-2	f56a5a2496f519d7b71b7c4c8fdc166c355874ff	sparse	8	1	rayon	4	3	171	12416	1f919ff82fa1f5d36ee7fb452183f64bf4af9af081cd7becbbc70ee7b62edbba
A-2	f56a5a2496f519d7b71b7c4c8fdc166c355874ff	sparse	8	1	portable-union	4	4	172	45292	1f919ff82fa1f5d36ee7fb452183f64bf4af9af081cd7becbbc70ee7b62edbba
A-2	f56a5a2496f519d7b71b7c4c8fdc166c355874ff	sparse	8	1	portable-worlds	4	5	173	30333	1f919ff82fa1f5d36ee7fb452183f64bf4af9af081cd7becbbc70ee7b62edbba
A-2	f56a5a2496f519d7b71b7c4c8fdc166c355874ff	sparse	8	1	metal-worlds	5	0	174	628959	1f919ff82fa1f5d36ee7fb452183f64bf4af9af081cd7becbbc70ee7b62edbba
A-2	f56a5a2496f519d7b71b7c4c8fdc166c355874ff	sparse	8	1	scalar	5	1	175	6791	1f919ff82fa1f5d36ee7fb452183f64bf4af9af081cd7becbbc70ee7b62edbba
A-2	f56a5a2496f519d7b71b7c4c8fdc166c355874ff	sparse	8	1	rayon	5	2	176	12417	1f919ff82fa1f5d36ee7fb452183f64bf4af9af081cd7becbbc70ee7b62edbba
A-2	f56a5a2496f519d7b71b7c4c8fdc166c355874ff	sparse	8	1	portable-union	5	3	177	44708	1f919ff82fa1f5d36ee7fb452183f64bf4af9af081cd7becbbc70ee7b62edbba
A-2	f56a5a2496f519d7b71b7c4c8fdc166c355874ff	sparse	8	1	portable-worlds	5	4	178	31209	1f919ff82fa1f5d36ee7fb452183f64bf4af9af081cd7becbbc70ee7b62edbba
A-2	f56a5a2496f519d7b71b7c4c8fdc166c355874ff	sparse	8	1	metal-union	5	5	179	637875	1f919ff82fa1f5d36ee7fb452183f64bf4af9af081cd7becbbc70ee7b62edbba
A-2	f56a5a2496f519d7b71b7c4c8fdc166c355874ff	sparse	8	1	scalar	6	0	180	6833	1f919ff82fa1f5d36ee7fb452183f64bf4af9af081cd7becbbc70ee7b62edbba
A-2	f56a5a2496f519d7b71b7c4c8fdc166c355874ff	sparse	8	1	rayon	6	1	181	12125	1f919ff82fa1f5d36ee7fb452183f64bf4af9af081cd7becbbc70ee7b62edbba
A-2	f56a5a2496f519d7b71b7c4c8fdc166c355874ff	sparse	8	1	portable-union	6	2	182	43959	1f919ff82fa1f5d36ee7fb452183f64bf4af9af081cd7becbbc70ee7b62edbba
A-2	f56a5a2496f519d7b71b7c4c8fdc166c355874ff	sparse	8	1	portable-worlds	6	3	183	30500	1f919ff82fa1f5d36ee7fb452183f64bf4af9af081cd7becbbc70ee7b62edbba
A-2	f56a5a2496f519d7b71b7c4c8fdc166c355874ff	sparse	8	1	metal-union	6	4	184	636583	1f919ff82fa1f5d36ee7fb452183f64bf4af9af081cd7becbbc70ee7b62edbba
A-2	f56a5a2496f519d7b71b7c4c8fdc166c355874ff	sparse	8	1	metal-worlds	6	5	185	737541	1f919ff82fa1f5d36ee7fb452183f64bf4af9af081cd7becbbc70ee7b62edbba
A-2	f56a5a2496f519d7b71b7c4c8fdc166c355874ff	sparse	8	1	rayon	7	0	186	12625	1f919ff82fa1f5d36ee7fb452183f64bf4af9af081cd7becbbc70ee7b62edbba
A-2	f56a5a2496f519d7b71b7c4c8fdc166c355874ff	sparse	8	1	portable-union	7	1	187	44083	1f919ff82fa1f5d36ee7fb452183f64bf4af9af081cd7becbbc70ee7b62edbba
A-2	f56a5a2496f519d7b71b7c4c8fdc166c355874ff	sparse	8	1	portable-worlds	7	2	188	31167	1f919ff82fa1f5d36ee7fb452183f64bf4af9af081cd7becbbc70ee7b62edbba
A-2	f56a5a2496f519d7b71b7c4c8fdc166c355874ff	sparse	8	1	metal-union	7	3	189	640750	1f919ff82fa1f5d36ee7fb452183f64bf4af9af081cd7becbbc70ee7b62edbba
A-2	f56a5a2496f519d7b71b7c4c8fdc166c355874ff	sparse	8	1	metal-worlds	7	4	190	650791	1f919ff82fa1f5d36ee7fb452183f64bf4af9af081cd7becbbc70ee7b62edbba
A-2	f56a5a2496f519d7b71b7c4c8fdc166c355874ff	sparse	8	1	scalar	7	5	191	6750	1f919ff82fa1f5d36ee7fb452183f64bf4af9af081cd7becbbc70ee7b62edbba
A-2	f56a5a2496f519d7b71b7c4c8fdc166c355874ff	sparse	8	1	portable-union	8	0	192	30708	1f919ff82fa1f5d36ee7fb452183f64bf4af9af081cd7becbbc70ee7b62edbba
A-2	f56a5a2496f519d7b71b7c4c8fdc166c355874ff	sparse	8	1	portable-worlds	8	1	193	30000	1f919ff82fa1f5d36ee7fb452183f64bf4af9af081cd7becbbc70ee7b62edbba
A-2	f56a5a2496f519d7b71b7c4c8fdc166c355874ff	sparse	8	1	metal-union	8	2	194	637292	1f919ff82fa1f5d36ee7fb452183f64bf4af9af081cd7becbbc70ee7b62edbba
A-2	f56a5a2496f519d7b71b7c4c8fdc166c355874ff	sparse	8	1	metal-worlds	8	3	195	641708	1f919ff82fa1f5d36ee7fb452183f64bf4af9af081cd7becbbc70ee7b62edbba
A-2	f56a5a2496f519d7b71b7c4c8fdc166c355874ff	sparse	8	1	scalar	8	4	196	6541	1f919ff82fa1f5d36ee7fb452183f64bf4af9af081cd7becbbc70ee7b62edbba
A-2	f56a5a2496f519d7b71b7c4c8fdc166c355874ff	sparse	8	1	rayon	8	5	197	12375	1f919ff82fa1f5d36ee7fb452183f64bf4af9af081cd7becbbc70ee7b62edbba
A-2	f56a5a2496f519d7b71b7c4c8fdc166c355874ff	sparse	8	1	portable-worlds	9	0	198	45542	1f919ff82fa1f5d36ee7fb452183f64bf4af9af081cd7becbbc70ee7b62edbba
A-2	f56a5a2496f519d7b71b7c4c8fdc166c355874ff	sparse	8	1	metal-union	9	1	199	634458	1f919ff82fa1f5d36ee7fb452183f64bf4af9af081cd7becbbc70ee7b62edbba
A-2	f56a5a2496f519d7b71b7c4c8fdc166c355874ff	sparse	8	1	metal-worlds	9	2	200	645083	1f919ff82fa1f5d36ee7fb452183f64bf4af9af081cd7becbbc70ee7b62edbba
A-2	f56a5a2496f519d7b71b7c4c8fdc166c355874ff	sparse	8	1	scalar	9	3	201	6375	1f919ff82fa1f5d36ee7fb452183f64bf4af9af081cd7becbbc70ee7b62edbba
A-2	f56a5a2496f519d7b71b7c4c8fdc166c355874ff	sparse	8	1	rayon	9	4	202	12500	1f919ff82fa1f5d36ee7fb452183f64bf4af9af081cd7becbbc70ee7b62edbba
A-2	f56a5a2496f519d7b71b7c4c8fdc166c355874ff	sparse	8	1	portable-union	9	5	203	44541	1f919ff82fa1f5d36ee7fb452183f64bf4af9af081cd7becbbc70ee7b62edbba
A-2	f56a5a2496f519d7b71b7c4c8fdc166c355874ff	sparse	8	1	metal-union	10	0	204	634459	1f919ff82fa1f5d36ee7fb452183f64bf4af9af081cd7becbbc70ee7b62edbba
A-2	f56a5a2496f519d7b71b7c4c8fdc166c355874ff	sparse	8	1	metal-worlds	10	1	205	643917	1f919ff82fa1f5d36ee7fb452183f64bf4af9af081cd7becbbc70ee7b62edbba
A-2	f56a5a2496f519d7b71b7c4c8fdc166c355874ff	sparse	8	1	scalar	10	2	206	7167	1f919ff82fa1f5d36ee7fb452183f64bf4af9af081cd7becbbc70ee7b62edbba
A-2	f56a5a2496f519d7b71b7c4c8fdc166c355874ff	sparse	8	1	rayon	10	3	207	12542	1f919ff82fa1f5d36ee7fb452183f64bf4af9af081cd7becbbc70ee7b62edbba
A-2	f56a5a2496f519d7b71b7c4c8fdc166c355874ff	sparse	8	1	portable-union	10	4	208	44084	1f919ff82fa1f5d36ee7fb452183f64bf4af9af081cd7becbbc70ee7b62edbba
A-2	f56a5a2496f519d7b71b7c4c8fdc166c355874ff	sparse	8	1	portable-worlds	10	5	209	30083	1f919ff82fa1f5d36ee7fb452183f64bf4af9af081cd7becbbc70ee7b62edbba
A-2	f56a5a2496f519d7b71b7c4c8fdc166c355874ff	sparse	8	1	metal-worlds	11	0	210	648292	1f919ff82fa1f5d36ee7fb452183f64bf4af9af081cd7becbbc70ee7b62edbba
A-2	f56a5a2496f519d7b71b7c4c8fdc166c355874ff	sparse	8	1	scalar	11	1	211	6750	1f919ff82fa1f5d36ee7fb452183f64bf4af9af081cd7becbbc70ee7b62edbba
A-2	f56a5a2496f519d7b71b7c4c8fdc166c355874ff	sparse	8	1	rayon	11	2	212	12375	1f919ff82fa1f5d36ee7fb452183f64bf4af9af081cd7becbbc70ee7b62edbba
A-2	f56a5a2496f519d7b71b7c4c8fdc166c355874ff	sparse	8	1	portable-union	11	3	213	44500	1f919ff82fa1f5d36ee7fb452183f64bf4af9af081cd7becbbc70ee7b62edbba
A-2	f56a5a2496f519d7b71b7c4c8fdc166c355874ff	sparse	8	1	portable-worlds	11	4	214	30417	1f919ff82fa1f5d36ee7fb452183f64bf4af9af081cd7becbbc70ee7b62edbba
A-2	f56a5a2496f519d7b71b7c4c8fdc166c355874ff	sparse	8	1	metal-union	11	5	215	636042	1f919ff82fa1f5d36ee7fb452183f64bf4af9af081cd7becbbc70ee7b62edbba
A-2	f56a5a2496f519d7b71b7c4c8fdc166c355874ff	sparse	8	32	scalar	0	0	216	158417	1f919ff82fa1f5d36ee7fb452183f64bf4af9af081cd7becbbc70ee7b62edbba
A-2	f56a5a2496f519d7b71b7c4c8fdc166c355874ff	sparse	8	32	rayon	0	1	217	63917	1f919ff82fa1f5d36ee7fb452183f64bf4af9af081cd7becbbc70ee7b62edbba
A-2	f56a5a2496f519d7b71b7c4c8fdc166c355874ff	sparse	8	32	portable-union	0	2	218	780625	1f919ff82fa1f5d36ee7fb452183f64bf4af9af081cd7becbbc70ee7b62edbba
A-2	f56a5a2496f519d7b71b7c4c8fdc166c355874ff	sparse	8	32	portable-worlds	0	3	219	62750	1f919ff82fa1f5d36ee7fb452183f64bf4af9af081cd7becbbc70ee7b62edbba
A-2	f56a5a2496f519d7b71b7c4c8fdc166c355874ff	sparse	8	32	metal-union	0	4	220	2035333	1f919ff82fa1f5d36ee7fb452183f64bf4af9af081cd7becbbc70ee7b62edbba
A-2	f56a5a2496f519d7b71b7c4c8fdc166c355874ff	sparse	8	32	metal-worlds	0	5	221	622917	1f919ff82fa1f5d36ee7fb452183f64bf4af9af081cd7becbbc70ee7b62edbba
A-2	f56a5a2496f519d7b71b7c4c8fdc166c355874ff	sparse	8	32	rayon	1	0	222	66250	1f919ff82fa1f5d36ee7fb452183f64bf4af9af081cd7becbbc70ee7b62edbba
A-2	f56a5a2496f519d7b71b7c4c8fdc166c355874ff	sparse	8	32	portable-union	1	1	223	783000	1f919ff82fa1f5d36ee7fb452183f64bf4af9af081cd7becbbc70ee7b62edbba
A-2	f56a5a2496f519d7b71b7c4c8fdc166c355874ff	sparse	8	32	portable-worlds	1	2	224	62125	1f919ff82fa1f5d36ee7fb452183f64bf4af9af081cd7becbbc70ee7b62edbba
A-2	f56a5a2496f519d7b71b7c4c8fdc166c355874ff	sparse	8	32	metal-union	1	3	225	2066459	1f919ff82fa1f5d36ee7fb452183f64bf4af9af081cd7becbbc70ee7b62edbba
A-2	f56a5a2496f519d7b71b7c4c8fdc166c355874ff	sparse	8	32	metal-worlds	1	4	226	621959	1f919ff82fa1f5d36ee7fb452183f64bf4af9af081cd7becbbc70ee7b62edbba
A-2	f56a5a2496f519d7b71b7c4c8fdc166c355874ff	sparse	8	32	scalar	1	5	227	160750	1f919ff82fa1f5d36ee7fb452183f64bf4af9af081cd7becbbc70ee7b62edbba
A-2	f56a5a2496f519d7b71b7c4c8fdc166c355874ff	sparse	8	32	portable-union	2	0	228	774208	1f919ff82fa1f5d36ee7fb452183f64bf4af9af081cd7becbbc70ee7b62edbba
A-2	f56a5a2496f519d7b71b7c4c8fdc166c355874ff	sparse	8	32	portable-worlds	2	1	229	60667	1f919ff82fa1f5d36ee7fb452183f64bf4af9af081cd7becbbc70ee7b62edbba
A-2	f56a5a2496f519d7b71b7c4c8fdc166c355874ff	sparse	8	32	metal-union	2	2	230	2068500	1f919ff82fa1f5d36ee7fb452183f64bf4af9af081cd7becbbc70ee7b62edbba
A-2	f56a5a2496f519d7b71b7c4c8fdc166c355874ff	sparse	8	32	metal-worlds	2	3	231	607875	1f919ff82fa1f5d36ee7fb452183f64bf4af9af081cd7becbbc70ee7b62edbba
A-2	f56a5a2496f519d7b71b7c4c8fdc166c355874ff	sparse	8	32	scalar	2	4	232	174333	1f919ff82fa1f5d36ee7fb452183f64bf4af9af081cd7becbbc70ee7b62edbba
A-2	f56a5a2496f519d7b71b7c4c8fdc166c355874ff	sparse	8	32	rayon	2	5	233	66584	1f919ff82fa1f5d36ee7fb452183f64bf4af9af081cd7becbbc70ee7b62edbba
A-2	f56a5a2496f519d7b71b7c4c8fdc166c355874ff	sparse	8	32	portable-worlds	3	0	234	66542	1f919ff82fa1f5d36ee7fb452183f64bf4af9af081cd7becbbc70ee7b62edbba
A-2	f56a5a2496f519d7b71b7c4c8fdc166c355874ff	sparse	8	32	metal-union	3	1	235	2049667	1f919ff82fa1f5d36ee7fb452183f64bf4af9af081cd7becbbc70ee7b62edbba
A-2	f56a5a2496f519d7b71b7c4c8fdc166c355874ff	sparse	8	32	metal-worlds	3	2	236	779833	1f919ff82fa1f5d36ee7fb452183f64bf4af9af081cd7becbbc70ee7b62edbba
A-2	f56a5a2496f519d7b71b7c4c8fdc166c355874ff	sparse	8	32	scalar	3	3	237	155208	1f919ff82fa1f5d36ee7fb452183f64bf4af9af081cd7becbbc70ee7b62edbba
A-2	f56a5a2496f519d7b71b7c4c8fdc166c355874ff	sparse	8	32	rayon	3	4	238	65708	1f919ff82fa1f5d36ee7fb452183f64bf4af9af081cd7becbbc70ee7b62edbba
A-2	f56a5a2496f519d7b71b7c4c8fdc166c355874ff	sparse	8	32	portable-union	3	5	239	777459	1f919ff82fa1f5d36ee7fb452183f64bf4af9af081cd7becbbc70ee7b62edbba
A-2	f56a5a2496f519d7b71b7c4c8fdc166c355874ff	sparse	8	32	metal-union	4	0	240	2084667	1f919ff82fa1f5d36ee7fb452183f64bf4af9af081cd7becbbc70ee7b62edbba
A-2	f56a5a2496f519d7b71b7c4c8fdc166c355874ff	sparse	8	32	metal-worlds	4	1	241	663584	1f919ff82fa1f5d36ee7fb452183f64bf4af9af081cd7becbbc70ee7b62edbba
A-2	f56a5a2496f519d7b71b7c4c8fdc166c355874ff	sparse	8	32	scalar	4	2	242	154709	1f919ff82fa1f5d36ee7fb452183f64bf4af9af081cd7becbbc70ee7b62edbba
A-2	f56a5a2496f519d7b71b7c4c8fdc166c355874ff	sparse	8	32	rayon	4	3	243	66667	1f919ff82fa1f5d36ee7fb452183f64bf4af9af081cd7becbbc70ee7b62edbba
A-2	f56a5a2496f519d7b71b7c4c8fdc166c355874ff	sparse	8	32	portable-union	4	4	244	765291	1f919ff82fa1f5d36ee7fb452183f64bf4af9af081cd7becbbc70ee7b62edbba
A-2	f56a5a2496f519d7b71b7c4c8fdc166c355874ff	sparse	8	32	portable-worlds	4	5	245	60000	1f919ff82fa1f5d36ee7fb452183f64bf4af9af081cd7becbbc70ee7b62edbba
A-2	f56a5a2496f519d7b71b7c4c8fdc166c355874ff	sparse	8	32	metal-worlds	5	0	246	677584	1f919ff82fa1f5d36ee7fb452183f64bf4af9af081cd7becbbc70ee7b62edbba
A-2	f56a5a2496f519d7b71b7c4c8fdc166c355874ff	sparse	8	32	scalar	5	1	247	155709	1f919ff82fa1f5d36ee7fb452183f64bf4af9af081cd7becbbc70ee7b62edbba
A-2	f56a5a2496f519d7b71b7c4c8fdc166c355874ff	sparse	8	32	rayon	5	2	248	68875	1f919ff82fa1f5d36ee7fb452183f64bf4af9af081cd7becbbc70ee7b62edbba
A-2	f56a5a2496f519d7b71b7c4c8fdc166c355874ff	sparse	8	32	portable-union	5	3	249	766125	1f919ff82fa1f5d36ee7fb452183f64bf4af9af081cd7becbbc70ee7b62edbba
A-2	f56a5a2496f519d7b71b7c4c8fdc166c355874ff	sparse	8	32	portable-worlds	5	4	250	60750	1f919ff82fa1f5d36ee7fb452183f64bf4af9af081cd7becbbc70ee7b62edbba
A-2	f56a5a2496f519d7b71b7c4c8fdc166c355874ff	sparse	8	32	metal-union	5	5	251	2095750	1f919ff82fa1f5d36ee7fb452183f64bf4af9af081cd7becbbc70ee7b62edbba
A-2	f56a5a2496f519d7b71b7c4c8fdc166c355874ff	sparse	8	32	scalar	6	0	252	149667	1f919ff82fa1f5d36ee7fb452183f64bf4af9af081cd7becbbc70ee7b62edbba
A-2	f56a5a2496f519d7b71b7c4c8fdc166c355874ff	sparse	8	32	rayon	6	1	253	69375	1f919ff82fa1f5d36ee7fb452183f64bf4af9af081cd7becbbc70ee7b62edbba
A-2	f56a5a2496f519d7b71b7c4c8fdc166c355874ff	sparse	8	32	portable-union	6	2	254	769292	1f919ff82fa1f5d36ee7fb452183f64bf4af9af081cd7becbbc70ee7b62edbba
A-2	f56a5a2496f519d7b71b7c4c8fdc166c355874ff	sparse	8	32	portable-worlds	6	3	255	59709	1f919ff82fa1f5d36ee7fb452183f64bf4af9af081cd7becbbc70ee7b62edbba
A-2	f56a5a2496f519d7b71b7c4c8fdc166c355874ff	sparse	8	32	metal-union	6	4	256	2092333	1f919ff82fa1f5d36ee7fb452183f64bf4af9af081cd7becbbc70ee7b62edbba
A-2	f56a5a2496f519d7b71b7c4c8fdc166c355874ff	sparse	8	32	metal-worlds	6	5	257	672000	1f919ff82fa1f5d36ee7fb452183f64bf4af9af081cd7becbbc70ee7b62edbba
A-2	f56a5a2496f519d7b71b7c4c8fdc166c355874ff	sparse	8	32	rayon	7	0	258	66959	1f919ff82fa1f5d36ee7fb452183f64bf4af9af081cd7becbbc70ee7b62edbba
A-2	f56a5a2496f519d7b71b7c4c8fdc166c355874ff	sparse	8	32	portable-union	7	1	259	785208	1f919ff82fa1f5d36ee7fb452183f64bf4af9af081cd7becbbc70ee7b62edbba
A-2	f56a5a2496f519d7b71b7c4c8fdc166c355874ff	sparse	8	32	portable-worlds	7	2	260	59667	1f919ff82fa1f5d36ee7fb452183f64bf4af9af081cd7becbbc70ee7b62edbba
A-2	f56a5a2496f519d7b71b7c4c8fdc166c355874ff	sparse	8	32	metal-union	7	3	261	2086833	1f919ff82fa1f5d36ee7fb452183f64bf4af9af081cd7becbbc70ee7b62edbba
A-2	f56a5a2496f519d7b71b7c4c8fdc166c355874ff	sparse	8	32	metal-worlds	7	4	262	674333	1f919ff82fa1f5d36ee7fb452183f64bf4af9af081cd7becbbc70ee7b62edbba
A-2	f56a5a2496f519d7b71b7c4c8fdc166c355874ff	sparse	8	32	scalar	7	5	263	150292	1f919ff82fa1f5d36ee7fb452183f64bf4af9af081cd7becbbc70ee7b62edbba
A-2	f56a5a2496f519d7b71b7c4c8fdc166c355874ff	sparse	8	32	portable-union	8	0	264	762583	1f919ff82fa1f5d36ee7fb452183f64bf4af9af081cd7becbbc70ee7b62edbba
A-2	f56a5a2496f519d7b71b7c4c8fdc166c355874ff	sparse	8	32	portable-worlds	8	1	265	60042	1f919ff82fa1f5d36ee7fb452183f64bf4af9af081cd7becbbc70ee7b62edbba
A-2	f56a5a2496f519d7b71b7c4c8fdc166c355874ff	sparse	8	32	metal-union	8	2	266	2094917	1f919ff82fa1f5d36ee7fb452183f64bf4af9af081cd7becbbc70ee7b62edbba
A-2	f56a5a2496f519d7b71b7c4c8fdc166c355874ff	sparse	8	32	metal-worlds	8	3	267	669750	1f919ff82fa1f5d36ee7fb452183f64bf4af9af081cd7becbbc70ee7b62edbba
A-2	f56a5a2496f519d7b71b7c4c8fdc166c355874ff	sparse	8	32	scalar	8	4	268	149208	1f919ff82fa1f5d36ee7fb452183f64bf4af9af081cd7becbbc70ee7b62edbba
A-2	f56a5a2496f519d7b71b7c4c8fdc166c355874ff	sparse	8	32	rayon	8	5	269	66125	1f919ff82fa1f5d36ee7fb452183f64bf4af9af081cd7becbbc70ee7b62edbba
A-2	f56a5a2496f519d7b71b7c4c8fdc166c355874ff	sparse	8	32	portable-worlds	9	0	270	65250	1f919ff82fa1f5d36ee7fb452183f64bf4af9af081cd7becbbc70ee7b62edbba
A-2	f56a5a2496f519d7b71b7c4c8fdc166c355874ff	sparse	8	32	metal-union	9	1	271	2105000	1f919ff82fa1f5d36ee7fb452183f64bf4af9af081cd7becbbc70ee7b62edbba
A-2	f56a5a2496f519d7b71b7c4c8fdc166c355874ff	sparse	8	32	metal-worlds	9	2	272	666375	1f919ff82fa1f5d36ee7fb452183f64bf4af9af081cd7becbbc70ee7b62edbba
A-2	f56a5a2496f519d7b71b7c4c8fdc166c355874ff	sparse	8	32	scalar	9	3	273	152542	1f919ff82fa1f5d36ee7fb452183f64bf4af9af081cd7becbbc70ee7b62edbba
A-2	f56a5a2496f519d7b71b7c4c8fdc166c355874ff	sparse	8	32	rayon	9	4	274	66542	1f919ff82fa1f5d36ee7fb452183f64bf4af9af081cd7becbbc70ee7b62edbba
A-2	f56a5a2496f519d7b71b7c4c8fdc166c355874ff	sparse	8	32	portable-union	9	5	275	754500	1f919ff82fa1f5d36ee7fb452183f64bf4af9af081cd7becbbc70ee7b62edbba
A-2	f56a5a2496f519d7b71b7c4c8fdc166c355874ff	sparse	8	32	metal-union	10	0	276	2089500	1f919ff82fa1f5d36ee7fb452183f64bf4af9af081cd7becbbc70ee7b62edbba
A-2	f56a5a2496f519d7b71b7c4c8fdc166c355874ff	sparse	8	32	metal-worlds	10	1	277	669959	1f919ff82fa1f5d36ee7fb452183f64bf4af9af081cd7becbbc70ee7b62edbba
A-2	f56a5a2496f519d7b71b7c4c8fdc166c355874ff	sparse	8	32	scalar	10	2	278	148167	1f919ff82fa1f5d36ee7fb452183f64bf4af9af081cd7becbbc70ee7b62edbba
A-2	f56a5a2496f519d7b71b7c4c8fdc166c355874ff	sparse	8	32	rayon	10	3	279	68042	1f919ff82fa1f5d36ee7fb452183f64bf4af9af081cd7becbbc70ee7b62edbba
A-2	f56a5a2496f519d7b71b7c4c8fdc166c355874ff	sparse	8	32	portable-union	10	4	280	781208	1f919ff82fa1f5d36ee7fb452183f64bf4af9af081cd7becbbc70ee7b62edbba
A-2	f56a5a2496f519d7b71b7c4c8fdc166c355874ff	sparse	8	32	portable-worlds	10	5	281	59459	1f919ff82fa1f5d36ee7fb452183f64bf4af9af081cd7becbbc70ee7b62edbba
A-2	f56a5a2496f519d7b71b7c4c8fdc166c355874ff	sparse	8	32	metal-worlds	11	0	282	639541	1f919ff82fa1f5d36ee7fb452183f64bf4af9af081cd7becbbc70ee7b62edbba
A-2	f56a5a2496f519d7b71b7c4c8fdc166c355874ff	sparse	8	32	scalar	11	1	283	147833	1f919ff82fa1f5d36ee7fb452183f64bf4af9af081cd7becbbc70ee7b62edbba
A-2	f56a5a2496f519d7b71b7c4c8fdc166c355874ff	sparse	8	32	rayon	11	2	284	65541	1f919ff82fa1f5d36ee7fb452183f64bf4af9af081cd7becbbc70ee7b62edbba
A-2	f56a5a2496f519d7b71b7c4c8fdc166c355874ff	sparse	8	32	portable-union	11	3	285	770209	1f919ff82fa1f5d36ee7fb452183f64bf4af9af081cd7becbbc70ee7b62edbba
A-2	f56a5a2496f519d7b71b7c4c8fdc166c355874ff	sparse	8	32	portable-worlds	11	4	286	58917	1f919ff82fa1f5d36ee7fb452183f64bf4af9af081cd7becbbc70ee7b62edbba
A-2	f56a5a2496f519d7b71b7c4c8fdc166c355874ff	sparse	8	32	metal-union	11	5	287	2095750	1f919ff82fa1f5d36ee7fb452183f64bf4af9af081cd7becbbc70ee7b62edbba
A-2	f56a5a2496f519d7b71b7c4c8fdc166c355874ff	dense	4	1	scalar	0	0	288	57875	1f919ff82fa1f5d36ee7fb452183f64bf4af9af081cd7becbbc70ee7b62edbba
A-2	f56a5a2496f519d7b71b7c4c8fdc166c355874ff	dense	4	1	rayon	0	1	289	67250	1f919ff82fa1f5d36ee7fb452183f64bf4af9af081cd7becbbc70ee7b62edbba
A-2	f56a5a2496f519d7b71b7c4c8fdc166c355874ff	dense	4	1	portable-union	0	2	290	95125	1f919ff82fa1f5d36ee7fb452183f64bf4af9af081cd7becbbc70ee7b62edbba
A-2	f56a5a2496f519d7b71b7c4c8fdc166c355874ff	dense	4	1	portable-worlds	0	3	291	91000	1f919ff82fa1f5d36ee7fb452183f64bf4af9af081cd7becbbc70ee7b62edbba
A-2	f56a5a2496f519d7b71b7c4c8fdc166c355874ff	dense	4	1	metal-union	0	4	292	701125	1f919ff82fa1f5d36ee7fb452183f64bf4af9af081cd7becbbc70ee7b62edbba
A-2	f56a5a2496f519d7b71b7c4c8fdc166c355874ff	dense	4	1	metal-worlds	0	5	293	694084	1f919ff82fa1f5d36ee7fb452183f64bf4af9af081cd7becbbc70ee7b62edbba
A-2	f56a5a2496f519d7b71b7c4c8fdc166c355874ff	dense	4	1	rayon	1	0	294	66792	1f919ff82fa1f5d36ee7fb452183f64bf4af9af081cd7becbbc70ee7b62edbba
A-2	f56a5a2496f519d7b71b7c4c8fdc166c355874ff	dense	4	1	portable-union	1	1	295	95250	1f919ff82fa1f5d36ee7fb452183f64bf4af9af081cd7becbbc70ee7b62edbba
A-2	f56a5a2496f519d7b71b7c4c8fdc166c355874ff	dense	4	1	portable-worlds	1	2	296	91583	1f919ff82fa1f5d36ee7fb452183f64bf4af9af081cd7becbbc70ee7b62edbba
A-2	f56a5a2496f519d7b71b7c4c8fdc166c355874ff	dense	4	1	metal-union	1	3	297	689500	1f919ff82fa1f5d36ee7fb452183f64bf4af9af081cd7becbbc70ee7b62edbba
A-2	f56a5a2496f519d7b71b7c4c8fdc166c355874ff	dense	4	1	metal-worlds	1	4	298	762208	1f919ff82fa1f5d36ee7fb452183f64bf4af9af081cd7becbbc70ee7b62edbba
A-2	f56a5a2496f519d7b71b7c4c8fdc166c355874ff	dense	4	1	scalar	1	5	299	64125	1f919ff82fa1f5d36ee7fb452183f64bf4af9af081cd7becbbc70ee7b62edbba
A-2	f56a5a2496f519d7b71b7c4c8fdc166c355874ff	dense	4	1	portable-union	2	0	300	93500	1f919ff82fa1f5d36ee7fb452183f64bf4af9af081cd7becbbc70ee7b62edbba
A-2	f56a5a2496f519d7b71b7c4c8fdc166c355874ff	dense	4	1	portable-worlds	2	1	301	91334	1f919ff82fa1f5d36ee7fb452183f64bf4af9af081cd7becbbc70ee7b62edbba
A-2	f56a5a2496f519d7b71b7c4c8fdc166c355874ff	dense	4	1	metal-union	2	2	302	702333	1f919ff82fa1f5d36ee7fb452183f64bf4af9af081cd7becbbc70ee7b62edbba
A-2	f56a5a2496f519d7b71b7c4c8fdc166c355874ff	dense	4	1	metal-worlds	2	3	303	691666	1f919ff82fa1f5d36ee7fb452183f64bf4af9af081cd7becbbc70ee7b62edbba
A-2	f56a5a2496f519d7b71b7c4c8fdc166c355874ff	dense	4	1	scalar	2	4	304	60208	1f919ff82fa1f5d36ee7fb452183f64bf4af9af081cd7becbbc70ee7b62edbba
A-2	f56a5a2496f519d7b71b7c4c8fdc166c355874ff	dense	4	1	rayon	2	5	305	68833	1f919ff82fa1f5d36ee7fb452183f64bf4af9af081cd7becbbc70ee7b62edbba
A-2	f56a5a2496f519d7b71b7c4c8fdc166c355874ff	dense	4	1	portable-worlds	3	0	306	97292	1f919ff82fa1f5d36ee7fb452183f64bf4af9af081cd7becbbc70ee7b62edbba
A-2	f56a5a2496f519d7b71b7c4c8fdc166c355874ff	dense	4	1	metal-union	3	1	307	695083	1f919ff82fa1f5d36ee7fb452183f64bf4af9af081cd7becbbc70ee7b62edbba
A-2	f56a5a2496f519d7b71b7c4c8fdc166c355874ff	dense	4	1	metal-worlds	3	2	308	704333	1f919ff82fa1f5d36ee7fb452183f64bf4af9af081cd7becbbc70ee7b62edbba
A-2	f56a5a2496f519d7b71b7c4c8fdc166c355874ff	dense	4	1	scalar	3	3	309	59459	1f919ff82fa1f5d36ee7fb452183f64bf4af9af081cd7becbbc70ee7b62edbba
A-2	f56a5a2496f519d7b71b7c4c8fdc166c355874ff	dense	4	1	rayon	3	4	310	67750	1f919ff82fa1f5d36ee7fb452183f64bf4af9af081cd7becbbc70ee7b62edbba
A-2	f56a5a2496f519d7b71b7c4c8fdc166c355874ff	dense	4	1	portable-union	3	5	311	96708	1f919ff82fa1f5d36ee7fb452183f64bf4af9af081cd7becbbc70ee7b62edbba
A-2	f56a5a2496f519d7b71b7c4c8fdc166c355874ff	dense	4	1	metal-union	4	0	312	708792	1f919ff82fa1f5d36ee7fb452183f64bf4af9af081cd7becbbc70ee7b62edbba
A-2	f56a5a2496f519d7b71b7c4c8fdc166c355874ff	dense	4	1	metal-worlds	4	1	313	696791	1f919ff82fa1f5d36ee7fb452183f64bf4af9af081cd7becbbc70ee7b62edbba
A-2	f56a5a2496f519d7b71b7c4c8fdc166c355874ff	dense	4	1	scalar	4	2	314	58375	1f919ff82fa1f5d36ee7fb452183f64bf4af9af081cd7becbbc70ee7b62edbba
A-2	f56a5a2496f519d7b71b7c4c8fdc166c355874ff	dense	4	1	rayon	4	3	315	82917	1f919ff82fa1f5d36ee7fb452183f64bf4af9af081cd7becbbc70ee7b62edbba
A-2	f56a5a2496f519d7b71b7c4c8fdc166c355874ff	dense	4	1	portable-union	4	4	316	96041	1f919ff82fa1f5d36ee7fb452183f64bf4af9af081cd7becbbc70ee7b62edbba
A-2	f56a5a2496f519d7b71b7c4c8fdc166c355874ff	dense	4	1	portable-worlds	4	5	317	91334	1f919ff82fa1f5d36ee7fb452183f64bf4af9af081cd7becbbc70ee7b62edbba
A-2	f56a5a2496f519d7b71b7c4c8fdc166c355874ff	dense	4	1	metal-worlds	5	0	318	678625	1f919ff82fa1f5d36ee7fb452183f64bf4af9af081cd7becbbc70ee7b62edbba
A-2	f56a5a2496f519d7b71b7c4c8fdc166c355874ff	dense	4	1	scalar	5	1	319	57750	1f919ff82fa1f5d36ee7fb452183f64bf4af9af081cd7becbbc70ee7b62edbba
A-2	f56a5a2496f519d7b71b7c4c8fdc166c355874ff	dense	4	1	rayon	5	2	320	65750	1f919ff82fa1f5d36ee7fb452183f64bf4af9af081cd7becbbc70ee7b62edbba
A-2	f56a5a2496f519d7b71b7c4c8fdc166c355874ff	dense	4	1	portable-union	5	3	321	96375	1f919ff82fa1f5d36ee7fb452183f64bf4af9af081cd7becbbc70ee7b62edbba
A-2	f56a5a2496f519d7b71b7c4c8fdc166c355874ff	dense	4	1	portable-worlds	5	4	322	90125	1f919ff82fa1f5d36ee7fb452183f64bf4af9af081cd7becbbc70ee7b62edbba
A-2	f56a5a2496f519d7b71b7c4c8fdc166c355874ff	dense	4	1	metal-union	5	5	323	687959	1f919ff82fa1f5d36ee7fb452183f64bf4af9af081cd7becbbc70ee7b62edbba
A-2	f56a5a2496f519d7b71b7c4c8fdc166c355874ff	dense	4	1	scalar	6	0	324	57792	1f919ff82fa1f5d36ee7fb452183f64bf4af9af081cd7becbbc70ee7b62edbba
A-2	f56a5a2496f519d7b71b7c4c8fdc166c355874ff	dense	4	1	rayon	6	1	325	65750	1f919ff82fa1f5d36ee7fb452183f64bf4af9af081cd7becbbc70ee7b62edbba
A-2	f56a5a2496f519d7b71b7c4c8fdc166c355874ff	dense	4	1	portable-union	6	2	326	94083	1f919ff82fa1f5d36ee7fb452183f64bf4af9af081cd7becbbc70ee7b62edbba
A-2	f56a5a2496f519d7b71b7c4c8fdc166c355874ff	dense	4	1	portable-worlds	6	3	327	90459	1f919ff82fa1f5d36ee7fb452183f64bf4af9af081cd7becbbc70ee7b62edbba
A-2	f56a5a2496f519d7b71b7c4c8fdc166c355874ff	dense	4	1	metal-union	6	4	328	704250	1f919ff82fa1f5d36ee7fb452183f64bf4af9af081cd7becbbc70ee7b62edbba
A-2	f56a5a2496f519d7b71b7c4c8fdc166c355874ff	dense	4	1	metal-worlds	6	5	329	725209	1f919ff82fa1f5d36ee7fb452183f64bf4af9af081cd7becbbc70ee7b62edbba
A-2	f56a5a2496f519d7b71b7c4c8fdc166c355874ff	dense	4	1	rayon	7	0	330	65334	1f919ff82fa1f5d36ee7fb452183f64bf4af9af081cd7becbbc70ee7b62edbba
A-2	f56a5a2496f519d7b71b7c4c8fdc166c355874ff	dense	4	1	portable-union	7	1	331	95042	1f919ff82fa1f5d36ee7fb452183f64bf4af9af081cd7becbbc70ee7b62edbba
A-2	f56a5a2496f519d7b71b7c4c8fdc166c355874ff	dense	4	1	portable-worlds	7	2	332	89542	1f919ff82fa1f5d36ee7fb452183f64bf4af9af081cd7becbbc70ee7b62edbba
A-2	f56a5a2496f519d7b71b7c4c8fdc166c355874ff	dense	4	1	metal-union	7	3	333	693625	1f919ff82fa1f5d36ee7fb452183f64bf4af9af081cd7becbbc70ee7b62edbba
A-2	f56a5a2496f519d7b71b7c4c8fdc166c355874ff	dense	4	1	metal-worlds	7	4	334	707500	1f919ff82fa1f5d36ee7fb452183f64bf4af9af081cd7becbbc70ee7b62edbba
A-2	f56a5a2496f519d7b71b7c4c8fdc166c355874ff	dense	4	1	scalar	7	5	335	57375	1f919ff82fa1f5d36ee7fb452183f64bf4af9af081cd7becbbc70ee7b62edbba
A-2	f56a5a2496f519d7b71b7c4c8fdc166c355874ff	dense	4	1	portable-union	8	0	336	91167	1f919ff82fa1f5d36ee7fb452183f64bf4af9af081cd7becbbc70ee7b62edbba
A-2	f56a5a2496f519d7b71b7c4c8fdc166c355874ff	dense	4	1	portable-worlds	8	1	337	89208	1f919ff82fa1f5d36ee7fb452183f64bf4af9af081cd7becbbc70ee7b62edbba
A-2	f56a5a2496f519d7b71b7c4c8fdc166c355874ff	dense	4	1	metal-union	8	2	338	695042	1f919ff82fa1f5d36ee7fb452183f64bf4af9af081cd7becbbc70ee7b62edbba
A-2	f56a5a2496f519d7b71b7c4c8fdc166c355874ff	dense	4	1	metal-worlds	8	3	339	698958	1f919ff82fa1f5d36ee7fb452183f64bf4af9af081cd7becbbc70ee7b62edbba
A-2	f56a5a2496f519d7b71b7c4c8fdc166c355874ff	dense	4	1	scalar	8	4	340	56667	1f919ff82fa1f5d36ee7fb452183f64bf4af9af081cd7becbbc70ee7b62edbba
A-2	f56a5a2496f519d7b71b7c4c8fdc166c355874ff	dense	4	1	rayon	8	5	341	69125	1f919ff82fa1f5d36ee7fb452183f64bf4af9af081cd7becbbc70ee7b62edbba
A-2	f56a5a2496f519d7b71b7c4c8fdc166c355874ff	dense	4	1	portable-worlds	9	0	342	94500	1f919ff82fa1f5d36ee7fb452183f64bf4af9af081cd7becbbc70ee7b62edbba
A-2	f56a5a2496f519d7b71b7c4c8fdc166c355874ff	dense	4	1	metal-union	9	1	343	695625	1f919ff82fa1f5d36ee7fb452183f64bf4af9af081cd7becbbc70ee7b62edbba
A-2	f56a5a2496f519d7b71b7c4c8fdc166c355874ff	dense	4	1	metal-worlds	9	2	344	699959	1f919ff82fa1f5d36ee7fb452183f64bf4af9af081cd7becbbc70ee7b62edbba
A-2	f56a5a2496f519d7b71b7c4c8fdc166c355874ff	dense	4	1	scalar	9	3	345	58042	1f919ff82fa1f5d36ee7fb452183f64bf4af9af081cd7becbbc70ee7b62edbba
A-2	f56a5a2496f519d7b71b7c4c8fdc166c355874ff	dense	4	1	rayon	9	4	346	73292	1f919ff82fa1f5d36ee7fb452183f64bf4af9af081cd7becbbc70ee7b62edbba
A-2	f56a5a2496f519d7b71b7c4c8fdc166c355874ff	dense	4	1	portable-union	9	5	347	104042	1f919ff82fa1f5d36ee7fb452183f64bf4af9af081cd7becbbc70ee7b62edbba
A-2	f56a5a2496f519d7b71b7c4c8fdc166c355874ff	dense	4	1	metal-union	10	0	348	691125	1f919ff82fa1f5d36ee7fb452183f64bf4af9af081cd7becbbc70ee7b62edbba
A-2	f56a5a2496f519d7b71b7c4c8fdc166c355874ff	dense	4	1	metal-worlds	10	1	349	692084	1f919ff82fa1f5d36ee7fb452183f64bf4af9af081cd7becbbc70ee7b62edbba
A-2	f56a5a2496f519d7b71b7c4c8fdc166c355874ff	dense	4	1	scalar	10	2	350	58250	1f919ff82fa1f5d36ee7fb452183f64bf4af9af081cd7becbbc70ee7b62edbba
A-2	f56a5a2496f519d7b71b7c4c8fdc166c355874ff	dense	4	1	rayon	10	3	351	66792	1f919ff82fa1f5d36ee7fb452183f64bf4af9af081cd7becbbc70ee7b62edbba
A-2	f56a5a2496f519d7b71b7c4c8fdc166c355874ff	dense	4	1	portable-union	10	4	352	93708	1f919ff82fa1f5d36ee7fb452183f64bf4af9af081cd7becbbc70ee7b62edbba
A-2	f56a5a2496f519d7b71b7c4c8fdc166c355874ff	dense	4	1	portable-worlds	10	5	353	90333	1f919ff82fa1f5d36ee7fb452183f64bf4af9af081cd7becbbc70ee7b62edbba
A-2	f56a5a2496f519d7b71b7c4c8fdc166c355874ff	dense	4	1	metal-worlds	11	0	354	794500	1f919ff82fa1f5d36ee7fb452183f64bf4af9af081cd7becbbc70ee7b62edbba
A-2	f56a5a2496f519d7b71b7c4c8fdc166c355874ff	dense	4	1	scalar	11	1	355	62958	1f919ff82fa1f5d36ee7fb452183f64bf4af9af081cd7becbbc70ee7b62edbba
A-2	f56a5a2496f519d7b71b7c4c8fdc166c355874ff	dense	4	1	rayon	11	2	356	71667	1f919ff82fa1f5d36ee7fb452183f64bf4af9af081cd7becbbc70ee7b62edbba
A-2	f56a5a2496f519d7b71b7c4c8fdc166c355874ff	dense	4	1	portable-union	11	3	357	98625	1f919ff82fa1f5d36ee7fb452183f64bf4af9af081cd7becbbc70ee7b62edbba
A-2	f56a5a2496f519d7b71b7c4c8fdc166c355874ff	dense	4	1	portable-worlds	11	4	358	92750	1f919ff82fa1f5d36ee7fb452183f64bf4af9af081cd7becbbc70ee7b62edbba
A-2	f56a5a2496f519d7b71b7c4c8fdc166c355874ff	dense	4	1	metal-union	11	5	359	706583	1f919ff82fa1f5d36ee7fb452183f64bf4af9af081cd7becbbc70ee7b62edbba
A-2	f56a5a2496f519d7b71b7c4c8fdc166c355874ff	dense	4	32	scalar	0	0	360	1888791	1f919ff82fa1f5d36ee7fb452183f64bf4af9af081cd7becbbc70ee7b62edbba
A-2	f56a5a2496f519d7b71b7c4c8fdc166c355874ff	dense	4	32	rayon	0	1	361	572958	1f919ff82fa1f5d36ee7fb452183f64bf4af9af081cd7becbbc70ee7b62edbba
A-2	f56a5a2496f519d7b71b7c4c8fdc166c355874ff	dense	4	32	portable-union	0	2	362	230000	1f919ff82fa1f5d36ee7fb452183f64bf4af9af081cd7becbbc70ee7b62edbba
A-2	f56a5a2496f519d7b71b7c4c8fdc166c355874ff	dense	4	32	portable-worlds	0	3	363	230208	1f919ff82fa1f5d36ee7fb452183f64bf4af9af081cd7becbbc70ee7b62edbba
A-2	f56a5a2496f519d7b71b7c4c8fdc166c355874ff	dense	4	32	metal-union	0	4	364	1086167	1f919ff82fa1f5d36ee7fb452183f64bf4af9af081cd7becbbc70ee7b62edbba
A-2	f56a5a2496f519d7b71b7c4c8fdc166c355874ff	dense	4	32	metal-worlds	0	5	365	830708	1f919ff82fa1f5d36ee7fb452183f64bf4af9af081cd7becbbc70ee7b62edbba
A-2	f56a5a2496f519d7b71b7c4c8fdc166c355874ff	dense	4	32	rayon	1	0	366	571167	1f919ff82fa1f5d36ee7fb452183f64bf4af9af081cd7becbbc70ee7b62edbba
A-2	f56a5a2496f519d7b71b7c4c8fdc166c355874ff	dense	4	32	portable-union	1	1	367	231250	1f919ff82fa1f5d36ee7fb452183f64bf4af9af081cd7becbbc70ee7b62edbba
A-2	f56a5a2496f519d7b71b7c4c8fdc166c355874ff	dense	4	32	portable-worlds	1	2	368	234667	1f919ff82fa1f5d36ee7fb452183f64bf4af9af081cd7becbbc70ee7b62edbba
A-2	f56a5a2496f519d7b71b7c4c8fdc166c355874ff	dense	4	32	metal-union	1	3	369	827750	1f919ff82fa1f5d36ee7fb452183f64bf4af9af081cd7becbbc70ee7b62edbba
A-2	f56a5a2496f519d7b71b7c4c8fdc166c355874ff	dense	4	32	metal-worlds	1	4	370	814167	1f919ff82fa1f5d36ee7fb452183f64bf4af9af081cd7becbbc70ee7b62edbba
A-2	f56a5a2496f519d7b71b7c4c8fdc166c355874ff	dense	4	32	scalar	1	5	371	1814958	1f919ff82fa1f5d36ee7fb452183f64bf4af9af081cd7becbbc70ee7b62edbba
A-2	f56a5a2496f519d7b71b7c4c8fdc166c355874ff	dense	4	32	portable-union	2	0	372	250125	1f919ff82fa1f5d36ee7fb452183f64bf4af9af081cd7becbbc70ee7b62edbba
A-2	f56a5a2496f519d7b71b7c4c8fdc166c355874ff	dense	4	32	portable-worlds	2	1	373	240666	1f919ff82fa1f5d36ee7fb452183f64bf4af9af081cd7becbbc70ee7b62edbba
A-2	f56a5a2496f519d7b71b7c4c8fdc166c355874ff	dense	4	32	metal-union	2	2	374	1060708	1f919ff82fa1f5d36ee7fb452183f64bf4af9af081cd7becbbc70ee7b62edbba
A-2	f56a5a2496f519d7b71b7c4c8fdc166c355874ff	dense	4	32	metal-worlds	2	3	375	827959	1f919ff82fa1f5d36ee7fb452183f64bf4af9af081cd7becbbc70ee7b62edbba
A-2	f56a5a2496f519d7b71b7c4c8fdc166c355874ff	dense	4	32	scalar	2	4	376	1841250	1f919ff82fa1f5d36ee7fb452183f64bf4af9af081cd7becbbc70ee7b62edbba
A-2	f56a5a2496f519d7b71b7c4c8fdc166c355874ff	dense	4	32	rayon	2	5	377	570625	1f919ff82fa1f5d36ee7fb452183f64bf4af9af081cd7becbbc70ee7b62edbba
A-2	f56a5a2496f519d7b71b7c4c8fdc166c355874ff	dense	4	32	portable-worlds	3	0	378	229250	1f919ff82fa1f5d36ee7fb452183f64bf4af9af081cd7becbbc70ee7b62edbba
A-2	f56a5a2496f519d7b71b7c4c8fdc166c355874ff	dense	4	32	metal-union	3	1	379	1124584	1f919ff82fa1f5d36ee7fb452183f64bf4af9af081cd7becbbc70ee7b62edbba
A-2	f56a5a2496f519d7b71b7c4c8fdc166c355874ff	dense	4	32	metal-worlds	3	2	380	819791	1f919ff82fa1f5d36ee7fb452183f64bf4af9af081cd7becbbc70ee7b62edbba
A-2	f56a5a2496f519d7b71b7c4c8fdc166c355874ff	dense	4	32	scalar	3	3	381	1785125	1f919ff82fa1f5d36ee7fb452183f64bf4af9af081cd7becbbc70ee7b62edbba
A-2	f56a5a2496f519d7b71b7c4c8fdc166c355874ff	dense	4	32	rayon	3	4	382	550500	1f919ff82fa1f5d36ee7fb452183f64bf4af9af081cd7becbbc70ee7b62edbba
A-2	f56a5a2496f519d7b71b7c4c8fdc166c355874ff	dense	4	32	portable-union	3	5	383	224958	1f919ff82fa1f5d36ee7fb452183f64bf4af9af081cd7becbbc70ee7b62edbba
A-2	f56a5a2496f519d7b71b7c4c8fdc166c355874ff	dense	4	32	metal-union	4	0	384	1085959	1f919ff82fa1f5d36ee7fb452183f64bf4af9af081cd7becbbc70ee7b62edbba
A-2	f56a5a2496f519d7b71b7c4c8fdc166c355874ff	dense	4	32	metal-worlds	4	1	385	844333	1f919ff82fa1f5d36ee7fb452183f64bf4af9af081cd7becbbc70ee7b62edbba
A-2	f56a5a2496f519d7b71b7c4c8fdc166c355874ff	dense	4	32	scalar	4	2	386	1823541	1f919ff82fa1f5d36ee7fb452183f64bf4af9af081cd7becbbc70ee7b62edbba
A-2	f56a5a2496f519d7b71b7c4c8fdc166c355874ff	dense	4	32	rayon	4	3	387	545084	1f919ff82fa1f5d36ee7fb452183f64bf4af9af081cd7becbbc70ee7b62edbba
A-2	f56a5a2496f519d7b71b7c4c8fdc166c355874ff	dense	4	32	portable-union	4	4	388	223166	1f919ff82fa1f5d36ee7fb452183f64bf4af9af081cd7becbbc70ee7b62edbba
A-2	f56a5a2496f519d7b71b7c4c8fdc166c355874ff	dense	4	32	portable-worlds	4	5	389	249833	1f919ff82fa1f5d36ee7fb452183f64bf4af9af081cd7becbbc70ee7b62edbba
A-2	f56a5a2496f519d7b71b7c4c8fdc166c355874ff	dense	4	32	metal-worlds	5	0	390	1115667	1f919ff82fa1f5d36ee7fb452183f64bf4af9af081cd7becbbc70ee7b62edbba
A-2	f56a5a2496f519d7b71b7c4c8fdc166c355874ff	dense	4	32	scalar	5	1	391	1756875	1f919ff82fa1f5d36ee7fb452183f64bf4af9af081cd7becbbc70ee7b62edbba
A-2	f56a5a2496f519d7b71b7c4c8fdc166c355874ff	dense	4	32	rayon	5	2	392	549250	1f919ff82fa1f5d36ee7fb452183f64bf4af9af081cd7becbbc70ee7b62edbba
A-2	f56a5a2496f519d7b71b7c4c8fdc166c355874ff	dense	4	32	portable-union	5	3	393	223417	1f919ff82fa1f5d36ee7fb452183f64bf4af9af081cd7becbbc70ee7b62edbba
A-2	f56a5a2496f519d7b71b7c4c8fdc166c355874ff	dense	4	32	portable-worlds	5	4	394	226167	1f919ff82fa1f5d36ee7fb452183f64bf4af9af081cd7becbbc70ee7b62edbba
A-2	f56a5a2496f519d7b71b7c4c8fdc166c355874ff	dense	4	32	metal-union	5	5	395	1083833	1f919ff82fa1f5d36ee7fb452183f64bf4af9af081cd7becbbc70ee7b62edbba
A-2	f56a5a2496f519d7b71b7c4c8fdc166c355874ff	dense	4	32	scalar	6	0	396	1800667	1f919ff82fa1f5d36ee7fb452183f64bf4af9af081cd7becbbc70ee7b62edbba
A-2	f56a5a2496f519d7b71b7c4c8fdc166c355874ff	dense	4	32	rayon	6	1	397	546041	1f919ff82fa1f5d36ee7fb452183f64bf4af9af081cd7becbbc70ee7b62edbba
A-2	f56a5a2496f519d7b71b7c4c8fdc166c355874ff	dense	4	32	portable-union	6	2	398	222833	1f919ff82fa1f5d36ee7fb452183f64bf4af9af081cd7becbbc70ee7b62edbba
A-2	f56a5a2496f519d7b71b7c4c8fdc166c355874ff	dense	4	32	portable-worlds	6	3	399	228125	1f919ff82fa1f5d36ee7fb452183f64bf4af9af081cd7becbbc70ee7b62edbba
A-2	f56a5a2496f519d7b71b7c4c8fdc166c355874ff	dense	4	32	metal-union	6	4	400	1102750	1f919ff82fa1f5d36ee7fb452183f64bf4af9af081cd7becbbc70ee7b62edbba
A-2	f56a5a2496f519d7b71b7c4c8fdc166c355874ff	dense	4	32	metal-worlds	6	5	401	823167	1f919ff82fa1f5d36ee7fb452183f64bf4af9af081cd7becbbc70ee7b62edbba
A-2	f56a5a2496f519d7b71b7c4c8fdc166c355874ff	dense	4	32	rayon	7	0	402	552083	1f919ff82fa1f5d36ee7fb452183f64bf4af9af081cd7becbbc70ee7b62edbba
A-2	f56a5a2496f519d7b71b7c4c8fdc166c355874ff	dense	4	32	portable-union	7	1	403	223750	1f919ff82fa1f5d36ee7fb452183f64bf4af9af081cd7becbbc70ee7b62edbba
A-2	f56a5a2496f519d7b71b7c4c8fdc166c355874ff	dense	4	32	portable-worlds	7	2	404	225833	1f919ff82fa1f5d36ee7fb452183f64bf4af9af081cd7becbbc70ee7b62edbba
A-2	f56a5a2496f519d7b71b7c4c8fdc166c355874ff	dense	4	32	metal-union	7	3	405	820250	1f919ff82fa1f5d36ee7fb452183f64bf4af9af081cd7becbbc70ee7b62edbba
A-2	f56a5a2496f519d7b71b7c4c8fdc166c355874ff	dense	4	32	metal-worlds	7	4	406	822500	1f919ff82fa1f5d36ee7fb452183f64bf4af9af081cd7becbbc70ee7b62edbba
A-2	f56a5a2496f519d7b71b7c4c8fdc166c355874ff	dense	4	32	scalar	7	5	407	1894250	1f919ff82fa1f5d36ee7fb452183f64bf4af9af081cd7becbbc70ee7b62edbba
A-2	f56a5a2496f519d7b71b7c4c8fdc166c355874ff	dense	4	32	portable-union	8	0	408	247666	1f919ff82fa1f5d36ee7fb452183f64bf4af9af081cd7becbbc70ee7b62edbba
A-2	f56a5a2496f519d7b71b7c4c8fdc166c355874ff	dense	4	32	portable-worlds	8	1	409	240208	1f919ff82fa1f5d36ee7fb452183f64bf4af9af081cd7becbbc70ee7b62edbba
A-2	f56a5a2496f519d7b71b7c4c8fdc166c355874ff	dense	4	32	metal-union	8	2	410	1156542	1f919ff82fa1f5d36ee7fb452183f64bf4af9af081cd7becbbc70ee7b62edbba
A-2	f56a5a2496f519d7b71b7c4c8fdc166c355874ff	dense	4	32	metal-worlds	8	3	411	819167	1f919ff82fa1f5d36ee7fb452183f64bf4af9af081cd7becbbc70ee7b62edbba
A-2	f56a5a2496f519d7b71b7c4c8fdc166c355874ff	dense	4	32	scalar	8	4	412	1877167	1f919ff82fa1f5d36ee7fb452183f64bf4af9af081cd7becbbc70ee7b62edbba
A-2	f56a5a2496f519d7b71b7c4c8fdc166c355874ff	dense	4	32	rayon	8	5	413	548000	1f919ff82fa1f5d36ee7fb452183f64bf4af9af081cd7becbbc70ee7b62edbba
A-2	f56a5a2496f519d7b71b7c4c8fdc166c355874ff	dense	4	32	portable-worlds	9	0	414	251250	1f919ff82fa1f5d36ee7fb452183f64bf4af9af081cd7becbbc70ee7b62edbba
A-2	f56a5a2496f519d7b71b7c4c8fdc166c355874ff	dense	4	32	metal-union	9	1	415	1091834	1f919ff82fa1f5d36ee7fb452183f64bf4af9af081cd7becbbc70ee7b62edbba
A-2	f56a5a2496f519d7b71b7c4c8fdc166c355874ff	dense	4	32	metal-worlds	9	2	416	821042	1f919ff82fa1f5d36ee7fb452183f64bf4af9af081cd7becbbc70ee7b62edbba
A-2	f56a5a2496f519d7b71b7c4c8fdc166c355874ff	dense	4	32	scalar	9	3	417	1865292	1f919ff82fa1f5d36ee7fb452183f64bf4af9af081cd7becbbc70ee7b62edbba
A-2	f56a5a2496f519d7b71b7c4c8fdc166c355874ff	dense	4	32	rayon	9	4	418	542959	1f919ff82fa1f5d36ee7fb452183f64bf4af9af081cd7becbbc70ee7b62edbba
A-2	f56a5a2496f519d7b71b7c4c8fdc166c355874ff	dense	4	32	portable-union	9	5	419	238458	1f919ff82fa1f5d36ee7fb452183f64bf4af9af081cd7becbbc70ee7b62edbba
A-2	f56a5a2496f519d7b71b7c4c8fdc166c355874ff	dense	4	32	metal-union	10	0	420	1103833	1f919ff82fa1f5d36ee7fb452183f64bf4af9af081cd7becbbc70ee7b62edbba
A-2	f56a5a2496f519d7b71b7c4c8fdc166c355874ff	dense	4	32	metal-worlds	10	1	421	823542	1f919ff82fa1f5d36ee7fb452183f64bf4af9af081cd7becbbc70ee7b62edbba
A-2	f56a5a2496f519d7b71b7c4c8fdc166c355874ff	dense	4	32	scalar	10	2	422	1889167	1f919ff82fa1f5d36ee7fb452183f64bf4af9af081cd7becbbc70ee7b62edbba
A-2	f56a5a2496f519d7b71b7c4c8fdc166c355874ff	dense	4	32	rayon	10	3	423	543541	1f919ff82fa1f5d36ee7fb452183f64bf4af9af081cd7becbbc70ee7b62edbba
A-2	f56a5a2496f519d7b71b7c4c8fdc166c355874ff	dense	4	32	portable-union	10	4	424	239250	1f919ff82fa1f5d36ee7fb452183f64bf4af9af081cd7becbbc70ee7b62edbba
A-2	f56a5a2496f519d7b71b7c4c8fdc166c355874ff	dense	4	32	portable-worlds	10	5	425	226667	1f919ff82fa1f5d36ee7fb452183f64bf4af9af081cd7becbbc70ee7b62edbba
A-2	f56a5a2496f519d7b71b7c4c8fdc166c355874ff	dense	4	32	metal-worlds	11	0	426	1076416	1f919ff82fa1f5d36ee7fb452183f64bf4af9af081cd7becbbc70ee7b62edbba
A-2	f56a5a2496f519d7b71b7c4c8fdc166c355874ff	dense	4	32	scalar	11	1	427	1879584	1f919ff82fa1f5d36ee7fb452183f64bf4af9af081cd7becbbc70ee7b62edbba
A-2	f56a5a2496f519d7b71b7c4c8fdc166c355874ff	dense	4	32	rayon	11	2	428	543875	1f919ff82fa1f5d36ee7fb452183f64bf4af9af081cd7becbbc70ee7b62edbba
A-2	f56a5a2496f519d7b71b7c4c8fdc166c355874ff	dense	4	32	portable-union	11	3	429	229958	1f919ff82fa1f5d36ee7fb452183f64bf4af9af081cd7becbbc70ee7b62edbba
A-2	f56a5a2496f519d7b71b7c4c8fdc166c355874ff	dense	4	32	portable-worlds	11	4	430	251500	1f919ff82fa1f5d36ee7fb452183f64bf4af9af081cd7becbbc70ee7b62edbba
A-2	f56a5a2496f519d7b71b7c4c8fdc166c355874ff	dense	4	32	metal-union	11	5	431	1080791	1f919ff82fa1f5d36ee7fb452183f64bf4af9af081cd7becbbc70ee7b62edbba
A-2	f56a5a2496f519d7b71b7c4c8fdc166c355874ff	dense	8	1	scalar	0	0	432	465042	1f919ff82fa1f5d36ee7fb452183f64bf4af9af081cd7becbbc70ee7b62edbba
A-2	f56a5a2496f519d7b71b7c4c8fdc166c355874ff	dense	8	1	rayon	0	1	433	476792	1f919ff82fa1f5d36ee7fb452183f64bf4af9af081cd7becbbc70ee7b62edbba
A-2	f56a5a2496f519d7b71b7c4c8fdc166c355874ff	dense	8	1	portable-union	0	2	434	747000	1f919ff82fa1f5d36ee7fb452183f64bf4af9af081cd7becbbc70ee7b62edbba
A-2	f56a5a2496f519d7b71b7c4c8fdc166c355874ff	dense	8	1	portable-worlds	0	3	435	747459	1f919ff82fa1f5d36ee7fb452183f64bf4af9af081cd7becbbc70ee7b62edbba
A-2	f56a5a2496f519d7b71b7c4c8fdc166c355874ff	dense	8	1	metal-union	0	4	436	2356459	1f919ff82fa1f5d36ee7fb452183f64bf4af9af081cd7becbbc70ee7b62edbba
A-2	f56a5a2496f519d7b71b7c4c8fdc166c355874ff	dense	8	1	metal-worlds	0	5	437	2102583	1f919ff82fa1f5d36ee7fb452183f64bf4af9af081cd7becbbc70ee7b62edbba
A-2	f56a5a2496f519d7b71b7c4c8fdc166c355874ff	dense	8	1	rayon	1	0	438	483583	1f919ff82fa1f5d36ee7fb452183f64bf4af9af081cd7becbbc70ee7b62edbba
A-2	f56a5a2496f519d7b71b7c4c8fdc166c355874ff	dense	8	1	portable-union	1	1	439	732334	1f919ff82fa1f5d36ee7fb452183f64bf4af9af081cd7becbbc70ee7b62edbba
A-2	f56a5a2496f519d7b71b7c4c8fdc166c355874ff	dense	8	1	portable-worlds	1	2	440	751834	1f919ff82fa1f5d36ee7fb452183f64bf4af9af081cd7becbbc70ee7b62edbba
A-2	f56a5a2496f519d7b71b7c4c8fdc166c355874ff	dense	8	1	metal-union	1	3	441	2355542	1f919ff82fa1f5d36ee7fb452183f64bf4af9af081cd7becbbc70ee7b62edbba
A-2	f56a5a2496f519d7b71b7c4c8fdc166c355874ff	dense	8	1	metal-worlds	1	4	442	2114708	1f919ff82fa1f5d36ee7fb452183f64bf4af9af081cd7becbbc70ee7b62edbba
A-2	f56a5a2496f519d7b71b7c4c8fdc166c355874ff	dense	8	1	scalar	1	5	443	468917	1f919ff82fa1f5d36ee7fb452183f64bf4af9af081cd7becbbc70ee7b62edbba
A-2	f56a5a2496f519d7b71b7c4c8fdc166c355874ff	dense	8	1	portable-union	2	0	444	734958	1f919ff82fa1f5d36ee7fb452183f64bf4af9af081cd7becbbc70ee7b62edbba
A-2	f56a5a2496f519d7b71b7c4c8fdc166c355874ff	dense	8	1	portable-worlds	2	1	445	743333	1f919ff82fa1f5d36ee7fb452183f64bf4af9af081cd7becbbc70ee7b62edbba
A-2	f56a5a2496f519d7b71b7c4c8fdc166c355874ff	dense	8	1	metal-union	2	2	446	2385291	1f919ff82fa1f5d36ee7fb452183f64bf4af9af081cd7becbbc70ee7b62edbba
A-2	f56a5a2496f519d7b71b7c4c8fdc166c355874ff	dense	8	1	metal-worlds	2	3	447	2121542	1f919ff82fa1f5d36ee7fb452183f64bf4af9af081cd7becbbc70ee7b62edbba
A-2	f56a5a2496f519d7b71b7c4c8fdc166c355874ff	dense	8	1	scalar	2	4	448	462667	1f919ff82fa1f5d36ee7fb452183f64bf4af9af081cd7becbbc70ee7b62edbba
A-2	f56a5a2496f519d7b71b7c4c8fdc166c355874ff	dense	8	1	rayon	2	5	449	476500	1f919ff82fa1f5d36ee7fb452183f64bf4af9af081cd7becbbc70ee7b62edbba
A-2	f56a5a2496f519d7b71b7c4c8fdc166c355874ff	dense	8	1	portable-worlds	3	0	450	757166	1f919ff82fa1f5d36ee7fb452183f64bf4af9af081cd7becbbc70ee7b62edbba
A-2	f56a5a2496f519d7b71b7c4c8fdc166c355874ff	dense	8	1	metal-union	3	1	451	2362833	1f919ff82fa1f5d36ee7fb452183f64bf4af9af081cd7becbbc70ee7b62edbba
A-2	f56a5a2496f519d7b71b7c4c8fdc166c355874ff	dense	8	1	metal-worlds	3	2	452	2122875	1f919ff82fa1f5d36ee7fb452183f64bf4af9af081cd7becbbc70ee7b62edbba
A-2	f56a5a2496f519d7b71b7c4c8fdc166c355874ff	dense	8	1	scalar	3	3	453	456542	1f919ff82fa1f5d36ee7fb452183f64bf4af9af081cd7becbbc70ee7b62edbba
A-2	f56a5a2496f519d7b71b7c4c8fdc166c355874ff	dense	8	1	rayon	3	4	454	471750	1f919ff82fa1f5d36ee7fb452183f64bf4af9af081cd7becbbc70ee7b62edbba
A-2	f56a5a2496f519d7b71b7c4c8fdc166c355874ff	dense	8	1	portable-union	3	5	455	722208	1f919ff82fa1f5d36ee7fb452183f64bf4af9af081cd7becbbc70ee7b62edbba
A-2	f56a5a2496f519d7b71b7c4c8fdc166c355874ff	dense	8	1	metal-union	4	0	456	2378333	1f919ff82fa1f5d36ee7fb452183f64bf4af9af081cd7becbbc70ee7b62edbba
A-2	f56a5a2496f519d7b71b7c4c8fdc166c355874ff	dense	8	1	metal-worlds	4	1	457	2115875	1f919ff82fa1f5d36ee7fb452183f64bf4af9af081cd7becbbc70ee7b62edbba
A-2	f56a5a2496f519d7b71b7c4c8fdc166c355874ff	dense	8	1	scalar	4	2	458	454167	1f919ff82fa1f5d36ee7fb452183f64bf4af9af081cd7becbbc70ee7b62edbba
A-2	f56a5a2496f519d7b71b7c4c8fdc166c355874ff	dense	8	1	rayon	4	3	459	466667	1f919ff82fa1f5d36ee7fb452183f64bf4af9af081cd7becbbc70ee7b62edbba
A-2	f56a5a2496f519d7b71b7c4c8fdc166c355874ff	dense	8	1	portable-union	4	4	460	738083	1f919ff82fa1f5d36ee7fb452183f64bf4af9af081cd7becbbc70ee7b62edbba
A-2	f56a5a2496f519d7b71b7c4c8fdc166c355874ff	dense	8	1	portable-worlds	4	5	461	753666	1f919ff82fa1f5d36ee7fb452183f64bf4af9af081cd7becbbc70ee7b62edbba
A-2	f56a5a2496f519d7b71b7c4c8fdc166c355874ff	dense	8	1	metal-worlds	5	0	462	2360125	1f919ff82fa1f5d36ee7fb452183f64bf4af9af081cd7becbbc70ee7b62edbba
A-2	f56a5a2496f519d7b71b7c4c8fdc166c355874ff	dense	8	1	scalar	5	1	463	460875	1f919ff82fa1f5d36ee7fb452183f64bf4af9af081cd7becbbc70ee7b62edbba
A-2	f56a5a2496f519d7b71b7c4c8fdc166c355874ff	dense	8	1	rayon	5	2	464	474291	1f919ff82fa1f5d36ee7fb452183f64bf4af9af081cd7becbbc70ee7b62edbba
A-2	f56a5a2496f519d7b71b7c4c8fdc166c355874ff	dense	8	1	portable-union	5	3	465	744042	1f919ff82fa1f5d36ee7fb452183f64bf4af9af081cd7becbbc70ee7b62edbba
A-2	f56a5a2496f519d7b71b7c4c8fdc166c355874ff	dense	8	1	portable-worlds	5	4	466	751625	1f919ff82fa1f5d36ee7fb452183f64bf4af9af081cd7becbbc70ee7b62edbba
A-2	f56a5a2496f519d7b71b7c4c8fdc166c355874ff	dense	8	1	metal-union	5	5	467	2339709	1f919ff82fa1f5d36ee7fb452183f64bf4af9af081cd7becbbc70ee7b62edbba
A-2	f56a5a2496f519d7b71b7c4c8fdc166c355874ff	dense	8	1	scalar	6	0	468	451167	1f919ff82fa1f5d36ee7fb452183f64bf4af9af081cd7becbbc70ee7b62edbba
A-2	f56a5a2496f519d7b71b7c4c8fdc166c355874ff	dense	8	1	rayon	6	1	469	479250	1f919ff82fa1f5d36ee7fb452183f64bf4af9af081cd7becbbc70ee7b62edbba
A-2	f56a5a2496f519d7b71b7c4c8fdc166c355874ff	dense	8	1	portable-union	6	2	470	757250	1f919ff82fa1f5d36ee7fb452183f64bf4af9af081cd7becbbc70ee7b62edbba
A-2	f56a5a2496f519d7b71b7c4c8fdc166c355874ff	dense	8	1	portable-worlds	6	3	471	765750	1f919ff82fa1f5d36ee7fb452183f64bf4af9af081cd7becbbc70ee7b62edbba
A-2	f56a5a2496f519d7b71b7c4c8fdc166c355874ff	dense	8	1	metal-union	6	4	472	2345708	1f919ff82fa1f5d36ee7fb452183f64bf4af9af081cd7becbbc70ee7b62edbba
A-2	f56a5a2496f519d7b71b7c4c8fdc166c355874ff	dense	8	1	metal-worlds	6	5	473	2092167	1f919ff82fa1f5d36ee7fb452183f64bf4af9af081cd7becbbc70ee7b62edbba
A-2	f56a5a2496f519d7b71b7c4c8fdc166c355874ff	dense	8	1	rayon	7	0	474	470125	1f919ff82fa1f5d36ee7fb452183f64bf4af9af081cd7becbbc70ee7b62edbba
A-2	f56a5a2496f519d7b71b7c4c8fdc166c355874ff	dense	8	1	portable-union	7	1	475	717833	1f919ff82fa1f5d36ee7fb452183f64bf4af9af081cd7becbbc70ee7b62edbba
A-2	f56a5a2496f519d7b71b7c4c8fdc166c355874ff	dense	8	1	portable-worlds	7	2	476	766709	1f919ff82fa1f5d36ee7fb452183f64bf4af9af081cd7becbbc70ee7b62edbba
A-2	f56a5a2496f519d7b71b7c4c8fdc166c355874ff	dense	8	1	metal-union	7	3	477	2346125	1f919ff82fa1f5d36ee7fb452183f64bf4af9af081cd7becbbc70ee7b62edbba
A-2	f56a5a2496f519d7b71b7c4c8fdc166c355874ff	dense	8	1	metal-worlds	7	4	478	2089583	1f919ff82fa1f5d36ee7fb452183f64bf4af9af081cd7becbbc70ee7b62edbba
A-2	f56a5a2496f519d7b71b7c4c8fdc166c355874ff	dense	8	1	scalar	7	5	479	457709	1f919ff82fa1f5d36ee7fb452183f64bf4af9af081cd7becbbc70ee7b62edbba
A-2	f56a5a2496f519d7b71b7c4c8fdc166c355874ff	dense	8	1	portable-union	8	0	480	765625	1f919ff82fa1f5d36ee7fb452183f64bf4af9af081cd7becbbc70ee7b62edbba
A-2	f56a5a2496f519d7b71b7c4c8fdc166c355874ff	dense	8	1	portable-worlds	8	1	481	780958	1f919ff82fa1f5d36ee7fb452183f64bf4af9af081cd7becbbc70ee7b62edbba
A-2	f56a5a2496f519d7b71b7c4c8fdc166c355874ff	dense	8	1	metal-union	8	2	482	2437000	1f919ff82fa1f5d36ee7fb452183f64bf4af9af081cd7becbbc70ee7b62edbba
A-2	f56a5a2496f519d7b71b7c4c8fdc166c355874ff	dense	8	1	metal-worlds	8	3	483	2107375	1f919ff82fa1f5d36ee7fb452183f64bf4af9af081cd7becbbc70ee7b62edbba
A-2	f56a5a2496f519d7b71b7c4c8fdc166c355874ff	dense	8	1	scalar	8	4	484	453958	1f919ff82fa1f5d36ee7fb452183f64bf4af9af081cd7becbbc70ee7b62edbba
A-2	f56a5a2496f519d7b71b7c4c8fdc166c355874ff	dense	8	1	rayon	8	5	485	492541	1f919ff82fa1f5d36ee7fb452183f64bf4af9af081cd7becbbc70ee7b62edbba
A-2	f56a5a2496f519d7b71b7c4c8fdc166c355874ff	dense	8	1	portable-worlds	9	0	486	799959	1f919ff82fa1f5d36ee7fb452183f64bf4af9af081cd7becbbc70ee7b62edbba
A-2	f56a5a2496f519d7b71b7c4c8fdc166c355874ff	dense	8	1	metal-union	9	1	487	2437084	1f919ff82fa1f5d36ee7fb452183f64bf4af9af081cd7becbbc70ee7b62edbba
A-2	f56a5a2496f519d7b71b7c4c8fdc166c355874ff	dense	8	1	metal-worlds	9	2	488	2112375	1f919ff82fa1f5d36ee7fb452183f64bf4af9af081cd7becbbc70ee7b62edbba
A-2	f56a5a2496f519d7b71b7c4c8fdc166c355874ff	dense	8	1	scalar	9	3	489	461791	1f919ff82fa1f5d36ee7fb452183f64bf4af9af081cd7becbbc70ee7b62edbba
A-2	f56a5a2496f519d7b71b7c4c8fdc166c355874ff	dense	8	1	rayon	9	4	490	490167	1f919ff82fa1f5d36ee7fb452183f64bf4af9af081cd7becbbc70ee7b62edbba
A-2	f56a5a2496f519d7b71b7c4c8fdc166c355874ff	dense	8	1	portable-union	9	5	491	731000	1f919ff82fa1f5d36ee7fb452183f64bf4af9af081cd7becbbc70ee7b62edbba
A-2	f56a5a2496f519d7b71b7c4c8fdc166c355874ff	dense	8	1	metal-union	10	0	492	2362000	1f919ff82fa1f5d36ee7fb452183f64bf4af9af081cd7becbbc70ee7b62edbba
A-2	f56a5a2496f519d7b71b7c4c8fdc166c355874ff	dense	8	1	metal-worlds	10	1	493	2193667	1f919ff82fa1f5d36ee7fb452183f64bf4af9af081cd7becbbc70ee7b62edbba
A-2	f56a5a2496f519d7b71b7c4c8fdc166c355874ff	dense	8	1	scalar	10	2	494	451667	1f919ff82fa1f5d36ee7fb452183f64bf4af9af081cd7becbbc70ee7b62edbba
A-2	f56a5a2496f519d7b71b7c4c8fdc166c355874ff	dense	8	1	rayon	10	3	495	464250	1f919ff82fa1f5d36ee7fb452183f64bf4af9af081cd7becbbc70ee7b62edbba
A-2	f56a5a2496f519d7b71b7c4c8fdc166c355874ff	dense	8	1	portable-union	10	4	496	724750	1f919ff82fa1f5d36ee7fb452183f64bf4af9af081cd7becbbc70ee7b62edbba
A-2	f56a5a2496f519d7b71b7c4c8fdc166c355874ff	dense	8	1	portable-worlds	10	5	497	761708	1f919ff82fa1f5d36ee7fb452183f64bf4af9af081cd7becbbc70ee7b62edbba
A-2	f56a5a2496f519d7b71b7c4c8fdc166c355874ff	dense	8	1	metal-worlds	11	0	498	2194500	1f919ff82fa1f5d36ee7fb452183f64bf4af9af081cd7becbbc70ee7b62edbba
A-2	f56a5a2496f519d7b71b7c4c8fdc166c355874ff	dense	8	1	scalar	11	1	499	491125	1f919ff82fa1f5d36ee7fb452183f64bf4af9af081cd7becbbc70ee7b62edbba
A-2	f56a5a2496f519d7b71b7c4c8fdc166c355874ff	dense	8	1	rayon	11	2	500	477917	1f919ff82fa1f5d36ee7fb452183f64bf4af9af081cd7becbbc70ee7b62edbba
A-2	f56a5a2496f519d7b71b7c4c8fdc166c355874ff	dense	8	1	portable-union	11	3	501	737458	1f919ff82fa1f5d36ee7fb452183f64bf4af9af081cd7becbbc70ee7b62edbba
A-2	f56a5a2496f519d7b71b7c4c8fdc166c355874ff	dense	8	1	portable-worlds	11	4	502	784209	1f919ff82fa1f5d36ee7fb452183f64bf4af9af081cd7becbbc70ee7b62edbba
A-2	f56a5a2496f519d7b71b7c4c8fdc166c355874ff	dense	8	1	metal-union	11	5	503	2227375	1f919ff82fa1f5d36ee7fb452183f64bf4af9af081cd7becbbc70ee7b62edbba
A-2	f56a5a2496f519d7b71b7c4c8fdc166c355874ff	dense	8	32	scalar	0	0	504	15957084	1f919ff82fa1f5d36ee7fb452183f64bf4af9af081cd7becbbc70ee7b62edbba
A-2	f56a5a2496f519d7b71b7c4c8fdc166c355874ff	dense	8	32	rayon	0	1	505	4380209	1f919ff82fa1f5d36ee7fb452183f64bf4af9af081cd7becbbc70ee7b62edbba
A-2	f56a5a2496f519d7b71b7c4c8fdc166c355874ff	dense	8	32	portable-union	0	2	506	1996834	1f919ff82fa1f5d36ee7fb452183f64bf4af9af081cd7becbbc70ee7b62edbba
A-2	f56a5a2496f519d7b71b7c4c8fdc166c355874ff	dense	8	32	portable-worlds	0	3	507	2046667	1f919ff82fa1f5d36ee7fb452183f64bf4af9af081cd7becbbc70ee7b62edbba
A-2	f56a5a2496f519d7b71b7c4c8fdc166c355874ff	dense	8	32	metal-union	0	4	508	5064833	1f919ff82fa1f5d36ee7fb452183f64bf4af9af081cd7becbbc70ee7b62edbba
A-2	f56a5a2496f519d7b71b7c4c8fdc166c355874ff	dense	8	32	metal-worlds	0	5	509	3957709	1f919ff82fa1f5d36ee7fb452183f64bf4af9af081cd7becbbc70ee7b62edbba
A-2	f56a5a2496f519d7b71b7c4c8fdc166c355874ff	dense	8	32	rayon	1	0	510	4378125	1f919ff82fa1f5d36ee7fb452183f64bf4af9af081cd7becbbc70ee7b62edbba
A-2	f56a5a2496f519d7b71b7c4c8fdc166c355874ff	dense	8	32	portable-union	1	1	511	1981750	1f919ff82fa1f5d36ee7fb452183f64bf4af9af081cd7becbbc70ee7b62edbba
A-2	f56a5a2496f519d7b71b7c4c8fdc166c355874ff	dense	8	32	portable-worlds	1	2	512	2025958	1f919ff82fa1f5d36ee7fb452183f64bf4af9af081cd7becbbc70ee7b62edbba
A-2	f56a5a2496f519d7b71b7c4c8fdc166c355874ff	dense	8	32	metal-union	1	3	513	4246458	1f919ff82fa1f5d36ee7fb452183f64bf4af9af081cd7becbbc70ee7b62edbba
A-2	f56a5a2496f519d7b71b7c4c8fdc166c355874ff	dense	8	32	metal-worlds	1	4	514	3222875	1f919ff82fa1f5d36ee7fb452183f64bf4af9af081cd7becbbc70ee7b62edbba
A-2	f56a5a2496f519d7b71b7c4c8fdc166c355874ff	dense	8	32	scalar	1	5	515	15914041	1f919ff82fa1f5d36ee7fb452183f64bf4af9af081cd7becbbc70ee7b62edbba
A-2	f56a5a2496f519d7b71b7c4c8fdc166c355874ff	dense	8	32	portable-union	2	0	516	2013084	1f919ff82fa1f5d36ee7fb452183f64bf4af9af081cd7becbbc70ee7b62edbba
A-2	f56a5a2496f519d7b71b7c4c8fdc166c355874ff	dense	8	32	portable-worlds	2	1	517	2038709	1f919ff82fa1f5d36ee7fb452183f64bf4af9af081cd7becbbc70ee7b62edbba
A-2	f56a5a2496f519d7b71b7c4c8fdc166c355874ff	dense	8	32	metal-union	2	2	518	4079208	1f919ff82fa1f5d36ee7fb452183f64bf4af9af081cd7becbbc70ee7b62edbba
A-2	f56a5a2496f519d7b71b7c4c8fdc166c355874ff	dense	8	32	metal-worlds	2	3	519	4384416	1f919ff82fa1f5d36ee7fb452183f64bf4af9af081cd7becbbc70ee7b62edbba
A-2	f56a5a2496f519d7b71b7c4c8fdc166c355874ff	dense	8	32	scalar	2	4	520	15910667	1f919ff82fa1f5d36ee7fb452183f64bf4af9af081cd7becbbc70ee7b62edbba
A-2	f56a5a2496f519d7b71b7c4c8fdc166c355874ff	dense	8	32	rayon	2	5	521	4333875	1f919ff82fa1f5d36ee7fb452183f64bf4af9af081cd7becbbc70ee7b62edbba
A-2	f56a5a2496f519d7b71b7c4c8fdc166c355874ff	dense	8	32	portable-worlds	3	0	522	1963334	1f919ff82fa1f5d36ee7fb452183f64bf4af9af081cd7becbbc70ee7b62edbba
A-2	f56a5a2496f519d7b71b7c4c8fdc166c355874ff	dense	8	32	metal-union	3	1	523	3917250	1f919ff82fa1f5d36ee7fb452183f64bf4af9af081cd7becbbc70ee7b62edbba
A-2	f56a5a2496f519d7b71b7c4c8fdc166c355874ff	dense	8	32	metal-worlds	3	2	524	4189666	1f919ff82fa1f5d36ee7fb452183f64bf4af9af081cd7becbbc70ee7b62edbba
A-2	f56a5a2496f519d7b71b7c4c8fdc166c355874ff	dense	8	32	scalar	3	3	525	18938333	1f919ff82fa1f5d36ee7fb452183f64bf4af9af081cd7becbbc70ee7b62edbba
A-2	f56a5a2496f519d7b71b7c4c8fdc166c355874ff	dense	8	32	rayon	3	4	526	7760959	1f919ff82fa1f5d36ee7fb452183f64bf4af9af081cd7becbbc70ee7b62edbba
A-2	f56a5a2496f519d7b71b7c4c8fdc166c355874ff	dense	8	32	portable-union	3	5	527	2160209	1f919ff82fa1f5d36ee7fb452183f64bf4af9af081cd7becbbc70ee7b62edbba
A-2	f56a5a2496f519d7b71b7c4c8fdc166c355874ff	dense	8	32	metal-union	4	0	528	5859666	1f919ff82fa1f5d36ee7fb452183f64bf4af9af081cd7becbbc70ee7b62edbba
A-2	f56a5a2496f519d7b71b7c4c8fdc166c355874ff	dense	8	32	metal-worlds	4	1	529	4466750	1f919ff82fa1f5d36ee7fb452183f64bf4af9af081cd7becbbc70ee7b62edbba
A-2	f56a5a2496f519d7b71b7c4c8fdc166c355874ff	dense	8	32	scalar	4	2	530	16666250	1f919ff82fa1f5d36ee7fb452183f64bf4af9af081cd7becbbc70ee7b62edbba
A-2	f56a5a2496f519d7b71b7c4c8fdc166c355874ff	dense	8	32	rayon	4	3	531	7807583	1f919ff82fa1f5d36ee7fb452183f64bf4af9af081cd7becbbc70ee7b62edbba
A-2	f56a5a2496f519d7b71b7c4c8fdc166c355874ff	dense	8	32	portable-union	4	4	532	2048083	1f919ff82fa1f5d36ee7fb452183f64bf4af9af081cd7becbbc70ee7b62edbba
A-2	f56a5a2496f519d7b71b7c4c8fdc166c355874ff	dense	8	32	portable-worlds	4	5	533	1909500	1f919ff82fa1f5d36ee7fb452183f64bf4af9af081cd7becbbc70ee7b62edbba
A-2	f56a5a2496f519d7b71b7c4c8fdc166c355874ff	dense	8	32	metal-worlds	5	0	534	5332375	1f919ff82fa1f5d36ee7fb452183f64bf4af9af081cd7becbbc70ee7b62edbba
A-2	f56a5a2496f519d7b71b7c4c8fdc166c355874ff	dense	8	32	scalar	5	1	535	16157083	1f919ff82fa1f5d36ee7fb452183f64bf4af9af081cd7becbbc70ee7b62edbba
A-2	f56a5a2496f519d7b71b7c4c8fdc166c355874ff	dense	8	32	rayon	5	2	536	4414334	1f919ff82fa1f5d36ee7fb452183f64bf4af9af081cd7becbbc70ee7b62edbba
A-2	f56a5a2496f519d7b71b7c4c8fdc166c355874ff	dense	8	32	portable-union	5	3	537	2056250	1f919ff82fa1f5d36ee7fb452183f64bf4af9af081cd7becbbc70ee7b62edbba
A-2	f56a5a2496f519d7b71b7c4c8fdc166c355874ff	dense	8	32	portable-worlds	5	4	538	2032000	1f919ff82fa1f5d36ee7fb452183f64bf4af9af081cd7becbbc70ee7b62edbba
A-2	f56a5a2496f519d7b71b7c4c8fdc166c355874ff	dense	8	32	metal-union	5	5	539	5046083	1f919ff82fa1f5d36ee7fb452183f64bf4af9af081cd7becbbc70ee7b62edbba
A-2	f56a5a2496f519d7b71b7c4c8fdc166c355874ff	dense	8	32	scalar	6	0	540	15997750	1f919ff82fa1f5d36ee7fb452183f64bf4af9af081cd7becbbc70ee7b62edbba
A-2	f56a5a2496f519d7b71b7c4c8fdc166c355874ff	dense	8	32	rayon	6	1	541	4431375	1f919ff82fa1f5d36ee7fb452183f64bf4af9af081cd7becbbc70ee7b62edbba
A-2	f56a5a2496f519d7b71b7c4c8fdc166c355874ff	dense	8	32	portable-union	6	2	542	1965666	1f919ff82fa1f5d36ee7fb452183f64bf4af9af081cd7becbbc70ee7b62edbba
A-2	f56a5a2496f519d7b71b7c4c8fdc166c355874ff	dense	8	32	portable-worlds	6	3	543	2014750	1f919ff82fa1f5d36ee7fb452183f64bf4af9af081cd7becbbc70ee7b62edbba
A-2	f56a5a2496f519d7b71b7c4c8fdc166c355874ff	dense	8	32	metal-union	6	4	544	5050542	1f919ff82fa1f5d36ee7fb452183f64bf4af9af081cd7becbbc70ee7b62edbba
A-2	f56a5a2496f519d7b71b7c4c8fdc166c355874ff	dense	8	32	metal-worlds	6	5	545	4889500	1f919ff82fa1f5d36ee7fb452183f64bf4af9af081cd7becbbc70ee7b62edbba
A-2	f56a5a2496f519d7b71b7c4c8fdc166c355874ff	dense	8	32	rayon	7	0	546	4393166	1f919ff82fa1f5d36ee7fb452183f64bf4af9af081cd7becbbc70ee7b62edbba
A-2	f56a5a2496f519d7b71b7c4c8fdc166c355874ff	dense	8	32	portable-union	7	1	547	1866042	1f919ff82fa1f5d36ee7fb452183f64bf4af9af081cd7becbbc70ee7b62edbba
A-2	f56a5a2496f519d7b71b7c4c8fdc166c355874ff	dense	8	32	portable-worlds	7	2	548	2009459	1f919ff82fa1f5d36ee7fb452183f64bf4af9af081cd7becbbc70ee7b62edbba
A-2	f56a5a2496f519d7b71b7c4c8fdc166c355874ff	dense	8	32	metal-union	7	3	549	3911834	1f919ff82fa1f5d36ee7fb452183f64bf4af9af081cd7becbbc70ee7b62edbba
A-2	f56a5a2496f519d7b71b7c4c8fdc166c355874ff	dense	8	32	metal-worlds	7	4	550	3254000	1f919ff82fa1f5d36ee7fb452183f64bf4af9af081cd7becbbc70ee7b62edbba
A-2	f56a5a2496f519d7b71b7c4c8fdc166c355874ff	dense	8	32	scalar	7	5	551	15625875	1f919ff82fa1f5d36ee7fb452183f64bf4af9af081cd7becbbc70ee7b62edbba
A-2	f56a5a2496f519d7b71b7c4c8fdc166c355874ff	dense	8	32	portable-union	8	0	552	1957917	1f919ff82fa1f5d36ee7fb452183f64bf4af9af081cd7becbbc70ee7b62edbba
A-2	f56a5a2496f519d7b71b7c4c8fdc166c355874ff	dense	8	32	portable-worlds	8	1	553	2007667	1f919ff82fa1f5d36ee7fb452183f64bf4af9af081cd7becbbc70ee7b62edbba
A-2	f56a5a2496f519d7b71b7c4c8fdc166c355874ff	dense	8	32	metal-union	8	2	554	3654875	1f919ff82fa1f5d36ee7fb452183f64bf4af9af081cd7becbbc70ee7b62edbba
A-2	f56a5a2496f519d7b71b7c4c8fdc166c355874ff	dense	8	32	metal-worlds	8	3	555	4717334	1f919ff82fa1f5d36ee7fb452183f64bf4af9af081cd7becbbc70ee7b62edbba
A-2	f56a5a2496f519d7b71b7c4c8fdc166c355874ff	dense	8	32	scalar	8	4	556	15888666	1f919ff82fa1f5d36ee7fb452183f64bf4af9af081cd7becbbc70ee7b62edbba
A-2	f56a5a2496f519d7b71b7c4c8fdc166c355874ff	dense	8	32	rayon	8	5	557	4413250	1f919ff82fa1f5d36ee7fb452183f64bf4af9af081cd7becbbc70ee7b62edbba
A-2	f56a5a2496f519d7b71b7c4c8fdc166c355874ff	dense	8	32	portable-worlds	9	0	558	1972791	1f919ff82fa1f5d36ee7fb452183f64bf4af9af081cd7becbbc70ee7b62edbba
A-2	f56a5a2496f519d7b71b7c4c8fdc166c355874ff	dense	8	32	metal-union	9	1	559	3840458	1f919ff82fa1f5d36ee7fb452183f64bf4af9af081cd7becbbc70ee7b62edbba
A-2	f56a5a2496f519d7b71b7c4c8fdc166c355874ff	dense	8	32	metal-worlds	9	2	560	3981458	1f919ff82fa1f5d36ee7fb452183f64bf4af9af081cd7becbbc70ee7b62edbba
A-2	f56a5a2496f519d7b71b7c4c8fdc166c355874ff	dense	8	32	scalar	9	3	561	15689416	1f919ff82fa1f5d36ee7fb452183f64bf4af9af081cd7becbbc70ee7b62edbba
A-2	f56a5a2496f519d7b71b7c4c8fdc166c355874ff	dense	8	32	rayon	9	4	562	4422458	1f919ff82fa1f5d36ee7fb452183f64bf4af9af081cd7becbbc70ee7b62edbba
A-2	f56a5a2496f519d7b71b7c4c8fdc166c355874ff	dense	8	32	portable-union	9	5	563	2046500	1f919ff82fa1f5d36ee7fb452183f64bf4af9af081cd7becbbc70ee7b62edbba
A-2	f56a5a2496f519d7b71b7c4c8fdc166c355874ff	dense	8	32	metal-union	10	0	564	3595750	1f919ff82fa1f5d36ee7fb452183f64bf4af9af081cd7becbbc70ee7b62edbba
A-2	f56a5a2496f519d7b71b7c4c8fdc166c355874ff	dense	8	32	metal-worlds	10	1	565	4425750	1f919ff82fa1f5d36ee7fb452183f64bf4af9af081cd7becbbc70ee7b62edbba
A-2	f56a5a2496f519d7b71b7c4c8fdc166c355874ff	dense	8	32	scalar	10	2	566	16167000	1f919ff82fa1f5d36ee7fb452183f64bf4af9af081cd7becbbc70ee7b62edbba
A-2	f56a5a2496f519d7b71b7c4c8fdc166c355874ff	dense	8	32	rayon	10	3	567	4438584	1f919ff82fa1f5d36ee7fb452183f64bf4af9af081cd7becbbc70ee7b62edbba
A-2	f56a5a2496f519d7b71b7c4c8fdc166c355874ff	dense	8	32	portable-union	10	4	568	1929208	1f919ff82fa1f5d36ee7fb452183f64bf4af9af081cd7becbbc70ee7b62edbba
A-2	f56a5a2496f519d7b71b7c4c8fdc166c355874ff	dense	8	32	portable-worlds	10	5	569	2026375	1f919ff82fa1f5d36ee7fb452183f64bf4af9af081cd7becbbc70ee7b62edbba
A-2	f56a5a2496f519d7b71b7c4c8fdc166c355874ff	dense	8	32	metal-worlds	11	0	570	4421666	1f919ff82fa1f5d36ee7fb452183f64bf4af9af081cd7becbbc70ee7b62edbba
A-2	f56a5a2496f519d7b71b7c4c8fdc166c355874ff	dense	8	32	scalar	11	1	571	15890125	1f919ff82fa1f5d36ee7fb452183f64bf4af9af081cd7becbbc70ee7b62edbba
A-2	f56a5a2496f519d7b71b7c4c8fdc166c355874ff	dense	8	32	rayon	11	2	572	4425459	1f919ff82fa1f5d36ee7fb452183f64bf4af9af081cd7becbbc70ee7b62edbba
A-2	f56a5a2496f519d7b71b7c4c8fdc166c355874ff	dense	8	32	portable-union	11	3	573	1951792	1f919ff82fa1f5d36ee7fb452183f64bf4af9af081cd7becbbc70ee7b62edbba
A-2	f56a5a2496f519d7b71b7c4c8fdc166c355874ff	dense	8	32	portable-worlds	11	4	574	2051417	1f919ff82fa1f5d36ee7fb452183f64bf4af9af081cd7becbbc70ee7b62edbba
A-2	f56a5a2496f519d7b71b7c4c8fdc166c355874ff	dense	8	32	metal-union	11	5	575	4502041	1f919ff82fa1f5d36ee7fb452183f64bf4af9af081cd7becbbc70ee7b62edbba
Q-2	ca10a5e7ec84e13fbcc4a23bd0de8b0232c53fe1	sparse	4	1	scalar	0	0	0	6000	e4d96fcd04fa9f8f2e377f2d7b7b7d5b96a75d142068f4cf09b7348b7b0bfd02
Q-2	ca10a5e7ec84e13fbcc4a23bd0de8b0232c53fe1	sparse	4	1	rayon	0	1	1	15208	e4d96fcd04fa9f8f2e377f2d7b7b7d5b96a75d142068f4cf09b7348b7b0bfd02
Q-2	ca10a5e7ec84e13fbcc4a23bd0de8b0232c53fe1	sparse	4	1	portable-union	0	2	2	25959	e4d96fcd04fa9f8f2e377f2d7b7b7d5b96a75d142068f4cf09b7348b7b0bfd02
Q-2	ca10a5e7ec84e13fbcc4a23bd0de8b0232c53fe1	sparse	4	1	portable-worlds	0	3	3	19417	e4d96fcd04fa9f8f2e377f2d7b7b7d5b96a75d142068f4cf09b7348b7b0bfd02
Q-2	ca10a5e7ec84e13fbcc4a23bd0de8b0232c53fe1	sparse	4	1	metal-union	0	4	4	668083	e4d96fcd04fa9f8f2e377f2d7b7b7d5b96a75d142068f4cf09b7348b7b0bfd02
Q-2	ca10a5e7ec84e13fbcc4a23bd0de8b0232c53fe1	sparse	4	1	metal-worlds	0	5	5	659083	e4d96fcd04fa9f8f2e377f2d7b7b7d5b96a75d142068f4cf09b7348b7b0bfd02
Q-2	ca10a5e7ec84e13fbcc4a23bd0de8b0232c53fe1	sparse	4	1	rayon	1	0	6	14625	e4d96fcd04fa9f8f2e377f2d7b7b7d5b96a75d142068f4cf09b7348b7b0bfd02
Q-2	ca10a5e7ec84e13fbcc4a23bd0de8b0232c53fe1	sparse	4	1	portable-union	1	1	7	31709	e4d96fcd04fa9f8f2e377f2d7b7b7d5b96a75d142068f4cf09b7348b7b0bfd02
Q-2	ca10a5e7ec84e13fbcc4a23bd0de8b0232c53fe1	sparse	4	1	portable-worlds	1	2	8	21334	e4d96fcd04fa9f8f2e377f2d7b7b7d5b96a75d142068f4cf09b7348b7b0bfd02
Q-2	ca10a5e7ec84e13fbcc4a23bd0de8b0232c53fe1	sparse	4	1	metal-union	1	3	9	643792	e4d96fcd04fa9f8f2e377f2d7b7b7d5b96a75d142068f4cf09b7348b7b0bfd02
Q-2	ca10a5e7ec84e13fbcc4a23bd0de8b0232c53fe1	sparse	4	1	metal-worlds	1	4	10	643292	e4d96fcd04fa9f8f2e377f2d7b7b7d5b96a75d142068f4cf09b7348b7b0bfd02
Q-2	ca10a5e7ec84e13fbcc4a23bd0de8b0232c53fe1	sparse	4	1	scalar	1	5	11	7666	e4d96fcd04fa9f8f2e377f2d7b7b7d5b96a75d142068f4cf09b7348b7b0bfd02
Q-2	ca10a5e7ec84e13fbcc4a23bd0de8b0232c53fe1	sparse	4	1	portable-union	2	0	12	19458	e4d96fcd04fa9f8f2e377f2d7b7b7d5b96a75d142068f4cf09b7348b7b0bfd02
Q-2	ca10a5e7ec84e13fbcc4a23bd0de8b0232c53fe1	sparse	4	1	portable-worlds	2	1	13	17500	e4d96fcd04fa9f8f2e377f2d7b7b7d5b96a75d142068f4cf09b7348b7b0bfd02
Q-2	ca10a5e7ec84e13fbcc4a23bd0de8b0232c53fe1	sparse	4	1	metal-union	2	2	14	722333	e4d96fcd04fa9f8f2e377f2d7b7b7d5b96a75d142068f4cf09b7348b7b0bfd02
Q-2	ca10a5e7ec84e13fbcc4a23bd0de8b0232c53fe1	sparse	4	1	metal-worlds	2	3	15	625750	e4d96fcd04fa9f8f2e377f2d7b7b7d5b96a75d142068f4cf09b7348b7b0bfd02
Q-2	ca10a5e7ec84e13fbcc4a23bd0de8b0232c53fe1	sparse	4	1	scalar	2	4	16	6000	e4d96fcd04fa9f8f2e377f2d7b7b7d5b96a75d142068f4cf09b7348b7b0bfd02
Q-2	ca10a5e7ec84e13fbcc4a23bd0de8b0232c53fe1	sparse	4	1	rayon	2	5	17	12875	e4d96fcd04fa9f8f2e377f2d7b7b7d5b96a75d142068f4cf09b7348b7b0bfd02
Q-2	ca10a5e7ec84e13fbcc4a23bd0de8b0232c53fe1	sparse	4	1	portable-worlds	3	0	18	26209	e4d96fcd04fa9f8f2e377f2d7b7b7d5b96a75d142068f4cf09b7348b7b0bfd02
Q-2	ca10a5e7ec84e13fbcc4a23bd0de8b0232c53fe1	sparse	4	1	metal-union	3	1	19	624125	e4d96fcd04fa9f8f2e377f2d7b7b7d5b96a75d142068f4cf09b7348b7b0bfd02
Q-2	ca10a5e7ec84e13fbcc4a23bd0de8b0232c53fe1	sparse	4	1	metal-worlds	3	2	20	627125	e4d96fcd04fa9f8f2e377f2d7b7b7d5b96a75d142068f4cf09b7348b7b0bfd02
Q-2	ca10a5e7ec84e13fbcc4a23bd0de8b0232c53fe1	sparse	4	1	scalar	3	3	21	6291	e4d96fcd04fa9f8f2e377f2d7b7b7d5b96a75d142068f4cf09b7348b7b0bfd02
Q-2	ca10a5e7ec84e13fbcc4a23bd0de8b0232c53fe1	sparse	4	1	rayon	3	4	22	13959	e4d96fcd04fa9f8f2e377f2d7b7b7d5b96a75d142068f4cf09b7348b7b0bfd02
Q-2	ca10a5e7ec84e13fbcc4a23bd0de8b0232c53fe1	sparse	4	1	portable-union	3	5	23	27666	e4d96fcd04fa9f8f2e377f2d7b7b7d5b96a75d142068f4cf09b7348b7b0bfd02
Q-2	ca10a5e7ec84e13fbcc4a23bd0de8b0232c53fe1	sparse	4	1	metal-union	4	0	24	632875	e4d96fcd04fa9f8f2e377f2d7b7b7d5b96a75d142068f4cf09b7348b7b0bfd02
Q-2	ca10a5e7ec84e13fbcc4a23bd0de8b0232c53fe1	sparse	4	1	metal-worlds	4	1	25	623417	e4d96fcd04fa9f8f2e377f2d7b7b7d5b96a75d142068f4cf09b7348b7b0bfd02
Q-2	ca10a5e7ec84e13fbcc4a23bd0de8b0232c53fe1	sparse	4	1	scalar	4	2	26	6083	e4d96fcd04fa9f8f2e377f2d7b7b7d5b96a75d142068f4cf09b7348b7b0bfd02
Q-2	ca10a5e7ec84e13fbcc4a23bd0de8b0232c53fe1	sparse	4	1	rayon	4	3	27	13208	e4d96fcd04fa9f8f2e377f2d7b7b7d5b96a75d142068f4cf09b7348b7b0bfd02
Q-2	ca10a5e7ec84e13fbcc4a23bd0de8b0232c53fe1	sparse	4	1	portable-union	4	4	28	27208	e4d96fcd04fa9f8f2e377f2d7b7b7d5b96a75d142068f4cf09b7348b7b0bfd02
Q-2	ca10a5e7ec84e13fbcc4a23bd0de8b0232c53fe1	sparse	4	1	portable-worlds	4	5	29	24875	e4d96fcd04fa9f8f2e377f2d7b7b7d5b96a75d142068f4cf09b7348b7b0bfd02
Q-2	ca10a5e7ec84e13fbcc4a23bd0de8b0232c53fe1	sparse	4	1	metal-worlds	5	0	30	630584	e4d96fcd04fa9f8f2e377f2d7b7b7d5b96a75d142068f4cf09b7348b7b0bfd02
Q-2	ca10a5e7ec84e13fbcc4a23bd0de8b0232c53fe1	sparse	4	1	scalar	5	1	31	5167	e4d96fcd04fa9f8f2e377f2d7b7b7d5b96a75d142068f4cf09b7348b7b0bfd02
Q-2	ca10a5e7ec84e13fbcc4a23bd0de8b0232c53fe1	sparse	4	1	rayon	5	2	32	12083	e4d96fcd04fa9f8f2e377f2d7b7b7d5b96a75d142068f4cf09b7348b7b0bfd02
Q-2	ca10a5e7ec84e13fbcc4a23bd0de8b0232c53fe1	sparse	4	1	portable-union	5	3	33	25959	e4d96fcd04fa9f8f2e377f2d7b7b7d5b96a75d142068f4cf09b7348b7b0bfd02
Q-2	ca10a5e7ec84e13fbcc4a23bd0de8b0232c53fe1	sparse	4	1	portable-worlds	5	4	34	23834	e4d96fcd04fa9f8f2e377f2d7b7b7d5b96a75d142068f4cf09b7348b7b0bfd02
Q-2	ca10a5e7ec84e13fbcc4a23bd0de8b0232c53fe1	sparse	4	1	metal-union	5	5	35	616167	e4d96fcd04fa9f8f2e377f2d7b7b7d5b96a75d142068f4cf09b7348b7b0bfd02
Q-2	ca10a5e7ec84e13fbcc4a23bd0de8b0232c53fe1	sparse	4	1	scalar	6	0	36	5333	e4d96fcd04fa9f8f2e377f2d7b7b7d5b96a75d142068f4cf09b7348b7b0bfd02
Q-2	ca10a5e7ec84e13fbcc4a23bd0de8b0232c53fe1	sparse	4	1	rayon	6	1	37	12250	e4d96fcd04fa9f8f2e377f2d7b7b7d5b96a75d142068f4cf09b7348b7b0bfd02
Q-2	ca10a5e7ec84e13fbcc4a23bd0de8b0232c53fe1	sparse	4	1	portable-union	6	2	38	25917	e4d96fcd04fa9f8f2e377f2d7b7b7d5b96a75d142068f4cf09b7348b7b0bfd02
Q-2	ca10a5e7ec84e13fbcc4a23bd0de8b0232c53fe1	sparse	4	1	portable-worlds	6	3	39	23417	e4d96fcd04fa9f8f2e377f2d7b7b7d5b96a75d142068f4cf09b7348b7b0bfd02
Q-2	ca10a5e7ec84e13fbcc4a23bd0de8b0232c53fe1	sparse	4	1	metal-union	6	4	40	630250	e4d96fcd04fa9f8f2e377f2d7b7b7d5b96a75d142068f4cf09b7348b7b0bfd02
Q-2	ca10a5e7ec84e13fbcc4a23bd0de8b0232c53fe1	sparse	4	1	metal-worlds	6	5	41	625666	e4d96fcd04fa9f8f2e377f2d7b7b7d5b96a75d142068f4cf09b7348b7b0bfd02
Q-2	ca10a5e7ec84e13fbcc4a23bd0de8b0232c53fe1	sparse	4	1	rayon	7	0	42	12000	e4d96fcd04fa9f8f2e377f2d7b7b7d5b96a75d142068f4cf09b7348b7b0bfd02
Q-2	ca10a5e7ec84e13fbcc4a23bd0de8b0232c53fe1	sparse	4	1	portable-union	7	1	43	25875	e4d96fcd04fa9f8f2e377f2d7b7b7d5b96a75d142068f4cf09b7348b7b0bfd02
Q-2	ca10a5e7ec84e13fbcc4a23bd0de8b0232c53fe1	sparse	4	1	portable-worlds	7	2	44	22875	e4d96fcd04fa9f8f2e377f2d7b7b7d5b96a75d142068f4cf09b7348b7b0bfd02
Q-2	ca10a5e7ec84e13fbcc4a23bd0de8b0232c53fe1	sparse	4	1	metal-union	7	3	45	631208	e4d96fcd04fa9f8f2e377f2d7b7b7d5b96a75d142068f4cf09b7348b7b0bfd02
Q-2	ca10a5e7ec84e13fbcc4a23bd0de8b0232c53fe1	sparse	4	1	metal-worlds	7	4	46	628375	e4d96fcd04fa9f8f2e377f2d7b7b7d5b96a75d142068f4cf09b7348b7b0bfd02
Q-2	ca10a5e7ec84e13fbcc4a23bd0de8b0232c53fe1	sparse	4	1	scalar	7	5	47	4542	e4d96fcd04fa9f8f2e377f2d7b7b7d5b96a75d142068f4cf09b7348b7b0bfd02
Q-2	ca10a5e7ec84e13fbcc4a23bd0de8b0232c53fe1	sparse	4	1	portable-union	8	0	48	17500	e4d96fcd04fa9f8f2e377f2d7b7b7d5b96a75d142068f4cf09b7348b7b0bfd02
Q-2	ca10a5e7ec84e13fbcc4a23bd0de8b0232c53fe1	sparse	4	1	portable-worlds	8	1	49	17458	e4d96fcd04fa9f8f2e377f2d7b7b7d5b96a75d142068f4cf09b7348b7b0bfd02
Q-2	ca10a5e7ec84e13fbcc4a23bd0de8b0232c53fe1	sparse	4	1	metal-union	8	2	50	667083	e4d96fcd04fa9f8f2e377f2d7b7b7d5b96a75d142068f4cf09b7348b7b0bfd02
Q-2	ca10a5e7ec84e13fbcc4a23bd0de8b0232c53fe1	sparse	4	1	metal-worlds	8	3	51	636041	e4d96fcd04fa9f8f2e377f2d7b7b7d5b96a75d142068f4cf09b7348b7b0bfd02
Q-2	ca10a5e7ec84e13fbcc4a23bd0de8b0232c53fe1	sparse	4	1	scalar	8	4	52	5375	e4d96fcd04fa9f8f2e377f2d7b7b7d5b96a75d142068f4cf09b7348b7b0bfd02
Q-2	ca10a5e7ec84e13fbcc4a23bd0de8b0232c53fe1	sparse	4	1	rayon	8	5	53	12041	e4d96fcd04fa9f8f2e377f2d7b7b7d5b96a75d142068f4cf09b7348b7b0bfd02
Q-2	ca10a5e7ec84e13fbcc4a23bd0de8b0232c53fe1	sparse	4	1	portable-worlds	9	0	54	25708	e4d96fcd04fa9f8f2e377f2d7b7b7d5b96a75d142068f4cf09b7348b7b0bfd02
Q-2	ca10a5e7ec84e13fbcc4a23bd0de8b0232c53fe1	sparse	4	1	metal-union	9	1	55	641583	e4d96fcd04fa9f8f2e377f2d7b7b7d5b96a75d142068f4cf09b7348b7b0bfd02
Q-2	ca10a5e7ec84e13fbcc4a23bd0de8b0232c53fe1	sparse	4	1	metal-worlds	9	2	56	639333	e4d96fcd04fa9f8f2e377f2d7b7b7d5b96a75d142068f4cf09b7348b7b0bfd02
Q-2	ca10a5e7ec84e13fbcc4a23bd0de8b0232c53fe1	sparse	4	1	scalar	9	3	57	5292	e4d96fcd04fa9f8f2e377f2d7b7b7d5b96a75d142068f4cf09b7348b7b0bfd02
Q-2	ca10a5e7ec84e13fbcc4a23bd0de8b0232c53fe1	sparse	4	1	rayon	9	4	58	12500	e4d96fcd04fa9f8f2e377f2d7b7b7d5b96a75d142068f4cf09b7348b7b0bfd02
Q-2	ca10a5e7ec84e13fbcc4a23bd0de8b0232c53fe1	sparse	4	1	portable-union	9	5	59	26166	e4d96fcd04fa9f8f2e377f2d7b7b7d5b96a75d142068f4cf09b7348b7b0bfd02
Q-2	ca10a5e7ec84e13fbcc4a23bd0de8b0232c53fe1	sparse	4	1	metal-union	10	0	60	633834	e4d96fcd04fa9f8f2e377f2d7b7b7d5b96a75d142068f4cf09b7348b7b0bfd02
Q-2	ca10a5e7ec84e13fbcc4a23bd0de8b0232c53fe1	sparse	4	1	metal-worlds	10	1	61	617959	e4d96fcd04fa9f8f2e377f2d7b7b7d5b96a75d142068f4cf09b7348b7b0bfd02
Q-2	ca10a5e7ec84e13fbcc4a23bd0de8b0232c53fe1	sparse	4	1	scalar	10	2	62	5459	e4d96fcd04fa9f8f2e377f2d7b7b7d5b96a75d142068f4cf09b7348b7b0bfd02
Q-2	ca10a5e7ec84e13fbcc4a23bd0de8b0232c53fe1	sparse	4	1	rayon	10	3	63	12208	e4d96fcd04fa9f8f2e377f2d7b7b7d5b96a75d142068f4cf09b7348b7b0bfd02
Q-2	ca10a5e7ec84e13fbcc4a23bd0de8b0232c53fe1	sparse	4	1	portable-union	10	4	64	25667	e4d96fcd04fa9f8f2e377f2d7b7b7d5b96a75d142068f4cf09b7348b7b0bfd02
Q-2	ca10a5e7ec84e13fbcc4a23bd0de8b0232c53fe1	sparse	4	1	portable-worlds	10	5	65	23542	e4d96fcd04fa9f8f2e377f2d7b7b7d5b96a75d142068f4cf09b7348b7b0bfd02
Q-2	ca10a5e7ec84e13fbcc4a23bd0de8b0232c53fe1	sparse	4	1	metal-worlds	11	0	66	618292	e4d96fcd04fa9f8f2e377f2d7b7b7d5b96a75d142068f4cf09b7348b7b0bfd02
Q-2	ca10a5e7ec84e13fbcc4a23bd0de8b0232c53fe1	sparse	4	1	scalar	11	1	67	5417	e4d96fcd04fa9f8f2e377f2d7b7b7d5b96a75d142068f4cf09b7348b7b0bfd02
Q-2	ca10a5e7ec84e13fbcc4a23bd0de8b0232c53fe1	sparse	4	1	rayon	11	2	68	11917	e4d96fcd04fa9f8f2e377f2d7b7b7d5b96a75d142068f4cf09b7348b7b0bfd02
Q-2	ca10a5e7ec84e13fbcc4a23bd0de8b0232c53fe1	sparse	4	1	portable-union	11	3	69	26209	e4d96fcd04fa9f8f2e377f2d7b7b7d5b96a75d142068f4cf09b7348b7b0bfd02
Q-2	ca10a5e7ec84e13fbcc4a23bd0de8b0232c53fe1	sparse	4	1	portable-worlds	11	4	70	23959	e4d96fcd04fa9f8f2e377f2d7b7b7d5b96a75d142068f4cf09b7348b7b0bfd02
Q-2	ca10a5e7ec84e13fbcc4a23bd0de8b0232c53fe1	sparse	4	1	metal-union	11	5	71	613875	e4d96fcd04fa9f8f2e377f2d7b7b7d5b96a75d142068f4cf09b7348b7b0bfd02
Q-2	ca10a5e7ec84e13fbcc4a23bd0de8b0232c53fe1	sparse	4	32	scalar	0	0	72	114541	e4d96fcd04fa9f8f2e377f2d7b7b7d5b96a75d142068f4cf09b7348b7b0bfd02
Q-2	ca10a5e7ec84e13fbcc4a23bd0de8b0232c53fe1	sparse	4	32	rayon	0	1	73	127334	e4d96fcd04fa9f8f2e377f2d7b7b7d5b96a75d142068f4cf09b7348b7b0bfd02
Q-2	ca10a5e7ec84e13fbcc4a23bd0de8b0232c53fe1	sparse	4	32	portable-union	0	2	74	123084	e4d96fcd04fa9f8f2e377f2d7b7b7d5b96a75d142068f4cf09b7348b7b0bfd02
Q-2	ca10a5e7ec84e13fbcc4a23bd0de8b0232c53fe1	sparse	4	32	portable-worlds	0	3	75	34916	e4d96fcd04fa9f8f2e377f2d7b7b7d5b96a75d142068f4cf09b7348b7b0bfd02
Q-2	ca10a5e7ec84e13fbcc4a23bd0de8b0232c53fe1	sparse	4	32	metal-union	0	4	76	718833	e4d96fcd04fa9f8f2e377f2d7b7b7d5b96a75d142068f4cf09b7348b7b0bfd02
Q-2	ca10a5e7ec84e13fbcc4a23bd0de8b0232c53fe1	sparse	4	32	metal-worlds	0	5	77	650916	e4d96fcd04fa9f8f2e377f2d7b7b7d5b96a75d142068f4cf09b7348b7b0bfd02
Q-2	ca10a5e7ec84e13fbcc4a23bd0de8b0232c53fe1	sparse	4	32	rayon	1	0	78	88584	e4d96fcd04fa9f8f2e377f2d7b7b7d5b96a75d142068f4cf09b7348b7b0bfd02
Q-2	ca10a5e7ec84e13fbcc4a23bd0de8b0232c53fe1	sparse	4	32	portable-union	1	1	79	125833	e4d96fcd04fa9f8f2e377f2d7b7b7d5b96a75d142068f4cf09b7348b7b0bfd02
Q-2	ca10a5e7ec84e13fbcc4a23bd0de8b0232c53fe1	sparse	4	32	portable-worlds	1	2	80	35375	e4d96fcd04fa9f8f2e377f2d7b7b7d5b96a75d142068f4cf09b7348b7b0bfd02
Q-2	ca10a5e7ec84e13fbcc4a23bd0de8b0232c53fe1	sparse	4	32	metal-union	1	3	81	732417	e4d96fcd04fa9f8f2e377f2d7b7b7d5b96a75d142068f4cf09b7348b7b0bfd02
Q-2	ca10a5e7ec84e13fbcc4a23bd0de8b0232c53fe1	sparse	4	32	metal-worlds	1	4	82	635458	e4d96fcd04fa9f8f2e377f2d7b7b7d5b96a75d142068f4cf09b7348b7b0bfd02
Q-2	ca10a5e7ec84e13fbcc4a23bd0de8b0232c53fe1	sparse	4	32	scalar	1	5	83	113542	e4d96fcd04fa9f8f2e377f2d7b7b7d5b96a75d142068f4cf09b7348b7b0bfd02
Q-2	ca10a5e7ec84e13fbcc4a23bd0de8b0232c53fe1	sparse	4	32	portable-union	2	0	84	112833	e4d96fcd04fa9f8f2e377f2d7b7b7d5b96a75d142068f4cf09b7348b7b0bfd02
Q-2	ca10a5e7ec84e13fbcc4a23bd0de8b0232c53fe1	sparse	4	32	portable-worlds	2	1	85	33250	e4d96fcd04fa9f8f2e377f2d7b7b7d5b96a75d142068f4cf09b7348b7b0bfd02
Q-2	ca10a5e7ec84e13fbcc4a23bd0de8b0232c53fe1	sparse	4	32	metal-union	2	2	86	716458	e4d96fcd04fa9f8f2e377f2d7b7b7d5b96a75d142068f4cf09b7348b7b0bfd02
Q-2	ca10a5e7ec84e13fbcc4a23bd0de8b0232c53fe1	sparse	4	32	metal-worlds	2	3	87	626167	e4d96fcd04fa9f8f2e377f2d7b7b7d5b96a75d142068f4cf09b7348b7b0bfd02
Q-2	ca10a5e7ec84e13fbcc4a23bd0de8b0232c53fe1	sparse	4	32	scalar	2	4	88	120083	e4d96fcd04fa9f8f2e377f2d7b7b7d5b96a75d142068f4cf09b7348b7b0bfd02
Q-2	ca10a5e7ec84e13fbcc4a23bd0de8b0232c53fe1	sparse	4	32	rayon	2	5	89	72250	e4d96fcd04fa9f8f2e377f2d7b7b7d5b96a75d142068f4cf09b7348b7b0bfd02
Q-2	ca10a5e7ec84e13fbcc4a23bd0de8b0232c53fe1	sparse	4	32	portable-worlds	3	0	90	41333	e4d96fcd04fa9f8f2e377f2d7b7b7d5b96a75d142068f4cf09b7348b7b0bfd02
Q-2	ca10a5e7ec84e13fbcc4a23bd0de8b0232c53fe1	sparse	4	32	metal-union	3	1	91	758917	e4d96fcd04fa9f8f2e377f2d7b7b7d5b96a75d142068f4cf09b7348b7b0bfd02
Q-2	ca10a5e7ec84e13fbcc4a23bd0de8b0232c53fe1	sparse	4	32	metal-worlds	3	2	92	646500	e4d96fcd04fa9f8f2e377f2d7b7b7d5b96a75d142068f4cf09b7348b7b0bfd02
Q-2	ca10a5e7ec84e13fbcc4a23bd0de8b0232c53fe1	sparse	4	32	scalar	3	3	93	112625	e4d96fcd04fa9f8f2e377f2d7b7b7d5b96a75d142068f4cf09b7348b7b0bfd02
Q-2	ca10a5e7ec84e13fbcc4a23bd0de8b0232c53fe1	sparse	4	32	rayon	3	4	94	69083	e4d96fcd04fa9f8f2e377f2d7b7b7d5b96a75d142068f4cf09b7348b7b0bfd02
Q-2	ca10a5e7ec84e13fbcc4a23bd0de8b0232c53fe1	sparse	4	32	portable-union	3	5	95	127458	e4d96fcd04fa9f8f2e377f2d7b7b7d5b96a75d142068f4cf09b7348b7b0bfd02
Q-2	ca10a5e7ec84e13fbcc4a23bd0de8b0232c53fe1	sparse	4	32	metal-union	4	0	96	703417	e4d96fcd04fa9f8f2e377f2d7b7b7d5b96a75d142068f4cf09b7348b7b0bfd02
Q-2	ca10a5e7ec84e13fbcc4a23bd0de8b0232c53fe1	sparse	4	32	metal-worlds	4	1	97	634583	e4d96fcd04fa9f8f2e377f2d7b7b7d5b96a75d142068f4cf09b7348b7b0bfd02
Q-2	ca10a5e7ec84e13fbcc4a23bd0de8b0232c53fe1	sparse	4	32	scalar	4	2	98	119292	e4d96fcd04fa9f8f2e377f2d7b7b7d5b96a75d142068f4cf09b7348b7b0bfd02
Q-2	ca10a5e7ec84e13fbcc4a23bd0de8b0232c53fe1	sparse	4	32	rayon	4	3	99	71375	e4d96fcd04fa9f8f2e377f2d7b7b7d5b96a75d142068f4cf09b7348b7b0bfd02
Q-2	ca10a5e7ec84e13fbcc4a23bd0de8b0232c53fe1	sparse	4	32	portable-union	4	4	100	115250	e4d96fcd04fa9f8f2e377f2d7b7b7d5b96a75d142068f4cf09b7348b7b0bfd02
Q-2	ca10a5e7ec84e13fbcc4a23bd0de8b0232c53fe1	sparse	4	32	portable-worlds	4	5	101	33375	e4d96fcd04fa9f8f2e377f2d7b7b7d5b96a75d142068f4cf09b7348b7b0bfd02
Q-2	ca10a5e7ec84e13fbcc4a23bd0de8b0232c53fe1	sparse	4	32	metal-worlds	5	0	102	630917	e4d96fcd04fa9f8f2e377f2d7b7b7d5b96a75d142068f4cf09b7348b7b0bfd02
Q-2	ca10a5e7ec84e13fbcc4a23bd0de8b0232c53fe1	sparse	4	32	scalar	5	1	103	114875	e4d96fcd04fa9f8f2e377f2d7b7b7d5b96a75d142068f4cf09b7348b7b0bfd02
Q-2	ca10a5e7ec84e13fbcc4a23bd0de8b0232c53fe1	sparse	4	32	rayon	5	2	104	74833	e4d96fcd04fa9f8f2e377f2d7b7b7d5b96a75d142068f4cf09b7348b7b0bfd02
Q-2	ca10a5e7ec84e13fbcc4a23bd0de8b0232c53fe1	sparse	4	32	portable-union	5	3	105	118833	e4d96fcd04fa9f8f2e377f2d7b7b7d5b96a75d142068f4cf09b7348b7b0bfd02
Q-2	ca10a5e7ec84e13fbcc4a23bd0de8b0232c53fe1	sparse	4	32	portable-worlds	5	4	106	36417	e4d96fcd04fa9f8f2e377f2d7b7b7d5b96a75d142068f4cf09b7348b7b0bfd02
Q-2	ca10a5e7ec84e13fbcc4a23bd0de8b0232c53fe1	sparse	4	32	metal-union	5	5	107	723666	e4d96fcd04fa9f8f2e377f2d7b7b7d5b96a75d142068f4cf09b7348b7b0bfd02
Q-2	ca10a5e7ec84e13fbcc4a23bd0de8b0232c53fe1	sparse	4	32	scalar	6	0	108	112458	e4d96fcd04fa9f8f2e377f2d7b7b7d5b96a75d142068f4cf09b7348b7b0bfd02
Q-2	ca10a5e7ec84e13fbcc4a23bd0de8b0232c53fe1	sparse	4	32	rayon	6	1	109	72958	e4d96fcd04fa9f8f2e377f2d7b7b7d5b96a75d142068f4cf09b7348b7b0bfd02
Q-2	ca10a5e7ec84e13fbcc4a23bd0de8b0232c53fe1	sparse	4	32	portable-union	6	2	110	113750	e4d96fcd04fa9f8f2e377f2d7b7b7d5b96a75d142068f4cf09b7348b7b0bfd02
Q-2	ca10a5e7ec84e13fbcc4a23bd0de8b0232c53fe1	sparse	4	32	portable-worlds	6	3	111	32250	e4d96fcd04fa9f8f2e377f2d7b7b7d5b96a75d142068f4cf09b7348b7b0bfd02
Q-2	ca10a5e7ec84e13fbcc4a23bd0de8b0232c53fe1	sparse	4	32	metal-union	6	4	112	736917	e4d96fcd04fa9f8f2e377f2d7b7b7d5b96a75d142068f4cf09b7348b7b0bfd02
Q-2	ca10a5e7ec84e13fbcc4a23bd0de8b0232c53fe1	sparse	4	32	metal-worlds	6	5	113	644084	e4d96fcd04fa9f8f2e377f2d7b7b7d5b96a75d142068f4cf09b7348b7b0bfd02
Q-2	ca10a5e7ec84e13fbcc4a23bd0de8b0232c53fe1	sparse	4	32	rayon	7	0	114	73208	e4d96fcd04fa9f8f2e377f2d7b7b7d5b96a75d142068f4cf09b7348b7b0bfd02
Q-2	ca10a5e7ec84e13fbcc4a23bd0de8b0232c53fe1	sparse	4	32	portable-union	7	1	115	121833	e4d96fcd04fa9f8f2e377f2d7b7b7d5b96a75d142068f4cf09b7348b7b0bfd02
Q-2	ca10a5e7ec84e13fbcc4a23bd0de8b0232c53fe1	sparse	4	32	portable-worlds	7	2	116	40083	e4d96fcd04fa9f8f2e377f2d7b7b7d5b96a75d142068f4cf09b7348b7b0bfd02
Q-2	ca10a5e7ec84e13fbcc4a23bd0de8b0232c53fe1	sparse	4	32	metal-union	7	3	117	709333	e4d96fcd04fa9f8f2e377f2d7b7b7d5b96a75d142068f4cf09b7348b7b0bfd02
Q-2	ca10a5e7ec84e13fbcc4a23bd0de8b0232c53fe1	sparse	4	32	metal-worlds	7	4	118	649625	e4d96fcd04fa9f8f2e377f2d7b7b7d5b96a75d142068f4cf09b7348b7b0bfd02
Q-2	ca10a5e7ec84e13fbcc4a23bd0de8b0232c53fe1	sparse	4	32	scalar	7	5	119	114666	e4d96fcd04fa9f8f2e377f2d7b7b7d5b96a75d142068f4cf09b7348b7b0bfd02
Q-2	ca10a5e7ec84e13fbcc4a23bd0de8b0232c53fe1	sparse	4	32	portable-union	8	0	120	113041	e4d96fcd04fa9f8f2e377f2d7b7b7d5b96a75d142068f4cf09b7348b7b0bfd02
Q-2	ca10a5e7ec84e13fbcc4a23bd0de8b0232c53fe1	sparse	4	32	portable-worlds	8	1	121	34667	e4d96fcd04fa9f8f2e377f2d7b7b7d5b96a75d142068f4cf09b7348b7b0bfd02
Q-2	ca10a5e7ec84e13fbcc4a23bd0de8b0232c53fe1	sparse	4	32	metal-union	8	2	122	689250	e4d96fcd04fa9f8f2e377f2d7b7b7d5b96a75d142068f4cf09b7348b7b0bfd02
Q-2	ca10a5e7ec84e13fbcc4a23bd0de8b0232c53fe1	sparse	4	32	metal-worlds	8	3	123	655708	e4d96fcd04fa9f8f2e377f2d7b7b7d5b96a75d142068f4cf09b7348b7b0bfd02
Q-2	ca10a5e7ec84e13fbcc4a23bd0de8b0232c53fe1	sparse	4	32	scalar	8	4	124	117834	e4d96fcd04fa9f8f2e377f2d7b7b7d5b96a75d142068f4cf09b7348b7b0bfd02
Q-2	ca10a5e7ec84e13fbcc4a23bd0de8b0232c53fe1	sparse	4	32	rayon	8	5	125	69375	e4d96fcd04fa9f8f2e377f2d7b7b7d5b96a75d142068f4cf09b7348b7b0bfd02
Q-2	ca10a5e7ec84e13fbcc4a23bd0de8b0232c53fe1	sparse	4	32	portable-worlds	9	0	126	37584	e4d96fcd04fa9f8f2e377f2d7b7b7d5b96a75d142068f4cf09b7348b7b0bfd02
Q-2	ca10a5e7ec84e13fbcc4a23bd0de8b0232c53fe1	sparse	4	32	metal-union	9	1	127	686916	e4d96fcd04fa9f8f2e377f2d7b7b7d5b96a75d142068f4cf09b7348b7b0bfd02
Q-2	ca10a5e7ec84e13fbcc4a23bd0de8b0232c53fe1	sparse	4	32	metal-worlds	9	2	128	628584	e4d96fcd04fa9f8f2e377f2d7b7b7d5b96a75d142068f4cf09b7348b7b0bfd02
Q-2	ca10a5e7ec84e13fbcc4a23bd0de8b0232c53fe1	sparse	4	32	scalar	9	3	129	116083	e4d96fcd04fa9f8f2e377f2d7b7b7d5b96a75d142068f4cf09b7348b7b0bfd02
Q-2	ca10a5e7ec84e13fbcc4a23bd0de8b0232c53fe1	sparse	4	32	rayon	9	4	130	67209	e4d96fcd04fa9f8f2e377f2d7b7b7d5b96a75d142068f4cf09b7348b7b0bfd02
Q-2	ca10a5e7ec84e13fbcc4a23bd0de8b0232c53fe1	sparse	4	32	portable-union	9	5	131	122041	e4d96fcd04fa9f8f2e377f2d7b7b7d5b96a75d142068f4cf09b7348b7b0bfd02
Q-2	ca10a5e7ec84e13fbcc4a23bd0de8b0232c53fe1	sparse	4	32	metal-union	10	0	132	742500	e4d96fcd04fa9f8f2e377f2d7b7b7d5b96a75d142068f4cf09b7348b7b0bfd02
Q-2	ca10a5e7ec84e13fbcc4a23bd0de8b0232c53fe1	sparse	4	32	metal-worlds	10	1	133	633667	e4d96fcd04fa9f8f2e377f2d7b7b7d5b96a75d142068f4cf09b7348b7b0bfd02
Q-2	ca10a5e7ec84e13fbcc4a23bd0de8b0232c53fe1	sparse	4	32	scalar	10	2	134	106584	e4d96fcd04fa9f8f2e377f2d7b7b7d5b96a75d142068f4cf09b7348b7b0bfd02
Q-2	ca10a5e7ec84e13fbcc4a23bd0de8b0232c53fe1	sparse	4	32	rayon	10	3	135	66333	e4d96fcd04fa9f8f2e377f2d7b7b7d5b96a75d142068f4cf09b7348b7b0bfd02
Q-2	ca10a5e7ec84e13fbcc4a23bd0de8b0232c53fe1	sparse	4	32	portable-union	10	4	136	113125	e4d96fcd04fa9f8f2e377f2d7b7b7d5b96a75d142068f4cf09b7348b7b0bfd02
Q-2	ca10a5e7ec84e13fbcc4a23bd0de8b0232c53fe1	sparse	4	32	portable-worlds	10	5	137	32208	e4d96fcd04fa9f8f2e377f2d7b7b7d5b96a75d142068f4cf09b7348b7b0bfd02
Q-2	ca10a5e7ec84e13fbcc4a23bd0de8b0232c53fe1	sparse	4	32	metal-worlds	11	0	138	624583	e4d96fcd04fa9f8f2e377f2d7b7b7d5b96a75d142068f4cf09b7348b7b0bfd02
Q-2	ca10a5e7ec84e13fbcc4a23bd0de8b0232c53fe1	sparse	4	32	scalar	11	1	139	106208	e4d96fcd04fa9f8f2e377f2d7b7b7d5b96a75d142068f4cf09b7348b7b0bfd02
Q-2	ca10a5e7ec84e13fbcc4a23bd0de8b0232c53fe1	sparse	4	32	rayon	11	2	140	62041	e4d96fcd04fa9f8f2e377f2d7b7b7d5b96a75d142068f4cf09b7348b7b0bfd02
Q-2	ca10a5e7ec84e13fbcc4a23bd0de8b0232c53fe1	sparse	4	32	portable-union	11	3	141	122958	e4d96fcd04fa9f8f2e377f2d7b7b7d5b96a75d142068f4cf09b7348b7b0bfd02
Q-2	ca10a5e7ec84e13fbcc4a23bd0de8b0232c53fe1	sparse	4	32	portable-worlds	11	4	142	33667	e4d96fcd04fa9f8f2e377f2d7b7b7d5b96a75d142068f4cf09b7348b7b0bfd02
Q-2	ca10a5e7ec84e13fbcc4a23bd0de8b0232c53fe1	sparse	4	32	metal-union	11	5	143	727583	e4d96fcd04fa9f8f2e377f2d7b7b7d5b96a75d142068f4cf09b7348b7b0bfd02
Q-2	ca10a5e7ec84e13fbcc4a23bd0de8b0232c53fe1	sparse	8	1	scalar	0	0	144	4333	e4d96fcd04fa9f8f2e377f2d7b7b7d5b96a75d142068f4cf09b7348b7b0bfd02
Q-2	ca10a5e7ec84e13fbcc4a23bd0de8b0232c53fe1	sparse	8	1	rayon	0	1	145	12625	e4d96fcd04fa9f8f2e377f2d7b7b7d5b96a75d142068f4cf09b7348b7b0bfd02
Q-2	ca10a5e7ec84e13fbcc4a23bd0de8b0232c53fe1	sparse	8	1	portable-union	0	2	146	43708	e4d96fcd04fa9f8f2e377f2d7b7b7d5b96a75d142068f4cf09b7348b7b0bfd02
Q-2	ca10a5e7ec84e13fbcc4a23bd0de8b0232c53fe1	sparse	8	1	portable-worlds	0	3	147	30083	e4d96fcd04fa9f8f2e377f2d7b7b7d5b96a75d142068f4cf09b7348b7b0bfd02
Q-2	ca10a5e7ec84e13fbcc4a23bd0de8b0232c53fe1	sparse	8	1	metal-union	0	4	148	646208	e4d96fcd04fa9f8f2e377f2d7b7b7d5b96a75d142068f4cf09b7348b7b0bfd02
Q-2	ca10a5e7ec84e13fbcc4a23bd0de8b0232c53fe1	sparse	8	1	metal-worlds	0	5	149	636958	e4d96fcd04fa9f8f2e377f2d7b7b7d5b96a75d142068f4cf09b7348b7b0bfd02
Q-2	ca10a5e7ec84e13fbcc4a23bd0de8b0232c53fe1	sparse	8	1	rayon	1	0	150	13750	e4d96fcd04fa9f8f2e377f2d7b7b7d5b96a75d142068f4cf09b7348b7b0bfd02
Q-2	ca10a5e7ec84e13fbcc4a23bd0de8b0232c53fe1	sparse	8	1	portable-union	1	1	151	48000	e4d96fcd04fa9f8f2e377f2d7b7b7d5b96a75d142068f4cf09b7348b7b0bfd02
Q-2	ca10a5e7ec84e13fbcc4a23bd0de8b0232c53fe1	sparse	8	1	portable-worlds	1	2	152	30792	e4d96fcd04fa9f8f2e377f2d7b7b7d5b96a75d142068f4cf09b7348b7b0bfd02
Q-2	ca10a5e7ec84e13fbcc4a23bd0de8b0232c53fe1	sparse	8	1	metal-union	1	3	153	629916	e4d96fcd04fa9f8f2e377f2d7b7b7d5b96a75d142068f4cf09b7348b7b0bfd02
Q-2	ca10a5e7ec84e13fbcc4a23bd0de8b0232c53fe1	sparse	8	1	metal-worlds	1	4	154	656875	e4d96fcd04fa9f8f2e377f2d7b7b7d5b96a75d142068f4cf09b7348b7b0bfd02
Q-2	ca10a5e7ec84e13fbcc4a23bd0de8b0232c53fe1	sparse	8	1	scalar	1	5	155	5916	e4d96fcd04fa9f8f2e377f2d7b7b7d5b96a75d142068f4cf09b7348b7b0bfd02
Q-2	ca10a5e7ec84e13fbcc4a23bd0de8b0232c53fe1	sparse	8	1	portable-union	2	0	156	30250	e4d96fcd04fa9f8f2e377f2d7b7b7d5b96a75d142068f4cf09b7348b7b0bfd02
Q-2	ca10a5e7ec84e13fbcc4a23bd0de8b0232c53fe1	sparse	8	1	portable-worlds	2	1	157	29917	e4d96fcd04fa9f8f2e377f2d7b7b7d5b96a75d142068f4cf09b7348b7b0bfd02
Q-2	ca10a5e7ec84e13fbcc4a23bd0de8b0232c53fe1	sparse	8	1	metal-union	2	2	158	651375	e4d96fcd04fa9f8f2e377f2d7b7b7d5b96a75d142068f4cf09b7348b7b0bfd02
Q-2	ca10a5e7ec84e13fbcc4a23bd0de8b0232c53fe1	sparse	8	1	metal-worlds	2	3	159	639750	e4d96fcd04fa9f8f2e377f2d7b7b7d5b96a75d142068f4cf09b7348b7b0bfd02
Q-2	ca10a5e7ec84e13fbcc4a23bd0de8b0232c53fe1	sparse	8	1	scalar	2	4	160	6000	e4d96fcd04fa9f8f2e377f2d7b7b7d5b96a75d142068f4cf09b7348b7b0bfd02
Q-2	ca10a5e7ec84e13fbcc4a23bd0de8b0232c53fe1	sparse	8	1	rayon	2	5	161	13000	e4d96fcd04fa9f8f2e377f2d7b7b7d5b96a75d142068f4cf09b7348b7b0bfd02
Q-2	ca10a5e7ec84e13fbcc4a23bd0de8b0232c53fe1	sparse	8	1	portable-worlds	3	0	162	47917	e4d96fcd04fa9f8f2e377f2d7b7b7d5b96a75d142068f4cf09b7348b7b0bfd02
Q-2	ca10a5e7ec84e13fbcc4a23bd0de8b0232c53fe1	sparse	8	1	metal-union	3	1	163	635750	e4d96fcd04fa9f8f2e377f2d7b7b7d5b96a75d142068f4cf09b7348b7b0bfd02
Q-2	ca10a5e7ec84e13fbcc4a23bd0de8b0232c53fe1	sparse	8	1	metal-worlds	3	2	164	746708	e4d96fcd04fa9f8f2e377f2d7b7b7d5b96a75d142068f4cf09b7348b7b0bfd02
Q-2	ca10a5e7ec84e13fbcc4a23bd0de8b0232c53fe1	sparse	8	1	scalar	3	3	165	6042	e4d96fcd04fa9f8f2e377f2d7b7b7d5b96a75d142068f4cf09b7348b7b0bfd02
Q-2	ca10a5e7ec84e13fbcc4a23bd0de8b0232c53fe1	sparse	8	1	rayon	3	4	166	13375	e4d96fcd04fa9f8f2e377f2d7b7b7d5b96a75d142068f4cf09b7348b7b0bfd02
Q-2	ca10a5e7ec84e13fbcc4a23bd0de8b0232c53fe1	sparse	8	1	portable-union	3	5	167	46083	e4d96fcd04fa9f8f2e377f2d7b7b7d5b96a75d142068f4cf09b7348b7b0bfd02
Q-2	ca10a5e7ec84e13fbcc4a23bd0de8b0232c53fe1	sparse	8	1	metal-union	4	0	168	650625	e4d96fcd04fa9f8f2e377f2d7b7b7d5b96a75d142068f4cf09b7348b7b0bfd02
Q-2	ca10a5e7ec84e13fbcc4a23bd0de8b0232c53fe1	sparse	8	1	metal-worlds	4	1	169	637209	e4d96fcd04fa9f8f2e377f2d7b7b7d5b96a75d142068f4cf09b7348b7b0bfd02
Q-2	ca10a5e7ec84e13fbcc4a23bd0de8b0232c53fe1	sparse	8	1	scalar	4	2	170	4875	e4d96fcd04fa9f8f2e377f2d7b7b7d5b96a75d142068f4cf09b7348b7b0bfd02
Q-2	ca10a5e7ec84e13fbcc4a23bd0de8b0232c53fe1	sparse	8	1	rayon	4	3	171	12667	e4d96fcd04fa9f8f2e377f2d7b7b7d5b96a75d142068f4cf09b7348b7b0bfd02
Q-2	ca10a5e7ec84e13fbcc4a23bd0de8b0232c53fe1	sparse	8	1	portable-union	4	4	172	47458	e4d96fcd04fa9f8f2e377f2d7b7b7d5b96a75d142068f4cf09b7348b7b0bfd02
Q-2	ca10a5e7ec84e13fbcc4a23bd0de8b0232c53fe1	sparse	8	1	portable-worlds	4	5	173	30542	e4d96fcd04fa9f8f2e377f2d7b7b7d5b96a75d142068f4cf09b7348b7b0bfd02
Q-2	ca10a5e7ec84e13fbcc4a23bd0de8b0232c53fe1	sparse	8	1	metal-worlds	5	0	174	637542	e4d96fcd04fa9f8f2e377f2d7b7b7d5b96a75d142068f4cf09b7348b7b0bfd02
Q-2	ca10a5e7ec84e13fbcc4a23bd0de8b0232c53fe1	sparse	8	1	scalar	5	1	175	5709	e4d96fcd04fa9f8f2e377f2d7b7b7d5b96a75d142068f4cf09b7348b7b0bfd02
Q-2	ca10a5e7ec84e13fbcc4a23bd0de8b0232c53fe1	sparse	8	1	rayon	5	2	176	12584	e4d96fcd04fa9f8f2e377f2d7b7b7d5b96a75d142068f4cf09b7348b7b0bfd02
Q-2	ca10a5e7ec84e13fbcc4a23bd0de8b0232c53fe1	sparse	8	1	portable-union	5	3	177	44000	e4d96fcd04fa9f8f2e377f2d7b7b7d5b96a75d142068f4cf09b7348b7b0bfd02
Q-2	ca10a5e7ec84e13fbcc4a23bd0de8b0232c53fe1	sparse	8	1	portable-worlds	5	4	178	30500	e4d96fcd04fa9f8f2e377f2d7b7b7d5b96a75d142068f4cf09b7348b7b0bfd02
Q-2	ca10a5e7ec84e13fbcc4a23bd0de8b0232c53fe1	sparse	8	1	metal-union	5	5	179	635500	e4d96fcd04fa9f8f2e377f2d7b7b7d5b96a75d142068f4cf09b7348b7b0bfd02
Q-2	ca10a5e7ec84e13fbcc4a23bd0de8b0232c53fe1	sparse	8	1	scalar	6	0	180	5416	e4d96fcd04fa9f8f2e377f2d7b7b7d5b96a75d142068f4cf09b7348b7b0bfd02
Q-2	ca10a5e7ec84e13fbcc4a23bd0de8b0232c53fe1	sparse	8	1	rayon	6	1	181	12500	e4d96fcd04fa9f8f2e377f2d7b7b7d5b96a75d142068f4cf09b7348b7b0bfd02
Q-2	ca10a5e7ec84e13fbcc4a23bd0de8b0232c53fe1	sparse	8	1	portable-union	6	2	182	44917	e4d96fcd04fa9f8f2e377f2d7b7b7d5b96a75d142068f4cf09b7348b7b0bfd02
Q-2	ca10a5e7ec84e13fbcc4a23bd0de8b0232c53fe1	sparse	8	1	portable-worlds	6	3	183	30584	e4d96fcd04fa9f8f2e377f2d7b7b7d5b96a75d142068f4cf09b7348b7b0bfd02
Q-2	ca10a5e7ec84e13fbcc4a23bd0de8b0232c53fe1	sparse	8	1	metal-union	6	4	184	638917	e4d96fcd04fa9f8f2e377f2d7b7b7d5b96a75d142068f4cf09b7348b7b0bfd02
Q-2	ca10a5e7ec84e13fbcc4a23bd0de8b0232c53fe1	sparse	8	1	metal-worlds	6	5	185	648500	e4d96fcd04fa9f8f2e377f2d7b7b7d5b96a75d142068f4cf09b7348b7b0bfd02
Q-2	ca10a5e7ec84e13fbcc4a23bd0de8b0232c53fe1	sparse	8	1	rayon	7	0	186	13750	e4d96fcd04fa9f8f2e377f2d7b7b7d5b96a75d142068f4cf09b7348b7b0bfd02
Q-2	ca10a5e7ec84e13fbcc4a23bd0de8b0232c53fe1	sparse	8	1	portable-union	7	1	187	44125	e4d96fcd04fa9f8f2e377f2d7b7b7d5b96a75d142068f4cf09b7348b7b0bfd02
Q-2	ca10a5e7ec84e13fbcc4a23bd0de8b0232c53fe1	sparse	8	1	portable-worlds	7	2	188	30042	e4d96fcd04fa9f8f2e377f2d7b7b7d5b96a75d142068f4cf09b7348b7b0bfd02
Q-2	ca10a5e7ec84e13fbcc4a23bd0de8b0232c53fe1	sparse	8	1	metal-union	7	3	189	635459	e4d96fcd04fa9f8f2e377f2d7b7b7d5b96a75d142068f4cf09b7348b7b0bfd02
Q-2	ca10a5e7ec84e13fbcc4a23bd0de8b0232c53fe1	sparse	8	1	metal-worlds	7	4	190	655084	e4d96fcd04fa9f8f2e377f2d7b7b7d5b96a75d142068f4cf09b7348b7b0bfd02
Q-2	ca10a5e7ec84e13fbcc4a23bd0de8b0232c53fe1	sparse	8	1	scalar	7	5	191	5875	e4d96fcd04fa9f8f2e377f2d7b7b7d5b96a75d142068f4cf09b7348b7b0bfd02
Q-2	ca10a5e7ec84e13fbcc4a23bd0de8b0232c53fe1	sparse	8	1	portable-union	8	0	192	30542	e4d96fcd04fa9f8f2e377f2d7b7b7d5b96a75d142068f4cf09b7348b7b0bfd02
Q-2	ca10a5e7ec84e13fbcc4a23bd0de8b0232c53fe1	sparse	8	1	portable-worlds	8	1	193	29500	e4d96fcd04fa9f8f2e377f2d7b7b7d5b96a75d142068f4cf09b7348b7b0bfd02
Q-2	ca10a5e7ec84e13fbcc4a23bd0de8b0232c53fe1	sparse	8	1	metal-union	8	2	194	638292	e4d96fcd04fa9f8f2e377f2d7b7b7d5b96a75d142068f4cf09b7348b7b0bfd02
Q-2	ca10a5e7ec84e13fbcc4a23bd0de8b0232c53fe1	sparse	8	1	metal-worlds	8	3	195	639750	e4d96fcd04fa9f8f2e377f2d7b7b7d5b96a75d142068f4cf09b7348b7b0bfd02
Q-2	ca10a5e7ec84e13fbcc4a23bd0de8b0232c53fe1	sparse	8	1	scalar	8	4	196	5541	e4d96fcd04fa9f8f2e377f2d7b7b7d5b96a75d142068f4cf09b7348b7b0bfd02
Q-2	ca10a5e7ec84e13fbcc4a23bd0de8b0232c53fe1	sparse	8	1	rayon	8	5	197	14125	e4d96fcd04fa9f8f2e377f2d7b7b7d5b96a75d142068f4cf09b7348b7b0bfd02
Q-2	ca10a5e7ec84e13fbcc4a23bd0de8b0232c53fe1	sparse	8	1	portable-worlds	9	0	198	45709	e4d96fcd04fa9f8f2e377f2d7b7b7d5b96a75d142068f4cf09b7348b7b0bfd02
Q-2	ca10a5e7ec84e13fbcc4a23bd0de8b0232c53fe1	sparse	8	1	metal-union	9	1	199	720292	e4d96fcd04fa9f8f2e377f2d7b7b7d5b96a75d142068f4cf09b7348b7b0bfd02
Q-2	ca10a5e7ec84e13fbcc4a23bd0de8b0232c53fe1	sparse	8	1	metal-worlds	9	2	200	645917	e4d96fcd04fa9f8f2e377f2d7b7b7d5b96a75d142068f4cf09b7348b7b0bfd02
Q-2	ca10a5e7ec84e13fbcc4a23bd0de8b0232c53fe1	sparse	8	1	scalar	9	3	201	4833	e4d96fcd04fa9f8f2e377f2d7b7b7d5b96a75d142068f4cf09b7348b7b0bfd02
Q-2	ca10a5e7ec84e13fbcc4a23bd0de8b0232c53fe1	sparse	8	1	rayon	9	4	202	12875	e4d96fcd04fa9f8f2e377f2d7b7b7d5b96a75d142068f4cf09b7348b7b0bfd02
Q-2	ca10a5e7ec84e13fbcc4a23bd0de8b0232c53fe1	sparse	8	1	portable-union	9	5	203	45959	e4d96fcd04fa9f8f2e377f2d7b7b7d5b96a75d142068f4cf09b7348b7b0bfd02
Q-2	ca10a5e7ec84e13fbcc4a23bd0de8b0232c53fe1	sparse	8	1	metal-union	10	0	204	650833	e4d96fcd04fa9f8f2e377f2d7b7b7d5b96a75d142068f4cf09b7348b7b0bfd02
Q-2	ca10a5e7ec84e13fbcc4a23bd0de8b0232c53fe1	sparse	8	1	metal-worlds	10	1	205	653125	e4d96fcd04fa9f8f2e377f2d7b7b7d5b96a75d142068f4cf09b7348b7b0bfd02
Q-2	ca10a5e7ec84e13fbcc4a23bd0de8b0232c53fe1	sparse	8	1	scalar	10	2	206	5750	e4d96fcd04fa9f8f2e377f2d7b7b7d5b96a75d142068f4cf09b7348b7b0bfd02
Q-2	ca10a5e7ec84e13fbcc4a23bd0de8b0232c53fe1	sparse	8	1	rayon	10	3	207	12500	e4d96fcd04fa9f8f2e377f2d7b7b7d5b96a75d142068f4cf09b7348b7b0bfd02
Q-2	ca10a5e7ec84e13fbcc4a23bd0de8b0232c53fe1	sparse	8	1	portable-union	10	4	208	45250	e4d96fcd04fa9f8f2e377f2d7b7b7d5b96a75d142068f4cf09b7348b7b0bfd02
Q-2	ca10a5e7ec84e13fbcc4a23bd0de8b0232c53fe1	sparse	8	1	portable-worlds	10	5	209	30292	e4d96fcd04fa9f8f2e377f2d7b7b7d5b96a75d142068f4cf09b7348b7b0bfd02
Q-2	ca10a5e7ec84e13fbcc4a23bd0de8b0232c53fe1	sparse	8	1	metal-worlds	11	0	210	643875	e4d96fcd04fa9f8f2e377f2d7b7b7d5b96a75d142068f4cf09b7348b7b0bfd02
Q-2	ca10a5e7ec84e13fbcc4a23bd0de8b0232c53fe1	sparse	8	1	scalar	11	1	211	4916	e4d96fcd04fa9f8f2e377f2d7b7b7d5b96a75d142068f4cf09b7348b7b0bfd02
Q-2	ca10a5e7ec84e13fbcc4a23bd0de8b0232c53fe1	sparse	8	1	rayon	11	2	212	12541	e4d96fcd04fa9f8f2e377f2d7b7b7d5b96a75d142068f4cf09b7348b7b0bfd02
Q-2	ca10a5e7ec84e13fbcc4a23bd0de8b0232c53fe1	sparse	8	1	portable-union	11	3	213	44834	e4d96fcd04fa9f8f2e377f2d7b7b7d5b96a75d142068f4cf09b7348b7b0bfd02
Q-2	ca10a5e7ec84e13fbcc4a23bd0de8b0232c53fe1	sparse	8	1	portable-worlds	11	4	214	30458	e4d96fcd04fa9f8f2e377f2d7b7b7d5b96a75d142068f4cf09b7348b7b0bfd02
Q-2	ca10a5e7ec84e13fbcc4a23bd0de8b0232c53fe1	sparse	8	1	metal-union	11	5	215	641875	e4d96fcd04fa9f8f2e377f2d7b7b7d5b96a75d142068f4cf09b7348b7b0bfd02
Q-2	ca10a5e7ec84e13fbcc4a23bd0de8b0232c53fe1	sparse	8	32	scalar	0	0	216	119959	e4d96fcd04fa9f8f2e377f2d7b7b7d5b96a75d142068f4cf09b7348b7b0bfd02
Q-2	ca10a5e7ec84e13fbcc4a23bd0de8b0232c53fe1	sparse	8	32	rayon	0	1	217	68084	e4d96fcd04fa9f8f2e377f2d7b7b7d5b96a75d142068f4cf09b7348b7b0bfd02
Q-2	ca10a5e7ec84e13fbcc4a23bd0de8b0232c53fe1	sparse	8	32	portable-union	0	2	218	769666	e4d96fcd04fa9f8f2e377f2d7b7b7d5b96a75d142068f4cf09b7348b7b0bfd02
Q-2	ca10a5e7ec84e13fbcc4a23bd0de8b0232c53fe1	sparse	8	32	portable-worlds	0	3	219	61583	e4d96fcd04fa9f8f2e377f2d7b7b7d5b96a75d142068f4cf09b7348b7b0bfd02
Q-2	ca10a5e7ec84e13fbcc4a23bd0de8b0232c53fe1	sparse	8	32	metal-union	0	4	220	2122167	e4d96fcd04fa9f8f2e377f2d7b7b7d5b96a75d142068f4cf09b7348b7b0bfd02
Q-2	ca10a5e7ec84e13fbcc4a23bd0de8b0232c53fe1	sparse	8	32	metal-worlds	0	5	221	678584	e4d96fcd04fa9f8f2e377f2d7b7b7d5b96a75d142068f4cf09b7348b7b0bfd02
Q-2	ca10a5e7ec84e13fbcc4a23bd0de8b0232c53fe1	sparse	8	32	rayon	1	0	222	66667	e4d96fcd04fa9f8f2e377f2d7b7b7d5b96a75d142068f4cf09b7348b7b0bfd02
Q-2	ca10a5e7ec84e13fbcc4a23bd0de8b0232c53fe1	sparse	8	32	portable-union	1	1	223	787416	e4d96fcd04fa9f8f2e377f2d7b7b7d5b96a75d142068f4cf09b7348b7b0bfd02
Q-2	ca10a5e7ec84e13fbcc4a23bd0de8b0232c53fe1	sparse	8	32	portable-worlds	1	2	224	62542	e4d96fcd04fa9f8f2e377f2d7b7b7d5b96a75d142068f4cf09b7348b7b0bfd02
Q-2	ca10a5e7ec84e13fbcc4a23bd0de8b0232c53fe1	sparse	8	32	metal-union	1	3	225	2086917	e4d96fcd04fa9f8f2e377f2d7b7b7d5b96a75d142068f4cf09b7348b7b0bfd02
Q-2	ca10a5e7ec84e13fbcc4a23bd0de8b0232c53fe1	sparse	8	32	metal-worlds	1	4	226	677458	e4d96fcd04fa9f8f2e377f2d7b7b7d5b96a75d142068f4cf09b7348b7b0bfd02
Q-2	ca10a5e7ec84e13fbcc4a23bd0de8b0232c53fe1	sparse	8	32	scalar	1	5	227	118292	e4d96fcd04fa9f8f2e377f2d7b7b7d5b96a75d142068f4cf09b7348b7b0bfd02
Q-2	ca10a5e7ec84e13fbcc4a23bd0de8b0232c53fe1	sparse	8	32	portable-union	2	0	228	767416	e4d96fcd04fa9f8f2e377f2d7b7b7d5b96a75d142068f4cf09b7348b7b0bfd02
Q-2	ca10a5e7ec84e13fbcc4a23bd0de8b0232c53fe1	sparse	8	32	portable-worlds	2	1	229	59292	e4d96fcd04fa9f8f2e377f2d7b7b7d5b96a75d142068f4cf09b7348b7b0bfd02
Q-2	ca10a5e7ec84e13fbcc4a23bd0de8b0232c53fe1	sparse	8	32	metal-union	2	2	230	2086875	e4d96fcd04fa9f8f2e377f2d7b7b7d5b96a75d142068f4cf09b7348b7b0bfd02
Q-2	ca10a5e7ec84e13fbcc4a23bd0de8b0232c53fe1	sparse	8	32	metal-worlds	2	3	231	690125	e4d96fcd04fa9f8f2e377f2d7b7b7d5b96a75d142068f4cf09b7348b7b0bfd02
Q-2	ca10a5e7ec84e13fbcc4a23bd0de8b0232c53fe1	sparse	8	32	scalar	2	4	232	117334	e4d96fcd04fa9f8f2e377f2d7b7b7d5b96a75d142068f4cf09b7348b7b0bfd02
Q-2	ca10a5e7ec84e13fbcc4a23bd0de8b0232c53fe1	sparse	8	32	rayon	2	5	233	66833	e4d96fcd04fa9f8f2e377f2d7b7b7d5b96a75d142068f4cf09b7348b7b0bfd02
Q-2	ca10a5e7ec84e13fbcc4a23bd0de8b0232c53fe1	sparse	8	32	portable-worlds	3	0	234	66583	e4d96fcd04fa9f8f2e377f2d7b7b7d5b96a75d142068f4cf09b7348b7b0bfd02
Q-2	ca10a5e7ec84e13fbcc4a23bd0de8b0232c53fe1	sparse	8	32	metal-union	3	1	235	2081584	e4d96fcd04fa9f8f2e377f2d7b7b7d5b96a75d142068f4cf09b7348b7b0bfd02
Q-2	ca10a5e7ec84e13fbcc4a23bd0de8b0232c53fe1	sparse	8	32	metal-worlds	3	2	236	682750	e4d96fcd04fa9f8f2e377f2d7b7b7d5b96a75d142068f4cf09b7348b7b0bfd02
Q-2	ca10a5e7ec84e13fbcc4a23bd0de8b0232c53fe1	sparse	8	32	scalar	3	3	237	121083	e4d96fcd04fa9f8f2e377f2d7b7b7d5b96a75d142068f4cf09b7348b7b0bfd02
Q-2	ca10a5e7ec84e13fbcc4a23bd0de8b0232c53fe1	sparse	8	32	rayon	3	4	238	71375	e4d96fcd04fa9f8f2e377f2d7b7b7d5b96a75d142068f4cf09b7348b7b0bfd02
Q-2	ca10a5e7ec84e13fbcc4a23bd0de8b0232c53fe1	sparse	8	32	portable-union	3	5	239	774791	e4d96fcd04fa9f8f2e377f2d7b7b7d5b96a75d142068f4cf09b7348b7b0bfd02
Q-2	ca10a5e7ec84e13fbcc4a23bd0de8b0232c53fe1	sparse	8	32	metal-union	4	0	240	2080417	e4d96fcd04fa9f8f2e377f2d7b7b7d5b96a75d142068f4cf09b7348b7b0bfd02
Q-2	ca10a5e7ec84e13fbcc4a23bd0de8b0232c53fe1	sparse	8	32	metal-worlds	4	1	241	720792	e4d96fcd04fa9f8f2e377f2d7b7b7d5b96a75d142068f4cf09b7348b7b0bfd02
Q-2	ca10a5e7ec84e13fbcc4a23bd0de8b0232c53fe1	sparse	8	32	scalar	4	2	242	120791	e4d96fcd04fa9f8f2e377f2d7b7b7d5b96a75d142068f4cf09b7348b7b0bfd02
Q-2	ca10a5e7ec84e13fbcc4a23bd0de8b0232c53fe1	sparse	8	32	rayon	4	3	243	66125	e4d96fcd04fa9f8f2e377f2d7b7b7d5b96a75d142068f4cf09b7348b7b0bfd02
Q-2	ca10a5e7ec84e13fbcc4a23bd0de8b0232c53fe1	sparse	8	32	portable-union	4	4	244	770375	e4d96fcd04fa9f8f2e377f2d7b7b7d5b96a75d142068f4cf09b7348b7b0bfd02
Q-2	ca10a5e7ec84e13fbcc4a23bd0de8b0232c53fe1	sparse	8	32	portable-worlds	4	5	245	59875	e4d96fcd04fa9f8f2e377f2d7b7b7d5b96a75d142068f4cf09b7348b7b0bfd02
Q-2	ca10a5e7ec84e13fbcc4a23bd0de8b0232c53fe1	sparse	8	32	metal-worlds	5	0	246	657042	e4d96fcd04fa9f8f2e377f2d7b7b7d5b96a75d142068f4cf09b7348b7b0bfd02
Q-2	ca10a5e7ec84e13fbcc4a23bd0de8b0232c53fe1	sparse	8	32	scalar	5	1	247	121417	e4d96fcd04fa9f8f2e377f2d7b7b7d5b96a75d142068f4cf09b7348b7b0bfd02
Q-2	ca10a5e7ec84e13fbcc4a23bd0de8b0232c53fe1	sparse	8	32	rayon	5	2	248	66625	e4d96fcd04fa9f8f2e377f2d7b7b7d5b96a75d142068f4cf09b7348b7b0bfd02
Q-2	ca10a5e7ec84e13fbcc4a23bd0de8b0232c53fe1	sparse	8	32	portable-union	5	3	249	775375	e4d96fcd04fa9f8f2e377f2d7b7b7d5b96a75d142068f4cf09b7348b7b0bfd02
Q-2	ca10a5e7ec84e13fbcc4a23bd0de8b0232c53fe1	sparse	8	32	portable-worlds	5	4	250	62792	e4d96fcd04fa9f8f2e377f2d7b7b7d5b96a75d142068f4cf09b7348b7b0bfd02
Q-2	ca10a5e7ec84e13fbcc4a23bd0de8b0232c53fe1	sparse	8	32	metal-union	5	5	251	2105000	e4d96fcd04fa9f8f2e377f2d7b7b7d5b96a75d142068f4cf09b7348b7b0bfd02
Q-2	ca10a5e7ec84e13fbcc4a23bd0de8b0232c53fe1	sparse	8	32	scalar	6	0	252	121084	e4d96fcd04fa9f8f2e377f2d7b7b7d5b96a75d142068f4cf09b7348b7b0bfd02
Q-2	ca10a5e7ec84e13fbcc4a23bd0de8b0232c53fe1	sparse	8	32	rayon	6	1	253	66709	e4d96fcd04fa9f8f2e377f2d7b7b7d5b96a75d142068f4cf09b7348b7b0bfd02
Q-2	ca10a5e7ec84e13fbcc4a23bd0de8b0232c53fe1	sparse	8	32	portable-union	6	2	254	794625	e4d96fcd04fa9f8f2e377f2d7b7b7d5b96a75d142068f4cf09b7348b7b0bfd02
Q-2	ca10a5e7ec84e13fbcc4a23bd0de8b0232c53fe1	sparse	8	32	portable-worlds	6	3	255	59667	e4d96fcd04fa9f8f2e377f2d7b7b7d5b96a75d142068f4cf09b7348b7b0bfd02
Q-2	ca10a5e7ec84e13fbcc4a23bd0de8b0232c53fe1	sparse	8	32	metal-union	6	4	256	2098833	e4d96fcd04fa9f8f2e377f2d7b7b7d5b96a75d142068f4cf09b7348b7b0bfd02
Q-2	ca10a5e7ec84e13fbcc4a23bd0de8b0232c53fe1	sparse	8	32	metal-worlds	6	5	257	695750	e4d96fcd04fa9f8f2e377f2d7b7b7d5b96a75d142068f4cf09b7348b7b0bfd02
Q-2	ca10a5e7ec84e13fbcc4a23bd0de8b0232c53fe1	sparse	8	32	rayon	7	0	258	71125	e4d96fcd04fa9f8f2e377f2d7b7b7d5b96a75d142068f4cf09b7348b7b0bfd02
Q-2	ca10a5e7ec84e13fbcc4a23bd0de8b0232c53fe1	sparse	8	32	portable-union	7	1	259	774750	e4d96fcd04fa9f8f2e377f2d7b7b7d5b96a75d142068f4cf09b7348b7b0bfd02
Q-2	ca10a5e7ec84e13fbcc4a23bd0de8b0232c53fe1	sparse	8	32	portable-worlds	7	2	260	59792	e4d96fcd04fa9f8f2e377f2d7b7b7d5b96a75d142068f4cf09b7348b7b0bfd02
Q-2	ca10a5e7ec84e13fbcc4a23bd0de8b0232c53fe1	sparse	8	32	metal-union	7	3	261	2088667	e4d96fcd04fa9f8f2e377f2d7b7b7d5b96a75d142068f4cf09b7348b7b0bfd02
Q-2	ca10a5e7ec84e13fbcc4a23bd0de8b0232c53fe1	sparse	8	32	metal-worlds	7	4	262	662833	e4d96fcd04fa9f8f2e377f2d7b7b7d5b96a75d142068f4cf09b7348b7b0bfd02
Q-2	ca10a5e7ec84e13fbcc4a23bd0de8b0232c53fe1	sparse	8	32	scalar	7	5	263	121125	e4d96fcd04fa9f8f2e377f2d7b7b7d5b96a75d142068f4cf09b7348b7b0bfd02
Q-2	ca10a5e7ec84e13fbcc4a23bd0de8b0232c53fe1	sparse	8	32	portable-union	8	0	264	776375	e4d96fcd04fa9f8f2e377f2d7b7b7d5b96a75d142068f4cf09b7348b7b0bfd02
Q-2	ca10a5e7ec84e13fbcc4a23bd0de8b0232c53fe1	sparse	8	32	portable-worlds	8	1	265	61458	e4d96fcd04fa9f8f2e377f2d7b7b7d5b96a75d142068f4cf09b7348b7b0bfd02
Q-2	ca10a5e7ec84e13fbcc4a23bd0de8b0232c53fe1	sparse	8	32	metal-union	8	2	266	2056292	e4d96fcd04fa9f8f2e377f2d7b7b7d5b96a75d142068f4cf09b7348b7b0bfd02
Q-2	ca10a5e7ec84e13fbcc4a23bd0de8b0232c53fe1	sparse	8	32	metal-worlds	8	3	267	745375	e4d96fcd04fa9f8f2e377f2d7b7b7d5b96a75d142068f4cf09b7348b7b0bfd02
Q-2	ca10a5e7ec84e13fbcc4a23bd0de8b0232c53fe1	sparse	8	32	scalar	8	4	268	120791	e4d96fcd04fa9f8f2e377f2d7b7b7d5b96a75d142068f4cf09b7348b7b0bfd02
Q-2	ca10a5e7ec84e13fbcc4a23bd0de8b0232c53fe1	sparse	8	32	rayon	8	5	269	65292	e4d96fcd04fa9f8f2e377f2d7b7b7d5b96a75d142068f4cf09b7348b7b0bfd02
Q-2	ca10a5e7ec84e13fbcc4a23bd0de8b0232c53fe1	sparse	8	32	portable-worlds	9	0	270	64708	e4d96fcd04fa9f8f2e377f2d7b7b7d5b96a75d142068f4cf09b7348b7b0bfd02
Q-2	ca10a5e7ec84e13fbcc4a23bd0de8b0232c53fe1	sparse	8	32	metal-union	9	1	271	2106625	e4d96fcd04fa9f8f2e377f2d7b7b7d5b96a75d142068f4cf09b7348b7b0bfd02
Q-2	ca10a5e7ec84e13fbcc4a23bd0de8b0232c53fe1	sparse	8	32	metal-worlds	9	2	272	672208	e4d96fcd04fa9f8f2e377f2d7b7b7d5b96a75d142068f4cf09b7348b7b0bfd02
Q-2	ca10a5e7ec84e13fbcc4a23bd0de8b0232c53fe1	sparse	8	32	scalar	9	3	273	117792	e4d96fcd04fa9f8f2e377f2d7b7b7d5b96a75d142068f4cf09b7348b7b0bfd02
Q-2	ca10a5e7ec84e13fbcc4a23bd0de8b0232c53fe1	sparse	8	32	rayon	9	4	274	67416	e4d96fcd04fa9f8f2e377f2d7b7b7d5b96a75d142068f4cf09b7348b7b0bfd02
Q-2	ca10a5e7ec84e13fbcc4a23bd0de8b0232c53fe1	sparse	8	32	portable-union	9	5	275	775958	e4d96fcd04fa9f8f2e377f2d7b7b7d5b96a75d142068f4cf09b7348b7b0bfd02
Q-2	ca10a5e7ec84e13fbcc4a23bd0de8b0232c53fe1	sparse	8	32	metal-union	10	0	276	2085209	e4d96fcd04fa9f8f2e377f2d7b7b7d5b96a75d142068f4cf09b7348b7b0bfd02
Q-2	ca10a5e7ec84e13fbcc4a23bd0de8b0232c53fe1	sparse	8	32	metal-worlds	10	1	277	664167	e4d96fcd04fa9f8f2e377f2d7b7b7d5b96a75d142068f4cf09b7348b7b0bfd02
Q-2	ca10a5e7ec84e13fbcc4a23bd0de8b0232c53fe1	sparse	8	32	scalar	10	2	278	121250	e4d96fcd04fa9f8f2e377f2d7b7b7d5b96a75d142068f4cf09b7348b7b0bfd02
Q-2	ca10a5e7ec84e13fbcc4a23bd0de8b0232c53fe1	sparse	8	32	rayon	10	3	279	71500	e4d96fcd04fa9f8f2e377f2d7b7b7d5b96a75d142068f4cf09b7348b7b0bfd02
Q-2	ca10a5e7ec84e13fbcc4a23bd0de8b0232c53fe1	sparse	8	32	portable-union	10	4	280	776125	e4d96fcd04fa9f8f2e377f2d7b7b7d5b96a75d142068f4cf09b7348b7b0bfd02
Q-2	ca10a5e7ec84e13fbcc4a23bd0de8b0232c53fe1	sparse	8	32	portable-worlds	10	5	281	60417	e4d96fcd04fa9f8f2e377f2d7b7b7d5b96a75d142068f4cf09b7348b7b0bfd02
Q-2	ca10a5e7ec84e13fbcc4a23bd0de8b0232c53fe1	sparse	8	32	metal-worlds	11	0	282	677875	e4d96fcd04fa9f8f2e377f2d7b7b7d5b96a75d142068f4cf09b7348b7b0bfd02
Q-2	ca10a5e7ec84e13fbcc4a23bd0de8b0232c53fe1	sparse	8	32	scalar	11	1	283	120583	e4d96fcd04fa9f8f2e377f2d7b7b7d5b96a75d142068f4cf09b7348b7b0bfd02
Q-2	ca10a5e7ec84e13fbcc4a23bd0de8b0232c53fe1	sparse	8	32	rayon	11	2	284	76041	e4d96fcd04fa9f8f2e377f2d7b7b7d5b96a75d142068f4cf09b7348b7b0bfd02
Q-2	ca10a5e7ec84e13fbcc4a23bd0de8b0232c53fe1	sparse	8	32	portable-union	11	3	285	769333	e4d96fcd04fa9f8f2e377f2d7b7b7d5b96a75d142068f4cf09b7348b7b0bfd02
Q-2	ca10a5e7ec84e13fbcc4a23bd0de8b0232c53fe1	sparse	8	32	portable-worlds	11	4	286	59000	e4d96fcd04fa9f8f2e377f2d7b7b7d5b96a75d142068f4cf09b7348b7b0bfd02
Q-2	ca10a5e7ec84e13fbcc4a23bd0de8b0232c53fe1	sparse	8	32	metal-union	11	5	287	2077333	e4d96fcd04fa9f8f2e377f2d7b7b7d5b96a75d142068f4cf09b7348b7b0bfd02
Q-2	ca10a5e7ec84e13fbcc4a23bd0de8b0232c53fe1	dense	4	1	scalar	0	0	288	47375	e4d96fcd04fa9f8f2e377f2d7b7b7d5b96a75d142068f4cf09b7348b7b0bfd02
Q-2	ca10a5e7ec84e13fbcc4a23bd0de8b0232c53fe1	dense	4	1	rayon	0	1	289	59125	e4d96fcd04fa9f8f2e377f2d7b7b7d5b96a75d142068f4cf09b7348b7b0bfd02
Q-2	ca10a5e7ec84e13fbcc4a23bd0de8b0232c53fe1	dense	4	1	portable-union	0	2	290	97416	e4d96fcd04fa9f8f2e377f2d7b7b7d5b96a75d142068f4cf09b7348b7b0bfd02
Q-2	ca10a5e7ec84e13fbcc4a23bd0de8b0232c53fe1	dense	4	1	portable-worlds	0	3	291	92875	e4d96fcd04fa9f8f2e377f2d7b7b7d5b96a75d142068f4cf09b7348b7b0bfd02
Q-2	ca10a5e7ec84e13fbcc4a23bd0de8b0232c53fe1	dense	4	1	metal-union	0	4	292	706125	e4d96fcd04fa9f8f2e377f2d7b7b7d5b96a75d142068f4cf09b7348b7b0bfd02
Q-2	ca10a5e7ec84e13fbcc4a23bd0de8b0232c53fe1	dense	4	1	metal-worlds	0	5	293	708708	e4d96fcd04fa9f8f2e377f2d7b7b7d5b96a75d142068f4cf09b7348b7b0bfd02
Q-2	ca10a5e7ec84e13fbcc4a23bd0de8b0232c53fe1	dense	4	1	rayon	1	0	294	74125	e4d96fcd04fa9f8f2e377f2d7b7b7d5b96a75d142068f4cf09b7348b7b0bfd02
Q-2	ca10a5e7ec84e13fbcc4a23bd0de8b0232c53fe1	dense	4	1	portable-union	1	1	295	103958	e4d96fcd04fa9f8f2e377f2d7b7b7d5b96a75d142068f4cf09b7348b7b0bfd02
Q-2	ca10a5e7ec84e13fbcc4a23bd0de8b0232c53fe1	dense	4	1	portable-worlds	1	2	296	92709	e4d96fcd04fa9f8f2e377f2d7b7b7d5b96a75d142068f4cf09b7348b7b0bfd02
Q-2	ca10a5e7ec84e13fbcc4a23bd0de8b0232c53fe1	dense	4	1	metal-union	1	3	297	696584	e4d96fcd04fa9f8f2e377f2d7b7b7d5b96a75d142068f4cf09b7348b7b0bfd02
Q-2	ca10a5e7ec84e13fbcc4a23bd0de8b0232c53fe1	dense	4	1	metal-worlds	1	4	298	700708	e4d96fcd04fa9f8f2e377f2d7b7b7d5b96a75d142068f4cf09b7348b7b0bfd02
Q-2	ca10a5e7ec84e13fbcc4a23bd0de8b0232c53fe1	dense	4	1	scalar	1	5	299	47417	e4d96fcd04fa9f8f2e377f2d7b7b7d5b96a75d142068f4cf09b7348b7b0bfd02
Q-2	ca10a5e7ec84e13fbcc4a23bd0de8b0232c53fe1	dense	4	1	portable-union	2	0	300	91833	e4d96fcd04fa9f8f2e377f2d7b7b7d5b96a75d142068f4cf09b7348b7b0bfd02
Q-2	ca10a5e7ec84e13fbcc4a23bd0de8b0232c53fe1	dense	4	1	portable-worlds	2	1	301	93417	e4d96fcd04fa9f8f2e377f2d7b7b7d5b96a75d142068f4cf09b7348b7b0bfd02
Q-2	ca10a5e7ec84e13fbcc4a23bd0de8b0232c53fe1	dense	4	1	metal-union	2	2	302	677792	e4d96fcd04fa9f8f2e377f2d7b7b7d5b96a75d142068f4cf09b7348b7b0bfd02
Q-2	ca10a5e7ec84e13fbcc4a23bd0de8b0232c53fe1	dense	4	1	metal-worlds	2	3	303	705500	e4d96fcd04fa9f8f2e377f2d7b7b7d5b96a75d142068f4cf09b7348b7b0bfd02
Q-2	ca10a5e7ec84e13fbcc4a23bd0de8b0232c53fe1	dense	4	1	scalar	2	4	304	48917	e4d96fcd04fa9f8f2e377f2d7b7b7d5b96a75d142068f4cf09b7348b7b0bfd02
Q-2	ca10a5e7ec84e13fbcc4a23bd0de8b0232c53fe1	dense	4	1	rayon	2	5	305	59084	e4d96fcd04fa9f8f2e377f2d7b7b7d5b96a75d142068f4cf09b7348b7b0bfd02
Q-2	ca10a5e7ec84e13fbcc4a23bd0de8b0232c53fe1	dense	4	1	portable-worlds	3	0	306	99291	e4d96fcd04fa9f8f2e377f2d7b7b7d5b96a75d142068f4cf09b7348b7b0bfd02
Q-2	ca10a5e7ec84e13fbcc4a23bd0de8b0232c53fe1	dense	4	1	metal-union	3	1	307	699250	e4d96fcd04fa9f8f2e377f2d7b7b7d5b96a75d142068f4cf09b7348b7b0bfd02
Q-2	ca10a5e7ec84e13fbcc4a23bd0de8b0232c53fe1	dense	4	1	metal-worlds	3	2	308	699875	e4d96fcd04fa9f8f2e377f2d7b7b7d5b96a75d142068f4cf09b7348b7b0bfd02
Q-2	ca10a5e7ec84e13fbcc4a23bd0de8b0232c53fe1	dense	4	1	scalar	3	3	309	48250	e4d96fcd04fa9f8f2e377f2d7b7b7d5b96a75d142068f4cf09b7348b7b0bfd02
Q-2	ca10a5e7ec84e13fbcc4a23bd0de8b0232c53fe1	dense	4	1	rayon	3	4	310	59208	e4d96fcd04fa9f8f2e377f2d7b7b7d5b96a75d142068f4cf09b7348b7b0bfd02
Q-2	ca10a5e7ec84e13fbcc4a23bd0de8b0232c53fe1	dense	4	1	portable-union	3	5	311	98083	e4d96fcd04fa9f8f2e377f2d7b7b7d5b96a75d142068f4cf09b7348b7b0bfd02
Q-2	ca10a5e7ec84e13fbcc4a23bd0de8b0232c53fe1	dense	4	1	metal-union	4	0	312	796083	e4d96fcd04fa9f8f2e377f2d7b7b7d5b96a75d142068f4cf09b7348b7b0bfd02
Q-2	ca10a5e7ec84e13fbcc4a23bd0de8b0232c53fe1	dense	4	1	metal-worlds	4	1	313	696125	e4d96fcd04fa9f8f2e377f2d7b7b7d5b96a75d142068f4cf09b7348b7b0bfd02
Q-2	ca10a5e7ec84e13fbcc4a23bd0de8b0232c53fe1	dense	4	1	scalar	4	2	314	47750	e4d96fcd04fa9f8f2e377f2d7b7b7d5b96a75d142068f4cf09b7348b7b0bfd02
Q-2	ca10a5e7ec84e13fbcc4a23bd0de8b0232c53fe1	dense	4	1	rayon	4	3	315	58833	e4d96fcd04fa9f8f2e377f2d7b7b7d5b96a75d142068f4cf09b7348b7b0bfd02
Q-2	ca10a5e7ec84e13fbcc4a23bd0de8b0232c53fe1	dense	4	1	portable-union	4	4	316	96958	e4d96fcd04fa9f8f2e377f2d7b7b7d5b96a75d142068f4cf09b7348b7b0bfd02
Q-2	ca10a5e7ec84e13fbcc4a23bd0de8b0232c53fe1	dense	4	1	portable-worlds	4	5	317	92375	e4d96fcd04fa9f8f2e377f2d7b7b7d5b96a75d142068f4cf09b7348b7b0bfd02
Q-2	ca10a5e7ec84e13fbcc4a23bd0de8b0232c53fe1	dense	4	1	metal-worlds	5	0	318	688709	e4d96fcd04fa9f8f2e377f2d7b7b7d5b96a75d142068f4cf09b7348b7b0bfd02
Q-2	ca10a5e7ec84e13fbcc4a23bd0de8b0232c53fe1	dense	4	1	scalar	5	1	319	47792	e4d96fcd04fa9f8f2e377f2d7b7b7d5b96a75d142068f4cf09b7348b7b0bfd02
Q-2	ca10a5e7ec84e13fbcc4a23bd0de8b0232c53fe1	dense	4	1	rayon	5	2	320	58834	e4d96fcd04fa9f8f2e377f2d7b7b7d5b96a75d142068f4cf09b7348b7b0bfd02
Q-2	ca10a5e7ec84e13fbcc4a23bd0de8b0232c53fe1	dense	4	1	portable-union	5	3	321	97500	e4d96fcd04fa9f8f2e377f2d7b7b7d5b96a75d142068f4cf09b7348b7b0bfd02
Q-2	ca10a5e7ec84e13fbcc4a23bd0de8b0232c53fe1	dense	4	1	portable-worlds	5	4	322	92292	e4d96fcd04fa9f8f2e377f2d7b7b7d5b96a75d142068f4cf09b7348b7b0bfd02
Q-2	ca10a5e7ec84e13fbcc4a23bd0de8b0232c53fe1	dense	4	1	metal-union	5	5	323	691750	e4d96fcd04fa9f8f2e377f2d7b7b7d5b96a75d142068f4cf09b7348b7b0bfd02
Q-2	ca10a5e7ec84e13fbcc4a23bd0de8b0232c53fe1	dense	4	1	scalar	6	0	324	47875	e4d96fcd04fa9f8f2e377f2d7b7b7d5b96a75d142068f4cf09b7348b7b0bfd02
Q-2	ca10a5e7ec84e13fbcc4a23bd0de8b0232c53fe1	dense	4	1	rayon	6	1	325	60542	e4d96fcd04fa9f8f2e377f2d7b7b7d5b96a75d142068f4cf09b7348b7b0bfd02
Q-2	ca10a5e7ec84e13fbcc4a23bd0de8b0232c53fe1	dense	4	1	portable-union	6	2	326	97916	e4d96fcd04fa9f8f2e377f2d7b7b7d5b96a75d142068f4cf09b7348b7b0bfd02
Q-2	ca10a5e7ec84e13fbcc4a23bd0de8b0232c53fe1	dense	4	1	portable-worlds	6	3	327	92250	e4d96fcd04fa9f8f2e377f2d7b7b7d5b96a75d142068f4cf09b7348b7b0bfd02
Q-2	ca10a5e7ec84e13fbcc4a23bd0de8b0232c53fe1	dense	4	1	metal-union	6	4	328	701000	e4d96fcd04fa9f8f2e377f2d7b7b7d5b96a75d142068f4cf09b7348b7b0bfd02
Q-2	ca10a5e7ec84e13fbcc4a23bd0de8b0232c53fe1	dense	4	1	metal-worlds	6	5	329	697416	e4d96fcd04fa9f8f2e377f2d7b7b7d5b96a75d142068f4cf09b7348b7b0bfd02
Q-2	ca10a5e7ec84e13fbcc4a23bd0de8b0232c53fe1	dense	4	1	rayon	7	0	330	60209	e4d96fcd04fa9f8f2e377f2d7b7b7d5b96a75d142068f4cf09b7348b7b0bfd02
Q-2	ca10a5e7ec84e13fbcc4a23bd0de8b0232c53fe1	dense	4	1	portable-union	7	1	331	96208	e4d96fcd04fa9f8f2e377f2d7b7b7d5b96a75d142068f4cf09b7348b7b0bfd02
Q-2	ca10a5e7ec84e13fbcc4a23bd0de8b0232c53fe1	dense	4	1	portable-worlds	7	2	332	92542	e4d96fcd04fa9f8f2e377f2d7b7b7d5b96a75d142068f4cf09b7348b7b0bfd02
Q-2	ca10a5e7ec84e13fbcc4a23bd0de8b0232c53fe1	dense	4	1	metal-union	7	3	333	702750	e4d96fcd04fa9f8f2e377f2d7b7b7d5b96a75d142068f4cf09b7348b7b0bfd02
Q-2	ca10a5e7ec84e13fbcc4a23bd0de8b0232c53fe1	dense	4	1	metal-worlds	7	4	334	695833	e4d96fcd04fa9f8f2e377f2d7b7b7d5b96a75d142068f4cf09b7348b7b0bfd02
Q-2	ca10a5e7ec84e13fbcc4a23bd0de8b0232c53fe1	dense	4	1	scalar	7	5	335	47708	e4d96fcd04fa9f8f2e377f2d7b7b7d5b96a75d142068f4cf09b7348b7b0bfd02
Q-2	ca10a5e7ec84e13fbcc4a23bd0de8b0232c53fe1	dense	4	1	portable-union	8	0	336	91875	e4d96fcd04fa9f8f2e377f2d7b7b7d5b96a75d142068f4cf09b7348b7b0bfd02
Q-2	ca10a5e7ec84e13fbcc4a23bd0de8b0232c53fe1	dense	4	1	portable-worlds	8	1	337	93000	e4d96fcd04fa9f8f2e377f2d7b7b7d5b96a75d142068f4cf09b7348b7b0bfd02
Q-2	ca10a5e7ec84e13fbcc4a23bd0de8b0232c53fe1	dense	4	1	metal-union	8	2	338	720000	e4d96fcd04fa9f8f2e377f2d7b7b7d5b96a75d142068f4cf09b7348b7b0bfd02
Q-2	ca10a5e7ec84e13fbcc4a23bd0de8b0232c53fe1	dense	4	1	metal-worlds	8	3	339	701834	e4d96fcd04fa9f8f2e377f2d7b7b7d5b96a75d142068f4cf09b7348b7b0bfd02
Q-2	ca10a5e7ec84e13fbcc4a23bd0de8b0232c53fe1	dense	4	1	scalar	8	4	340	48709	e4d96fcd04fa9f8f2e377f2d7b7b7d5b96a75d142068f4cf09b7348b7b0bfd02
Q-2	ca10a5e7ec84e13fbcc4a23bd0de8b0232c53fe1	dense	4	1	rayon	8	5	341	58500	e4d96fcd04fa9f8f2e377f2d7b7b7d5b96a75d142068f4cf09b7348b7b0bfd02
Q-2	ca10a5e7ec84e13fbcc4a23bd0de8b0232c53fe1	dense	4	1	portable-worlds	9	0	342	96917	e4d96fcd04fa9f8f2e377f2d7b7b7d5b96a75d142068f4cf09b7348b7b0bfd02
Q-2	ca10a5e7ec84e13fbcc4a23bd0de8b0232c53fe1	dense	4	1	metal-union	9	1	343	691584	e4d96fcd04fa9f8f2e377f2d7b7b7d5b96a75d142068f4cf09b7348b7b0bfd02
Q-2	ca10a5e7ec84e13fbcc4a23bd0de8b0232c53fe1	dense	4	1	metal-worlds	9	2	344	712709	e4d96fcd04fa9f8f2e377f2d7b7b7d5b96a75d142068f4cf09b7348b7b0bfd02
Q-2	ca10a5e7ec84e13fbcc4a23bd0de8b0232c53fe1	dense	4	1	scalar	9	3	345	48083	e4d96fcd04fa9f8f2e377f2d7b7b7d5b96a75d142068f4cf09b7348b7b0bfd02
Q-2	ca10a5e7ec84e13fbcc4a23bd0de8b0232c53fe1	dense	4	1	rayon	9	4	346	61625	e4d96fcd04fa9f8f2e377f2d7b7b7d5b96a75d142068f4cf09b7348b7b0bfd02
Q-2	ca10a5e7ec84e13fbcc4a23bd0de8b0232c53fe1	dense	4	1	portable-union	9	5	347	96375	e4d96fcd04fa9f8f2e377f2d7b7b7d5b96a75d142068f4cf09b7348b7b0bfd02
Q-2	ca10a5e7ec84e13fbcc4a23bd0de8b0232c53fe1	dense	4	1	metal-union	10	0	348	701625	e4d96fcd04fa9f8f2e377f2d7b7b7d5b96a75d142068f4cf09b7348b7b0bfd02
Q-2	ca10a5e7ec84e13fbcc4a23bd0de8b0232c53fe1	dense	4	1	metal-worlds	10	1	349	719500	e4d96fcd04fa9f8f2e377f2d7b7b7d5b96a75d142068f4cf09b7348b7b0bfd02
Q-2	ca10a5e7ec84e13fbcc4a23bd0de8b0232c53fe1	dense	4	1	scalar	10	2	350	50708	e4d96fcd04fa9f8f2e377f2d7b7b7d5b96a75d142068f4cf09b7348b7b0bfd02
Q-2	ca10a5e7ec84e13fbcc4a23bd0de8b0232c53fe1	dense	4	1	rayon	10	3	351	60500	e4d96fcd04fa9f8f2e377f2d7b7b7d5b96a75d142068f4cf09b7348b7b0bfd02
Q-2	ca10a5e7ec84e13fbcc4a23bd0de8b0232c53fe1	dense	4	1	portable-union	10	4	352	100084	e4d96fcd04fa9f8f2e377f2d7b7b7d5b96a75d142068f4cf09b7348b7b0bfd02
Q-2	ca10a5e7ec84e13fbcc4a23bd0de8b0232c53fe1	dense	4	1	portable-worlds	10	5	353	93375	e4d96fcd04fa9f8f2e377f2d7b7b7d5b96a75d142068f4cf09b7348b7b0bfd02
Q-2	ca10a5e7ec84e13fbcc4a23bd0de8b0232c53fe1	dense	4	1	metal-worlds	11	0	354	701333	e4d96fcd04fa9f8f2e377f2d7b7b7d5b96a75d142068f4cf09b7348b7b0bfd02
Q-2	ca10a5e7ec84e13fbcc4a23bd0de8b0232c53fe1	dense	4	1	scalar	11	1	355	48667	e4d96fcd04fa9f8f2e377f2d7b7b7d5b96a75d142068f4cf09b7348b7b0bfd02
Q-2	ca10a5e7ec84e13fbcc4a23bd0de8b0232c53fe1	dense	4	1	rayon	11	2	356	58459	e4d96fcd04fa9f8f2e377f2d7b7b7d5b96a75d142068f4cf09b7348b7b0bfd02
Q-2	ca10a5e7ec84e13fbcc4a23bd0de8b0232c53fe1	dense	4	1	portable-union	11	3	357	97458	e4d96fcd04fa9f8f2e377f2d7b7b7d5b96a75d142068f4cf09b7348b7b0bfd02
Q-2	ca10a5e7ec84e13fbcc4a23bd0de8b0232c53fe1	dense	4	1	portable-worlds	11	4	358	92958	e4d96fcd04fa9f8f2e377f2d7b7b7d5b96a75d142068f4cf09b7348b7b0bfd02
Q-2	ca10a5e7ec84e13fbcc4a23bd0de8b0232c53fe1	dense	4	1	metal-union	11	5	359	698125	e4d96fcd04fa9f8f2e377f2d7b7b7d5b96a75d142068f4cf09b7348b7b0bfd02
Q-2	ca10a5e7ec84e13fbcc4a23bd0de8b0232c53fe1	dense	4	32	scalar	0	0	360	1447417	e4d96fcd04fa9f8f2e377f2d7b7b7d5b96a75d142068f4cf09b7348b7b0bfd02
Q-2	ca10a5e7ec84e13fbcc4a23bd0de8b0232c53fe1	dense	4	32	rayon	0	1	361	519500	e4d96fcd04fa9f8f2e377f2d7b7b7d5b96a75d142068f4cf09b7348b7b0bfd02
Q-2	ca10a5e7ec84e13fbcc4a23bd0de8b0232c53fe1	dense	4	32	portable-union	0	2	362	225625	e4d96fcd04fa9f8f2e377f2d7b7b7d5b96a75d142068f4cf09b7348b7b0bfd02
Q-2	ca10a5e7ec84e13fbcc4a23bd0de8b0232c53fe1	dense	4	32	portable-worlds	0	3	363	230542	e4d96fcd04fa9f8f2e377f2d7b7b7d5b96a75d142068f4cf09b7348b7b0bfd02
Q-2	ca10a5e7ec84e13fbcc4a23bd0de8b0232c53fe1	dense	4	32	metal-union	0	4	364	1061250	e4d96fcd04fa9f8f2e377f2d7b7b7d5b96a75d142068f4cf09b7348b7b0bfd02
Q-2	ca10a5e7ec84e13fbcc4a23bd0de8b0232c53fe1	dense	4	32	metal-worlds	0	5	365	920292	e4d96fcd04fa9f8f2e377f2d7b7b7d5b96a75d142068f4cf09b7348b7b0bfd02
Q-2	ca10a5e7ec84e13fbcc4a23bd0de8b0232c53fe1	dense	4	32	rayon	1	0	366	489000	e4d96fcd04fa9f8f2e377f2d7b7b7d5b96a75d142068f4cf09b7348b7b0bfd02
Q-2	ca10a5e7ec84e13fbcc4a23bd0de8b0232c53fe1	dense	4	32	portable-union	1	1	367	226917	e4d96fcd04fa9f8f2e377f2d7b7b7d5b96a75d142068f4cf09b7348b7b0bfd02
Q-2	ca10a5e7ec84e13fbcc4a23bd0de8b0232c53fe1	dense	4	32	portable-worlds	1	2	368	228833	e4d96fcd04fa9f8f2e377f2d7b7b7d5b96a75d142068f4cf09b7348b7b0bfd02
Q-2	ca10a5e7ec84e13fbcc4a23bd0de8b0232c53fe1	dense	4	32	metal-union	1	3	369	826750	e4d96fcd04fa9f8f2e377f2d7b7b7d5b96a75d142068f4cf09b7348b7b0bfd02
Q-2	ca10a5e7ec84e13fbcc4a23bd0de8b0232c53fe1	dense	4	32	metal-worlds	1	4	370	829875	e4d96fcd04fa9f8f2e377f2d7b7b7d5b96a75d142068f4cf09b7348b7b0bfd02
Q-2	ca10a5e7ec84e13fbcc4a23bd0de8b0232c53fe1	dense	4	32	scalar	1	5	371	1480541	e4d96fcd04fa9f8f2e377f2d7b7b7d5b96a75d142068f4cf09b7348b7b0bfd02
Q-2	ca10a5e7ec84e13fbcc4a23bd0de8b0232c53fe1	dense	4	32	portable-union	2	0	372	233875	e4d96fcd04fa9f8f2e377f2d7b7b7d5b96a75d142068f4cf09b7348b7b0bfd02
Q-2	ca10a5e7ec84e13fbcc4a23bd0de8b0232c53fe1	dense	4	32	portable-worlds	2	1	373	247666	e4d96fcd04fa9f8f2e377f2d7b7b7d5b96a75d142068f4cf09b7348b7b0bfd02
Q-2	ca10a5e7ec84e13fbcc4a23bd0de8b0232c53fe1	dense	4	32	metal-union	2	2	374	1085459	e4d96fcd04fa9f8f2e377f2d7b7b7d5b96a75d142068f4cf09b7348b7b0bfd02
Q-2	ca10a5e7ec84e13fbcc4a23bd0de8b0232c53fe1	dense	4	32	metal-worlds	2	3	375	835792	e4d96fcd04fa9f8f2e377f2d7b7b7d5b96a75d142068f4cf09b7348b7b0bfd02
Q-2	ca10a5e7ec84e13fbcc4a23bd0de8b0232c53fe1	dense	4	32	scalar	2	4	376	1435250	e4d96fcd04fa9f8f2e377f2d7b7b7d5b96a75d142068f4cf09b7348b7b0bfd02
Q-2	ca10a5e7ec84e13fbcc4a23bd0de8b0232c53fe1	dense	4	32	rayon	2	5	377	496083	e4d96fcd04fa9f8f2e377f2d7b7b7d5b96a75d142068f4cf09b7348b7b0bfd02
Q-2	ca10a5e7ec84e13fbcc4a23bd0de8b0232c53fe1	dense	4	32	portable-worlds	3	0	378	227500	e4d96fcd04fa9f8f2e377f2d7b7b7d5b96a75d142068f4cf09b7348b7b0bfd02
Q-2	ca10a5e7ec84e13fbcc4a23bd0de8b0232c53fe1	dense	4	32	metal-union	3	1	379	1063334	e4d96fcd04fa9f8f2e377f2d7b7b7d5b96a75d142068f4cf09b7348b7b0bfd02
Q-2	ca10a5e7ec84e13fbcc4a23bd0de8b0232c53fe1	dense	4	32	metal-worlds	3	2	380	826667	e4d96fcd04fa9f8f2e377f2d7b7b7d5b96a75d142068f4cf09b7348b7b0bfd02
Q-2	ca10a5e7ec84e13fbcc4a23bd0de8b0232c53fe1	dense	4	32	scalar	3	3	381	1473875	e4d96fcd04fa9f8f2e377f2d7b7b7d5b96a75d142068f4cf09b7348b7b0bfd02
Q-2	ca10a5e7ec84e13fbcc4a23bd0de8b0232c53fe1	dense	4	32	rayon	3	4	382	496000	e4d96fcd04fa9f8f2e377f2d7b7b7d5b96a75d142068f4cf09b7348b7b0bfd02
Q-2	ca10a5e7ec84e13fbcc4a23bd0de8b0232c53fe1	dense	4	32	portable-union	3	5	383	224042	e4d96fcd04fa9f8f2e377f2d7b7b7d5b96a75d142068f4cf09b7348b7b0bfd02
Q-2	ca10a5e7ec84e13fbcc4a23bd0de8b0232c53fe1	dense	4	32	metal-union	4	0	384	1072333	e4d96fcd04fa9f8f2e377f2d7b7b7d5b96a75d142068f4cf09b7348b7b0bfd02
Q-2	ca10a5e7ec84e13fbcc4a23bd0de8b0232c53fe1	dense	4	32	metal-worlds	4	1	385	827292	e4d96fcd04fa9f8f2e377f2d7b7b7d5b96a75d142068f4cf09b7348b7b0bfd02
Q-2	ca10a5e7ec84e13fbcc4a23bd0de8b0232c53fe1	dense	4	32	scalar	4	2	386	1450500	e4d96fcd04fa9f8f2e377f2d7b7b7d5b96a75d142068f4cf09b7348b7b0bfd02
Q-2	ca10a5e7ec84e13fbcc4a23bd0de8b0232c53fe1	dense	4	32	rayon	4	3	387	480833	e4d96fcd04fa9f8f2e377f2d7b7b7d5b96a75d142068f4cf09b7348b7b0bfd02
Q-2	ca10a5e7ec84e13fbcc4a23bd0de8b0232c53fe1	dense	4	32	portable-union	4	4	388	226042	e4d96fcd04fa9f8f2e377f2d7b7b7d5b96a75d142068f4cf09b7348b7b0bfd02
Q-2	ca10a5e7ec84e13fbcc4a23bd0de8b0232c53fe1	dense	4	32	portable-worlds	4	5	389	227833	e4d96fcd04fa9f8f2e377f2d7b7b7d5b96a75d142068f4cf09b7348b7b0bfd02
Q-2	ca10a5e7ec84e13fbcc4a23bd0de8b0232c53fe1	dense	4	32	metal-worlds	5	0	390	1094667	e4d96fcd04fa9f8f2e377f2d7b7b7d5b96a75d142068f4cf09b7348b7b0bfd02
Q-2	ca10a5e7ec84e13fbcc4a23bd0de8b0232c53fe1	dense	4	32	scalar	5	1	391	1466042	e4d96fcd04fa9f8f2e377f2d7b7b7d5b96a75d142068f4cf09b7348b7b0bfd02
Q-2	ca10a5e7ec84e13fbcc4a23bd0de8b0232c53fe1	dense	4	32	rayon	5	2	392	481875	e4d96fcd04fa9f8f2e377f2d7b7b7d5b96a75d142068f4cf09b7348b7b0bfd02
Q-2	ca10a5e7ec84e13fbcc4a23bd0de8b0232c53fe1	dense	4	32	portable-union	5	3	393	227375	e4d96fcd04fa9f8f2e377f2d7b7b7d5b96a75d142068f4cf09b7348b7b0bfd02
Q-2	ca10a5e7ec84e13fbcc4a23bd0de8b0232c53fe1	dense	4	32	portable-worlds	5	4	394	230000	e4d96fcd04fa9f8f2e377f2d7b7b7d5b96a75d142068f4cf09b7348b7b0bfd02
Q-2	ca10a5e7ec84e13fbcc4a23bd0de8b0232c53fe1	dense	4	32	metal-union	5	5	395	1073791	e4d96fcd04fa9f8f2e377f2d7b7b7d5b96a75d142068f4cf09b7348b7b0bfd02
Q-2	ca10a5e7ec84e13fbcc4a23bd0de8b0232c53fe1	dense	4	32	scalar	6	0	396	1486459	e4d96fcd04fa9f8f2e377f2d7b7b7d5b96a75d142068f4cf09b7348b7b0bfd02
Q-2	ca10a5e7ec84e13fbcc4a23bd0de8b0232c53fe1	dense	4	32	rayon	6	1	397	484583	e4d96fcd04fa9f8f2e377f2d7b7b7d5b96a75d142068f4cf09b7348b7b0bfd02
Q-2	ca10a5e7ec84e13fbcc4a23bd0de8b0232c53fe1	dense	4	32	portable-union	6	2	398	223916	e4d96fcd04fa9f8f2e377f2d7b7b7d5b96a75d142068f4cf09b7348b7b0bfd02
Q-2	ca10a5e7ec84e13fbcc4a23bd0de8b0232c53fe1	dense	4	32	portable-worlds	6	3	399	226833	e4d96fcd04fa9f8f2e377f2d7b7b7d5b96a75d142068f4cf09b7348b7b0bfd02
Q-2	ca10a5e7ec84e13fbcc4a23bd0de8b0232c53fe1	dense	4	32	metal-union	6	4	400	1124875	e4d96fcd04fa9f8f2e377f2d7b7b7d5b96a75d142068f4cf09b7348b7b0bfd02
Q-2	ca10a5e7ec84e13fbcc4a23bd0de8b0232c53fe1	dense	4	32	metal-worlds	6	5	401	841917	e4d96fcd04fa9f8f2e377f2d7b7b7d5b96a75d142068f4cf09b7348b7b0bfd02
Q-2	ca10a5e7ec84e13fbcc4a23bd0de8b0232c53fe1	dense	4	32	rayon	7	0	402	480833	e4d96fcd04fa9f8f2e377f2d7b7b7d5b96a75d142068f4cf09b7348b7b0bfd02
Q-2	ca10a5e7ec84e13fbcc4a23bd0de8b0232c53fe1	dense	4	32	portable-union	7	1	403	223084	e4d96fcd04fa9f8f2e377f2d7b7b7d5b96a75d142068f4cf09b7348b7b0bfd02
Q-2	ca10a5e7ec84e13fbcc4a23bd0de8b0232c53fe1	dense	4	32	portable-worlds	7	2	404	230042	e4d96fcd04fa9f8f2e377f2d7b7b7d5b96a75d142068f4cf09b7348b7b0bfd02
Q-2	ca10a5e7ec84e13fbcc4a23bd0de8b0232c53fe1	dense	4	32	metal-union	7	3	405	823917	e4d96fcd04fa9f8f2e377f2d7b7b7d5b96a75d142068f4cf09b7348b7b0bfd02
Q-2	ca10a5e7ec84e13fbcc4a23bd0de8b0232c53fe1	dense	4	32	metal-worlds	7	4	406	839833	e4d96fcd04fa9f8f2e377f2d7b7b7d5b96a75d142068f4cf09b7348b7b0bfd02
Q-2	ca10a5e7ec84e13fbcc4a23bd0de8b0232c53fe1	dense	4	32	scalar	7	5	407	1489959	e4d96fcd04fa9f8f2e377f2d7b7b7d5b96a75d142068f4cf09b7348b7b0bfd02
Q-2	ca10a5e7ec84e13fbcc4a23bd0de8b0232c53fe1	dense	4	32	portable-union	8	0	408	223250	e4d96fcd04fa9f8f2e377f2d7b7b7d5b96a75d142068f4cf09b7348b7b0bfd02
Q-2	ca10a5e7ec84e13fbcc4a23bd0de8b0232c53fe1	dense	4	32	portable-worlds	8	1	409	227584	e4d96fcd04fa9f8f2e377f2d7b7b7d5b96a75d142068f4cf09b7348b7b0bfd02
Q-2	ca10a5e7ec84e13fbcc4a23bd0de8b0232c53fe1	dense	4	32	metal-union	8	2	410	1082334	e4d96fcd04fa9f8f2e377f2d7b7b7d5b96a75d142068f4cf09b7348b7b0bfd02
Q-2	ca10a5e7ec84e13fbcc4a23bd0de8b0232c53fe1	dense	4	32	metal-worlds	8	3	411	830583	e4d96fcd04fa9f8f2e377f2d7b7b7d5b96a75d142068f4cf09b7348b7b0bfd02
Q-2	ca10a5e7ec84e13fbcc4a23bd0de8b0232c53fe1	dense	4	32	scalar	8	4	412	1476875	e4d96fcd04fa9f8f2e377f2d7b7b7d5b96a75d142068f4cf09b7348b7b0bfd02
Q-2	ca10a5e7ec84e13fbcc4a23bd0de8b0232c53fe1	dense	4	32	rayon	8	5	413	480042	e4d96fcd04fa9f8f2e377f2d7b7b7d5b96a75d142068f4cf09b7348b7b0bfd02
Q-2	ca10a5e7ec84e13fbcc4a23bd0de8b0232c53fe1	dense	4	32	portable-worlds	9	0	414	230667	e4d96fcd04fa9f8f2e377f2d7b7b7d5b96a75d142068f4cf09b7348b7b0bfd02
Q-2	ca10a5e7ec84e13fbcc4a23bd0de8b0232c53fe1	dense	4	32	metal-union	9	1	415	1075667	e4d96fcd04fa9f8f2e377f2d7b7b7d5b96a75d142068f4cf09b7348b7b0bfd02
Q-2	ca10a5e7ec84e13fbcc4a23bd0de8b0232c53fe1	dense	4	32	metal-worlds	9	2	416	831709	e4d96fcd04fa9f8f2e377f2d7b7b7d5b96a75d142068f4cf09b7348b7b0bfd02
Q-2	ca10a5e7ec84e13fbcc4a23bd0de8b0232c53fe1	dense	4	32	scalar	9	3	417	1481958	e4d96fcd04fa9f8f2e377f2d7b7b7d5b96a75d142068f4cf09b7348b7b0bfd02
Q-2	ca10a5e7ec84e13fbcc4a23bd0de8b0232c53fe1	dense	4	32	rayon	9	4	418	478167	e4d96fcd04fa9f8f2e377f2d7b7b7d5b96a75d142068f4cf09b7348b7b0bfd02
Q-2	ca10a5e7ec84e13fbcc4a23bd0de8b0232c53fe1	dense	4	32	portable-union	9	5	419	230875	e4d96fcd04fa9f8f2e377f2d7b7b7d5b96a75d142068f4cf09b7348b7b0bfd02
Q-2	ca10a5e7ec84e13fbcc4a23bd0de8b0232c53fe1	dense	4	32	metal-union	10	0	420	1173542	e4d96fcd04fa9f8f2e377f2d7b7b7d5b96a75d142068f4cf09b7348b7b0bfd02
Q-2	ca10a5e7ec84e13fbcc4a23bd0de8b0232c53fe1	dense	4	32	metal-worlds	10	1	421	820625	e4d96fcd04fa9f8f2e377f2d7b7b7d5b96a75d142068f4cf09b7348b7b0bfd02
Q-2	ca10a5e7ec84e13fbcc4a23bd0de8b0232c53fe1	dense	4	32	scalar	10	2	422	1462791	e4d96fcd04fa9f8f2e377f2d7b7b7d5b96a75d142068f4cf09b7348b7b0bfd02
Q-2	ca10a5e7ec84e13fbcc4a23bd0de8b0232c53fe1	dense	4	32	rayon	10	3	423	486750	e4d96fcd04fa9f8f2e377f2d7b7b7d5b96a75d142068f4cf09b7348b7b0bfd02
Q-2	ca10a5e7ec84e13fbcc4a23bd0de8b0232c53fe1	dense	4	32	portable-union	10	4	424	225041	e4d96fcd04fa9f8f2e377f2d7b7b7d5b96a75d142068f4cf09b7348b7b0bfd02
Q-2	ca10a5e7ec84e13fbcc4a23bd0de8b0232c53fe1	dense	4	32	portable-worlds	10	5	425	226667	e4d96fcd04fa9f8f2e377f2d7b7b7d5b96a75d142068f4cf09b7348b7b0bfd02
Q-2	ca10a5e7ec84e13fbcc4a23bd0de8b0232c53fe1	dense	4	32	metal-worlds	11	0	426	1094250	e4d96fcd04fa9f8f2e377f2d7b7b7d5b96a75d142068f4cf09b7348b7b0bfd02
Q-2	ca10a5e7ec84e13fbcc4a23bd0de8b0232c53fe1	dense	4	32	scalar	11	1	427	1464666	e4d96fcd04fa9f8f2e377f2d7b7b7d5b96a75d142068f4cf09b7348b7b0bfd02
Q-2	ca10a5e7ec84e13fbcc4a23bd0de8b0232c53fe1	dense	4	32	rayon	11	2	428	478500	e4d96fcd04fa9f8f2e377f2d7b7b7d5b96a75d142068f4cf09b7348b7b0bfd02
Q-2	ca10a5e7ec84e13fbcc4a23bd0de8b0232c53fe1	dense	4	32	portable-union	11	3	429	225750	e4d96fcd04fa9f8f2e377f2d7b7b7d5b96a75d142068f4cf09b7348b7b0bfd02
Q-2	ca10a5e7ec84e13fbcc4a23bd0de8b0232c53fe1	dense	4	32	portable-worlds	11	4	430	228917	e4d96fcd04fa9f8f2e377f2d7b7b7d5b96a75d142068f4cf09b7348b7b0bfd02
Q-2	ca10a5e7ec84e13fbcc4a23bd0de8b0232c53fe1	dense	4	32	metal-union	11	5	431	1176750	e4d96fcd04fa9f8f2e377f2d7b7b7d5b96a75d142068f4cf09b7348b7b0bfd02
Q-2	ca10a5e7ec84e13fbcc4a23bd0de8b0232c53fe1	dense	8	1	scalar	0	0	432	417708	e4d96fcd04fa9f8f2e377f2d7b7b7d5b96a75d142068f4cf09b7348b7b0bfd02
Q-2	ca10a5e7ec84e13fbcc4a23bd0de8b0232c53fe1	dense	8	1	rayon	0	1	433	410667	e4d96fcd04fa9f8f2e377f2d7b7b7d5b96a75d142068f4cf09b7348b7b0bfd02
Q-2	ca10a5e7ec84e13fbcc4a23bd0de8b0232c53fe1	dense	8	1	portable-union	0	2	434	726542	e4d96fcd04fa9f8f2e377f2d7b7b7d5b96a75d142068f4cf09b7348b7b0bfd02
Q-2	ca10a5e7ec84e13fbcc4a23bd0de8b0232c53fe1	dense	8	1	portable-worlds	0	3	435	775500	e4d96fcd04fa9f8f2e377f2d7b7b7d5b96a75d142068f4cf09b7348b7b0bfd02
Q-2	ca10a5e7ec84e13fbcc4a23bd0de8b0232c53fe1	dense	8	1	metal-union	0	4	436	2456500	e4d96fcd04fa9f8f2e377f2d7b7b7d5b96a75d142068f4cf09b7348b7b0bfd02
Q-2	ca10a5e7ec84e13fbcc4a23bd0de8b0232c53fe1	dense	8	1	metal-worlds	0	5	437	2125500	e4d96fcd04fa9f8f2e377f2d7b7b7d5b96a75d142068f4cf09b7348b7b0bfd02
Q-2	ca10a5e7ec84e13fbcc4a23bd0de8b0232c53fe1	dense	8	1	rayon	1	0	438	413125	e4d96fcd04fa9f8f2e377f2d7b7b7d5b96a75d142068f4cf09b7348b7b0bfd02
Q-2	ca10a5e7ec84e13fbcc4a23bd0de8b0232c53fe1	dense	8	1	portable-union	1	1	439	735750	e4d96fcd04fa9f8f2e377f2d7b7b7d5b96a75d142068f4cf09b7348b7b0bfd02
Q-2	ca10a5e7ec84e13fbcc4a23bd0de8b0232c53fe1	dense	8	1	portable-worlds	1	2	440	767042	e4d96fcd04fa9f8f2e377f2d7b7b7d5b96a75d142068f4cf09b7348b7b0bfd02
Q-2	ca10a5e7ec84e13fbcc4a23bd0de8b0232c53fe1	dense	8	1	metal-union	1	3	441	2374542	e4d96fcd04fa9f8f2e377f2d7b7b7d5b96a75d142068f4cf09b7348b7b0bfd02
Q-2	ca10a5e7ec84e13fbcc4a23bd0de8b0232c53fe1	dense	8	1	metal-worlds	1	4	442	2129792	e4d96fcd04fa9f8f2e377f2d7b7b7d5b96a75d142068f4cf09b7348b7b0bfd02
Q-2	ca10a5e7ec84e13fbcc4a23bd0de8b0232c53fe1	dense	8	1	scalar	1	5	443	396625	e4d96fcd04fa9f8f2e377f2d7b7b7d5b96a75d142068f4cf09b7348b7b0bfd02
Q-2	ca10a5e7ec84e13fbcc4a23bd0de8b0232c53fe1	dense	8	1	portable-union	2	0	444	740042	e4d96fcd04fa9f8f2e377f2d7b7b7d5b96a75d142068f4cf09b7348b7b0bfd02
Q-2	ca10a5e7ec84e13fbcc4a23bd0de8b0232c53fe1	dense	8	1	portable-worlds	2	1	445	760791	e4d96fcd04fa9f8f2e377f2d7b7b7d5b96a75d142068f4cf09b7348b7b0bfd02
Q-2	ca10a5e7ec84e13fbcc4a23bd0de8b0232c53fe1	dense	8	1	metal-union	2	2	446	2385416	e4d96fcd04fa9f8f2e377f2d7b7b7d5b96a75d142068f4cf09b7348b7b0bfd02
Q-2	ca10a5e7ec84e13fbcc4a23bd0de8b0232c53fe1	dense	8	1	metal-worlds	2	3	447	2119375	e4d96fcd04fa9f8f2e377f2d7b7b7d5b96a75d142068f4cf09b7348b7b0bfd02
Q-2	ca10a5e7ec84e13fbcc4a23bd0de8b0232c53fe1	dense	8	1	scalar	2	4	448	397875	e4d96fcd04fa9f8f2e377f2d7b7b7d5b96a75d142068f4cf09b7348b7b0bfd02
Q-2	ca10a5e7ec84e13fbcc4a23bd0de8b0232c53fe1	dense	8	1	rayon	2	5	449	411917	e4d96fcd04fa9f8f2e377f2d7b7b7d5b96a75d142068f4cf09b7348b7b0bfd02
Q-2	ca10a5e7ec84e13fbcc4a23bd0de8b0232c53fe1	dense	8	1	portable-worlds	3	0	450	732625	e4d96fcd04fa9f8f2e377f2d7b7b7d5b96a75d142068f4cf09b7348b7b0bfd02
Q-2	ca10a5e7ec84e13fbcc4a23bd0de8b0232c53fe1	dense	8	1	metal-union	3	1	451	2380416	e4d96fcd04fa9f8f2e377f2d7b7b7d5b96a75d142068f4cf09b7348b7b0bfd02
Q-2	ca10a5e7ec84e13fbcc4a23bd0de8b0232c53fe1	dense	8	1	metal-worlds	3	2	452	2137375	e4d96fcd04fa9f8f2e377f2d7b7b7d5b96a75d142068f4cf09b7348b7b0bfd02
Q-2	ca10a5e7ec84e13fbcc4a23bd0de8b0232c53fe1	dense	8	1	scalar	3	3	453	403250	e4d96fcd04fa9f8f2e377f2d7b7b7d5b96a75d142068f4cf09b7348b7b0bfd02
Q-2	ca10a5e7ec84e13fbcc4a23bd0de8b0232c53fe1	dense	8	1	rayon	3	4	454	432875	e4d96fcd04fa9f8f2e377f2d7b7b7d5b96a75d142068f4cf09b7348b7b0bfd02
Q-2	ca10a5e7ec84e13fbcc4a23bd0de8b0232c53fe1	dense	8	1	portable-union	3	5	455	760709	e4d96fcd04fa9f8f2e377f2d7b7b7d5b96a75d142068f4cf09b7348b7b0bfd02
Q-2	ca10a5e7ec84e13fbcc4a23bd0de8b0232c53fe1	dense	8	1	metal-union	4	0	456	2418167	e4d96fcd04fa9f8f2e377f2d7b7b7d5b96a75d142068f4cf09b7348b7b0bfd02
Q-2	ca10a5e7ec84e13fbcc4a23bd0de8b0232c53fe1	dense	8	1	metal-worlds	4	1	457	2145125	e4d96fcd04fa9f8f2e377f2d7b7b7d5b96a75d142068f4cf09b7348b7b0bfd02
Q-2	ca10a5e7ec84e13fbcc4a23bd0de8b0232c53fe1	dense	8	1	scalar	4	2	458	403667	e4d96fcd04fa9f8f2e377f2d7b7b7d5b96a75d142068f4cf09b7348b7b0bfd02
Q-2	ca10a5e7ec84e13fbcc4a23bd0de8b0232c53fe1	dense	8	1	rayon	4	3	459	431208	e4d96fcd04fa9f8f2e377f2d7b7b7d5b96a75d142068f4cf09b7348b7b0bfd02
Q-2	ca10a5e7ec84e13fbcc4a23bd0de8b0232c53fe1	dense	8	1	portable-union	4	4	460	749042	e4d96fcd04fa9f8f2e377f2d7b7b7d5b96a75d142068f4cf09b7348b7b0bfd02
Q-2	ca10a5e7ec84e13fbcc4a23bd0de8b0232c53fe1	dense	8	1	portable-worlds	4	5	461	782250	e4d96fcd04fa9f8f2e377f2d7b7b7d5b96a75d142068f4cf09b7348b7b0bfd02
Q-2	ca10a5e7ec84e13fbcc4a23bd0de8b0232c53fe1	dense	8	1	metal-worlds	5	0	462	2393541	e4d96fcd04fa9f8f2e377f2d7b7b7d5b96a75d142068f4cf09b7348b7b0bfd02
Q-2	ca10a5e7ec84e13fbcc4a23bd0de8b0232c53fe1	dense	8	1	scalar	5	1	463	396667	e4d96fcd04fa9f8f2e377f2d7b7b7d5b96a75d142068f4cf09b7348b7b0bfd02
Q-2	ca10a5e7ec84e13fbcc4a23bd0de8b0232c53fe1	dense	8	1	rayon	5	2	464	410500	e4d96fcd04fa9f8f2e377f2d7b7b7d5b96a75d142068f4cf09b7348b7b0bfd02
Q-2	ca10a5e7ec84e13fbcc4a23bd0de8b0232c53fe1	dense	8	1	portable-union	5	3	465	731541	e4d96fcd04fa9f8f2e377f2d7b7b7d5b96a75d142068f4cf09b7348b7b0bfd02
Q-2	ca10a5e7ec84e13fbcc4a23bd0de8b0232c53fe1	dense	8	1	portable-worlds	5	4	466	775583	e4d96fcd04fa9f8f2e377f2d7b7b7d5b96a75d142068f4cf09b7348b7b0bfd02
Q-2	ca10a5e7ec84e13fbcc4a23bd0de8b0232c53fe1	dense	8	1	metal-union	5	5	467	2402958	e4d96fcd04fa9f8f2e377f2d7b7b7d5b96a75d142068f4cf09b7348b7b0bfd02
Q-2	ca10a5e7ec84e13fbcc4a23bd0de8b0232c53fe1	dense	8	1	scalar	6	0	468	402250	e4d96fcd04fa9f8f2e377f2d7b7b7d5b96a75d142068f4cf09b7348b7b0bfd02
Q-2	ca10a5e7ec84e13fbcc4a23bd0de8b0232c53fe1	dense	8	1	rayon	6	1	469	415292	e4d96fcd04fa9f8f2e377f2d7b7b7d5b96a75d142068f4cf09b7348b7b0bfd02
Q-2	ca10a5e7ec84e13fbcc4a23bd0de8b0232c53fe1	dense	8	1	portable-union	6	2	470	740541	e4d96fcd04fa9f8f2e377f2d7b7b7d5b96a75d142068f4cf09b7348b7b0bfd02
Q-2	ca10a5e7ec84e13fbcc4a23bd0de8b0232c53fe1	dense	8	1	portable-worlds	6	3	471	769333	e4d96fcd04fa9f8f2e377f2d7b7b7d5b96a75d142068f4cf09b7348b7b0bfd02
Q-2	ca10a5e7ec84e13fbcc4a23bd0de8b0232c53fe1	dense	8	1	metal-union	6	4	472	2419291	e4d96fcd04fa9f8f2e377f2d7b7b7d5b96a75d142068f4cf09b7348b7b0bfd02
Q-2	ca10a5e7ec84e13fbcc4a23bd0de8b0232c53fe1	dense	8	1	metal-worlds	6	5	473	2127125	e4d96fcd04fa9f8f2e377f2d7b7b7d5b96a75d142068f4cf09b7348b7b0bfd02
Q-2	ca10a5e7ec84e13fbcc4a23bd0de8b0232c53fe1	dense	8	1	rayon	7	0	474	411792	e4d96fcd04fa9f8f2e377f2d7b7b7d5b96a75d142068f4cf09b7348b7b0bfd02
Q-2	ca10a5e7ec84e13fbcc4a23bd0de8b0232c53fe1	dense	8	1	portable-union	7	1	475	737916	e4d96fcd04fa9f8f2e377f2d7b7b7d5b96a75d142068f4cf09b7348b7b0bfd02
Q-2	ca10a5e7ec84e13fbcc4a23bd0de8b0232c53fe1	dense	8	1	portable-worlds	7	2	476	748583	e4d96fcd04fa9f8f2e377f2d7b7b7d5b96a75d142068f4cf09b7348b7b0bfd02
Q-2	ca10a5e7ec84e13fbcc4a23bd0de8b0232c53fe1	dense	8	1	metal-union	7	3	477	2454292	e4d96fcd04fa9f8f2e377f2d7b7b7d5b96a75d142068f4cf09b7348b7b0bfd02
Q-2	ca10a5e7ec84e13fbcc4a23bd0de8b0232c53fe1	dense	8	1	metal-worlds	7	4	478	2115250	e4d96fcd04fa9f8f2e377f2d7b7b7d5b96a75d142068f4cf09b7348b7b0bfd02
Q-2	ca10a5e7ec84e13fbcc4a23bd0de8b0232c53fe1	dense	8	1	scalar	7	5	479	399209	e4d96fcd04fa9f8f2e377f2d7b7b7d5b96a75d142068f4cf09b7348b7b0bfd02
Q-2	ca10a5e7ec84e13fbcc4a23bd0de8b0232c53fe1	dense	8	1	portable-union	8	0	480	751958	e4d96fcd04fa9f8f2e377f2d7b7b7d5b96a75d142068f4cf09b7348b7b0bfd02
Q-2	ca10a5e7ec84e13fbcc4a23bd0de8b0232c53fe1	dense	8	1	portable-worlds	8	1	481	757708	e4d96fcd04fa9f8f2e377f2d7b7b7d5b96a75d142068f4cf09b7348b7b0bfd02
Q-2	ca10a5e7ec84e13fbcc4a23bd0de8b0232c53fe1	dense	8	1	metal-union	8	2	482	2375708	e4d96fcd04fa9f8f2e377f2d7b7b7d5b96a75d142068f4cf09b7348b7b0bfd02
Q-2	ca10a5e7ec84e13fbcc4a23bd0de8b0232c53fe1	dense	8	1	metal-worlds	8	3	483	2237000	e4d96fcd04fa9f8f2e377f2d7b7b7d5b96a75d142068f4cf09b7348b7b0bfd02
Q-2	ca10a5e7ec84e13fbcc4a23bd0de8b0232c53fe1	dense	8	1	scalar	8	4	484	398792	e4d96fcd04fa9f8f2e377f2d7b7b7d5b96a75d142068f4cf09b7348b7b0bfd02
Q-2	ca10a5e7ec84e13fbcc4a23bd0de8b0232c53fe1	dense	8	1	rayon	8	5	485	416708	e4d96fcd04fa9f8f2e377f2d7b7b7d5b96a75d142068f4cf09b7348b7b0bfd02
Q-2	ca10a5e7ec84e13fbcc4a23bd0de8b0232c53fe1	dense	8	1	portable-worlds	9	0	486	754833	e4d96fcd04fa9f8f2e377f2d7b7b7d5b96a75d142068f4cf09b7348b7b0bfd02
Q-2	ca10a5e7ec84e13fbcc4a23bd0de8b0232c53fe1	dense	8	1	metal-union	9	1	487	2365250	e4d96fcd04fa9f8f2e377f2d7b7b7d5b96a75d142068f4cf09b7348b7b0bfd02
Q-2	ca10a5e7ec84e13fbcc4a23bd0de8b0232c53fe1	dense	8	1	metal-worlds	9	2	488	2138875	e4d96fcd04fa9f8f2e377f2d7b7b7d5b96a75d142068f4cf09b7348b7b0bfd02
Q-2	ca10a5e7ec84e13fbcc4a23bd0de8b0232c53fe1	dense	8	1	scalar	9	3	489	403208	e4d96fcd04fa9f8f2e377f2d7b7b7d5b96a75d142068f4cf09b7348b7b0bfd02
Q-2	ca10a5e7ec84e13fbcc4a23bd0de8b0232c53fe1	dense	8	1	rayon	9	4	490	413167	e4d96fcd04fa9f8f2e377f2d7b7b7d5b96a75d142068f4cf09b7348b7b0bfd02
Q-2	ca10a5e7ec84e13fbcc4a23bd0de8b0232c53fe1	dense	8	1	portable-union	9	5	491	730375	e4d96fcd04fa9f8f2e377f2d7b7b7d5b96a75d142068f4cf09b7348b7b0bfd02
Q-2	ca10a5e7ec84e13fbcc4a23bd0de8b0232c53fe1	dense	8	1	metal-union	10	0	492	2359000	e4d96fcd04fa9f8f2e377f2d7b7b7d5b96a75d142068f4cf09b7348b7b0bfd02
Q-2	ca10a5e7ec84e13fbcc4a23bd0de8b0232c53fe1	dense	8	1	metal-worlds	10	1	493	2128958	e4d96fcd04fa9f8f2e377f2d7b7b7d5b96a75d142068f4cf09b7348b7b0bfd02
Q-2	ca10a5e7ec84e13fbcc4a23bd0de8b0232c53fe1	dense	8	1	scalar	10	2	494	417375	e4d96fcd04fa9f8f2e377f2d7b7b7d5b96a75d142068f4cf09b7348b7b0bfd02
Q-2	ca10a5e7ec84e13fbcc4a23bd0de8b0232c53fe1	dense	8	1	rayon	10	3	495	414083	e4d96fcd04fa9f8f2e377f2d7b7b7d5b96a75d142068f4cf09b7348b7b0bfd02
Q-2	ca10a5e7ec84e13fbcc4a23bd0de8b0232c53fe1	dense	8	1	portable-union	10	4	496	771500	e4d96fcd04fa9f8f2e377f2d7b7b7d5b96a75d142068f4cf09b7348b7b0bfd02
Q-2	ca10a5e7ec84e13fbcc4a23bd0de8b0232c53fe1	dense	8	1	portable-worlds	10	5	497	778334	e4d96fcd04fa9f8f2e377f2d7b7b7d5b96a75d142068f4cf09b7348b7b0bfd02
Q-2	ca10a5e7ec84e13fbcc4a23bd0de8b0232c53fe1	dense	8	1	metal-worlds	11	0	498	2490375	e4d96fcd04fa9f8f2e377f2d7b7b7d5b96a75d142068f4cf09b7348b7b0bfd02
Q-2	ca10a5e7ec84e13fbcc4a23bd0de8b0232c53fe1	dense	8	1	scalar	11	1	499	397833	e4d96fcd04fa9f8f2e377f2d7b7b7d5b96a75d142068f4cf09b7348b7b0bfd02
Q-2	ca10a5e7ec84e13fbcc4a23bd0de8b0232c53fe1	dense	8	1	rayon	11	2	500	423709	e4d96fcd04fa9f8f2e377f2d7b7b7d5b96a75d142068f4cf09b7348b7b0bfd02
Q-2	ca10a5e7ec84e13fbcc4a23bd0de8b0232c53fe1	dense	8	1	portable-union	11	3	501	732125	e4d96fcd04fa9f8f2e377f2d7b7b7d5b96a75d142068f4cf09b7348b7b0bfd02
Q-2	ca10a5e7ec84e13fbcc4a23bd0de8b0232c53fe1	dense	8	1	portable-worlds	11	4	502	772542	e4d96fcd04fa9f8f2e377f2d7b7b7d5b96a75d142068f4cf09b7348b7b0bfd02
Q-2	ca10a5e7ec84e13fbcc4a23bd0de8b0232c53fe1	dense	8	1	metal-union	11	5	503	2373209	e4d96fcd04fa9f8f2e377f2d7b7b7d5b96a75d142068f4cf09b7348b7b0bfd02
Q-2	ca10a5e7ec84e13fbcc4a23bd0de8b0232c53fe1	dense	8	32	scalar	0	0	504	13624167	e4d96fcd04fa9f8f2e377f2d7b7b7d5b96a75d142068f4cf09b7348b7b0bfd02
Q-2	ca10a5e7ec84e13fbcc4a23bd0de8b0232c53fe1	dense	8	32	rayon	0	1	505	3809792	e4d96fcd04fa9f8f2e377f2d7b7b7d5b96a75d142068f4cf09b7348b7b0bfd02
Q-2	ca10a5e7ec84e13fbcc4a23bd0de8b0232c53fe1	dense	8	32	portable-union	0	2	506	2011792	e4d96fcd04fa9f8f2e377f2d7b7b7d5b96a75d142068f4cf09b7348b7b0bfd02
Q-2	ca10a5e7ec84e13fbcc4a23bd0de8b0232c53fe1	dense	8	32	portable-worlds	0	3	507	2047458	e4d96fcd04fa9f8f2e377f2d7b7b7d5b96a75d142068f4cf09b7348b7b0bfd02
Q-2	ca10a5e7ec84e13fbcc4a23bd0de8b0232c53fe1	dense	8	32	metal-union	0	4	508	5012375	e4d96fcd04fa9f8f2e377f2d7b7b7d5b96a75d142068f4cf09b7348b7b0bfd02
Q-2	ca10a5e7ec84e13fbcc4a23bd0de8b0232c53fe1	dense	8	32	metal-worlds	0	5	509	4880583	e4d96fcd04fa9f8f2e377f2d7b7b7d5b96a75d142068f4cf09b7348b7b0bfd02
Q-2	ca10a5e7ec84e13fbcc4a23bd0de8b0232c53fe1	dense	8	32	rayon	1	0	510	3799959	e4d96fcd04fa9f8f2e377f2d7b7b7d5b96a75d142068f4cf09b7348b7b0bfd02
Q-2	ca10a5e7ec84e13fbcc4a23bd0de8b0232c53fe1	dense	8	32	portable-union	1	1	511	1899458	e4d96fcd04fa9f8f2e377f2d7b7b7d5b96a75d142068f4cf09b7348b7b0bfd02
Q-2	ca10a5e7ec84e13fbcc4a23bd0de8b0232c53fe1	dense	8	32	portable-worlds	1	2	512	1983958	e4d96fcd04fa9f8f2e377f2d7b7b7d5b96a75d142068f4cf09b7348b7b0bfd02
Q-2	ca10a5e7ec84e13fbcc4a23bd0de8b0232c53fe1	dense	8	32	metal-union	1	3	513	3517417	e4d96fcd04fa9f8f2e377f2d7b7b7d5b96a75d142068f4cf09b7348b7b0bfd02
Q-2	ca10a5e7ec84e13fbcc4a23bd0de8b0232c53fe1	dense	8	32	metal-worlds	1	4	514	3463625	e4d96fcd04fa9f8f2e377f2d7b7b7d5b96a75d142068f4cf09b7348b7b0bfd02
Q-2	ca10a5e7ec84e13fbcc4a23bd0de8b0232c53fe1	dense	8	32	scalar	1	5	515	13624917	e4d96fcd04fa9f8f2e377f2d7b7b7d5b96a75d142068f4cf09b7348b7b0bfd02
Q-2	ca10a5e7ec84e13fbcc4a23bd0de8b0232c53fe1	dense	8	32	portable-union	2	0	516	2004041	e4d96fcd04fa9f8f2e377f2d7b7b7d5b96a75d142068f4cf09b7348b7b0bfd02
Q-2	ca10a5e7ec84e13fbcc4a23bd0de8b0232c53fe1	dense	8	32	portable-worlds	2	1	517	2049500	e4d96fcd04fa9f8f2e377f2d7b7b7d5b96a75d142068f4cf09b7348b7b0bfd02
Q-2	ca10a5e7ec84e13fbcc4a23bd0de8b0232c53fe1	dense	8	32	metal-union	2	2	518	4002084	e4d96fcd04fa9f8f2e377f2d7b7b7d5b96a75d142068f4cf09b7348b7b0bfd02
Q-2	ca10a5e7ec84e13fbcc4a23bd0de8b0232c53fe1	dense	8	32	metal-worlds	2	3	519	3167917	e4d96fcd04fa9f8f2e377f2d7b7b7d5b96a75d142068f4cf09b7348b7b0bfd02
Q-2	ca10a5e7ec84e13fbcc4a23bd0de8b0232c53fe1	dense	8	32	scalar	2	4	520	13622000	e4d96fcd04fa9f8f2e377f2d7b7b7d5b96a75d142068f4cf09b7348b7b0bfd02
Q-2	ca10a5e7ec84e13fbcc4a23bd0de8b0232c53fe1	dense	8	32	rayon	2	5	521	3780541	e4d96fcd04fa9f8f2e377f2d7b7b7d5b96a75d142068f4cf09b7348b7b0bfd02
Q-2	ca10a5e7ec84e13fbcc4a23bd0de8b0232c53fe1	dense	8	32	portable-worlds	3	0	522	1926209	e4d96fcd04fa9f8f2e377f2d7b7b7d5b96a75d142068f4cf09b7348b7b0bfd02
Q-2	ca10a5e7ec84e13fbcc4a23bd0de8b0232c53fe1	dense	8	32	metal-union	3	1	523	3515292	e4d96fcd04fa9f8f2e377f2d7b7b7d5b96a75d142068f4cf09b7348b7b0bfd02
Q-2	ca10a5e7ec84e13fbcc4a23bd0de8b0232c53fe1	dense	8	32	metal-worlds	3	2	524	4636542	e4d96fcd04fa9f8f2e377f2d7b7b7d5b96a75d142068f4cf09b7348b7b0bfd02
Q-2	ca10a5e7ec84e13fbcc4a23bd0de8b0232c53fe1	dense	8	32	scalar	3	3	525	13884583	e4d96fcd04fa9f8f2e377f2d7b7b7d5b96a75d142068f4cf09b7348b7b0bfd02
Q-2	ca10a5e7ec84e13fbcc4a23bd0de8b0232c53fe1	dense	8	32	rayon	3	4	526	3810667	e4d96fcd04fa9f8f2e377f2d7b7b7d5b96a75d142068f4cf09b7348b7b0bfd02
Q-2	ca10a5e7ec84e13fbcc4a23bd0de8b0232c53fe1	dense	8	32	portable-union	3	5	527	1885125	e4d96fcd04fa9f8f2e377f2d7b7b7d5b96a75d142068f4cf09b7348b7b0bfd02
Q-2	ca10a5e7ec84e13fbcc4a23bd0de8b0232c53fe1	dense	8	32	metal-union	4	0	528	3824834	e4d96fcd04fa9f8f2e377f2d7b7b7d5b96a75d142068f4cf09b7348b7b0bfd02
Q-2	ca10a5e7ec84e13fbcc4a23bd0de8b0232c53fe1	dense	8	32	metal-worlds	4	1	529	3707125	e4d96fcd04fa9f8f2e377f2d7b7b7d5b96a75d142068f4cf09b7348b7b0bfd02
Q-2	ca10a5e7ec84e13fbcc4a23bd0de8b0232c53fe1	dense	8	32	scalar	4	2	530	13915375	e4d96fcd04fa9f8f2e377f2d7b7b7d5b96a75d142068f4cf09b7348b7b0bfd02
Q-2	ca10a5e7ec84e13fbcc4a23bd0de8b0232c53fe1	dense	8	32	rayon	4	3	531	3789250	e4d96fcd04fa9f8f2e377f2d7b7b7d5b96a75d142068f4cf09b7348b7b0bfd02
Q-2	ca10a5e7ec84e13fbcc4a23bd0de8b0232c53fe1	dense	8	32	portable-union	4	4	532	2019958	e4d96fcd04fa9f8f2e377f2d7b7b7d5b96a75d142068f4cf09b7348b7b0bfd02
Q-2	ca10a5e7ec84e13fbcc4a23bd0de8b0232c53fe1	dense	8	32	portable-worlds	4	5	533	2055958	e4d96fcd04fa9f8f2e377f2d7b7b7d5b96a75d142068f4cf09b7348b7b0bfd02
Q-2	ca10a5e7ec84e13fbcc4a23bd0de8b0232c53fe1	dense	8	32	metal-worlds	5	0	534	3984459	e4d96fcd04fa9f8f2e377f2d7b7b7d5b96a75d142068f4cf09b7348b7b0bfd02
Q-2	ca10a5e7ec84e13fbcc4a23bd0de8b0232c53fe1	dense	8	32	scalar	5	1	535	13926208	e4d96fcd04fa9f8f2e377f2d7b7b7d5b96a75d142068f4cf09b7348b7b0bfd02
Q-2	ca10a5e7ec84e13fbcc4a23bd0de8b0232c53fe1	dense	8	32	rayon	5	2	536	3779334	e4d96fcd04fa9f8f2e377f2d7b7b7d5b96a75d142068f4cf09b7348b7b0bfd02
Q-2	ca10a5e7ec84e13fbcc4a23bd0de8b0232c53fe1	dense	8	32	portable-union	5	3	537	2017084	e4d96fcd04fa9f8f2e377f2d7b7b7d5b96a75d142068f4cf09b7348b7b0bfd02
Q-2	ca10a5e7ec84e13fbcc4a23bd0de8b0232c53fe1	dense	8	32	portable-worlds	5	4	538	2038125	e4d96fcd04fa9f8f2e377f2d7b7b7d5b96a75d142068f4cf09b7348b7b0bfd02
Q-2	ca10a5e7ec84e13fbcc4a23bd0de8b0232c53fe1	dense	8	32	metal-union	5	5	539	4954000	e4d96fcd04fa9f8f2e377f2d7b7b7d5b96a75d142068f4cf09b7348b7b0bfd02
Q-2	ca10a5e7ec84e13fbcc4a23bd0de8b0232c53fe1	dense	8	32	scalar	6	0	540	13435833	e4d96fcd04fa9f8f2e377f2d7b7b7d5b96a75d142068f4cf09b7348b7b0bfd02
Q-2	ca10a5e7ec84e13fbcc4a23bd0de8b0232c53fe1	dense	8	32	rayon	6	1	541	3771750	e4d96fcd04fa9f8f2e377f2d7b7b7d5b96a75d142068f4cf09b7348b7b0bfd02
Q-2	ca10a5e7ec84e13fbcc4a23bd0de8b0232c53fe1	dense	8	32	portable-union	6	2	542	1876584	e4d96fcd04fa9f8f2e377f2d7b7b7d5b96a75d142068f4cf09b7348b7b0bfd02
Q-2	ca10a5e7ec84e13fbcc4a23bd0de8b0232c53fe1	dense	8	32	portable-worlds	6	3	543	1996167	e4d96fcd04fa9f8f2e377f2d7b7b7d5b96a75d142068f4cf09b7348b7b0bfd02
Q-2	ca10a5e7ec84e13fbcc4a23bd0de8b0232c53fe1	dense	8	32	metal-union	6	4	544	4927291	e4d96fcd04fa9f8f2e377f2d7b7b7d5b96a75d142068f4cf09b7348b7b0bfd02
Q-2	ca10a5e7ec84e13fbcc4a23bd0de8b0232c53fe1	dense	8	32	metal-worlds	6	5	545	3721666	e4d96fcd04fa9f8f2e377f2d7b7b7d5b96a75d142068f4cf09b7348b7b0bfd02
Q-2	ca10a5e7ec84e13fbcc4a23bd0de8b0232c53fe1	dense	8	32	rayon	7	0	546	3776458	e4d96fcd04fa9f8f2e377f2d7b7b7d5b96a75d142068f4cf09b7348b7b0bfd02
Q-2	ca10a5e7ec84e13fbcc4a23bd0de8b0232c53fe1	dense	8	32	portable-union	7	1	547	1875292	e4d96fcd04fa9f8f2e377f2d7b7b7d5b96a75d142068f4cf09b7348b7b0bfd02
Q-2	ca10a5e7ec84e13fbcc4a23bd0de8b0232c53fe1	dense	8	32	portable-worlds	7	2	548	2005167	e4d96fcd04fa9f8f2e377f2d7b7b7d5b96a75d142068f4cf09b7348b7b0bfd02
Q-2	ca10a5e7ec84e13fbcc4a23bd0de8b0232c53fe1	dense	8	32	metal-union	7	3	549	4217500	e4d96fcd04fa9f8f2e377f2d7b7b7d5b96a75d142068f4cf09b7348b7b0bfd02
Q-2	ca10a5e7ec84e13fbcc4a23bd0de8b0232c53fe1	dense	8	32	metal-worlds	7	4	550	3192125	e4d96fcd04fa9f8f2e377f2d7b7b7d5b96a75d142068f4cf09b7348b7b0bfd02
Q-2	ca10a5e7ec84e13fbcc4a23bd0de8b0232c53fe1	dense	8	32	scalar	7	5	551	13542542	e4d96fcd04fa9f8f2e377f2d7b7b7d5b96a75d142068f4cf09b7348b7b0bfd02
Q-2	ca10a5e7ec84e13fbcc4a23bd0de8b0232c53fe1	dense	8	32	portable-union	8	0	552	2018875	e4d96fcd04fa9f8f2e377f2d7b7b7d5b96a75d142068f4cf09b7348b7b0bfd02
Q-2	ca10a5e7ec84e13fbcc4a23bd0de8b0232c53fe1	dense	8	32	portable-worlds	8	1	553	2055167	e4d96fcd04fa9f8f2e377f2d7b7b7d5b96a75d142068f4cf09b7348b7b0bfd02
Q-2	ca10a5e7ec84e13fbcc4a23bd0de8b0232c53fe1	dense	8	32	metal-union	8	2	554	3632459	e4d96fcd04fa9f8f2e377f2d7b7b7d5b96a75d142068f4cf09b7348b7b0bfd02
Q-2	ca10a5e7ec84e13fbcc4a23bd0de8b0232c53fe1	dense	8	32	metal-worlds	8	3	555	3189500	e4d96fcd04fa9f8f2e377f2d7b7b7d5b96a75d142068f4cf09b7348b7b0bfd02
Q-2	ca10a5e7ec84e13fbcc4a23bd0de8b0232c53fe1	dense	8	32	scalar	8	4	556	13626541	e4d96fcd04fa9f8f2e377f2d7b7b7d5b96a75d142068f4cf09b7348b7b0bfd02
Q-2	ca10a5e7ec84e13fbcc4a23bd0de8b0232c53fe1	dense	8	32	rayon	8	5	557	3797791	e4d96fcd04fa9f8f2e377f2d7b7b7d5b96a75d142068f4cf09b7348b7b0bfd02
Q-2	ca10a5e7ec84e13fbcc4a23bd0de8b0232c53fe1	dense	8	32	portable-worlds	9	0	558	2016333	e4d96fcd04fa9f8f2e377f2d7b7b7d5b96a75d142068f4cf09b7348b7b0bfd02
Q-2	ca10a5e7ec84e13fbcc4a23bd0de8b0232c53fe1	dense	8	32	metal-union	9	1	559	3506000	e4d96fcd04fa9f8f2e377f2d7b7b7d5b96a75d142068f4cf09b7348b7b0bfd02
Q-2	ca10a5e7ec84e13fbcc4a23bd0de8b0232c53fe1	dense	8	32	metal-worlds	9	2	560	3915875	e4d96fcd04fa9f8f2e377f2d7b7b7d5b96a75d142068f4cf09b7348b7b0bfd02
Q-2	ca10a5e7ec84e13fbcc4a23bd0de8b0232c53fe1	dense	8	32	scalar	9	3	561	13204959	e4d96fcd04fa9f8f2e377f2d7b7b7d5b96a75d142068f4cf09b7348b7b0bfd02
Q-2	ca10a5e7ec84e13fbcc4a23bd0de8b0232c53fe1	dense	8	32	rayon	9	4	562	3767917	e4d96fcd04fa9f8f2e377f2d7b7b7d5b96a75d142068f4cf09b7348b7b0bfd02
Q-2	ca10a5e7ec84e13fbcc4a23bd0de8b0232c53fe1	dense	8	32	portable-union	9	5	563	1953500	e4d96fcd04fa9f8f2e377f2d7b7b7d5b96a75d142068f4cf09b7348b7b0bfd02
Q-2	ca10a5e7ec84e13fbcc4a23bd0de8b0232c53fe1	dense	8	32	metal-union	10	0	564	4765083	e4d96fcd04fa9f8f2e377f2d7b7b7d5b96a75d142068f4cf09b7348b7b0bfd02
Q-2	ca10a5e7ec84e13fbcc4a23bd0de8b0232c53fe1	dense	8	32	metal-worlds	10	1	565	3251750	e4d96fcd04fa9f8f2e377f2d7b7b7d5b96a75d142068f4cf09b7348b7b0bfd02
Q-2	ca10a5e7ec84e13fbcc4a23bd0de8b0232c53fe1	dense	8	32	scalar	10	2	566	13701458	e4d96fcd04fa9f8f2e377f2d7b7b7d5b96a75d142068f4cf09b7348b7b0bfd02
Q-2	ca10a5e7ec84e13fbcc4a23bd0de8b0232c53fe1	dense	8	32	rayon	10	3	567	3787416	e4d96fcd04fa9f8f2e377f2d7b7b7d5b96a75d142068f4cf09b7348b7b0bfd02
Q-2	ca10a5e7ec84e13fbcc4a23bd0de8b0232c53fe1	dense	8	32	portable-union	10	4	568	1978375	e4d96fcd04fa9f8f2e377f2d7b7b7d5b96a75d142068f4cf09b7348b7b0bfd02
Q-2	ca10a5e7ec84e13fbcc4a23bd0de8b0232c53fe1	dense	8	32	portable-worlds	10	5	569	2011000	e4d96fcd04fa9f8f2e377f2d7b7b7d5b96a75d142068f4cf09b7348b7b0bfd02
Q-2	ca10a5e7ec84e13fbcc4a23bd0de8b0232c53fe1	dense	8	32	metal-worlds	11	0	570	3563792	e4d96fcd04fa9f8f2e377f2d7b7b7d5b96a75d142068f4cf09b7348b7b0bfd02
Q-2	ca10a5e7ec84e13fbcc4a23bd0de8b0232c53fe1	dense	8	32	scalar	11	1	571	13383042	e4d96fcd04fa9f8f2e377f2d7b7b7d5b96a75d142068f4cf09b7348b7b0bfd02
Q-2	ca10a5e7ec84e13fbcc4a23bd0de8b0232c53fe1	dense	8	32	rayon	11	2	572	3794625	e4d96fcd04fa9f8f2e377f2d7b7b7d5b96a75d142068f4cf09b7348b7b0bfd02
Q-2	ca10a5e7ec84e13fbcc4a23bd0de8b0232c53fe1	dense	8	32	portable-union	11	3	573	1957875	e4d96fcd04fa9f8f2e377f2d7b7b7d5b96a75d142068f4cf09b7348b7b0bfd02
Q-2	ca10a5e7ec84e13fbcc4a23bd0de8b0232c53fe1	dense	8	32	portable-worlds	11	4	574	2048209	e4d96fcd04fa9f8f2e377f2d7b7b7d5b96a75d142068f4cf09b7348b7b0bfd02
Q-2	ca10a5e7ec84e13fbcc4a23bd0de8b0232c53fe1	dense	8	32	metal-union	11	5	575	4708708	e4d96fcd04fa9f8f2e377f2d7b7b7d5b96a75d142068f4cf09b7348b7b0bfd02
